search_id,session_id,searched_at_utc,origin,destination,travel_date,pax,device,results_returned
S1004872,SES01014,2026-05-01T00:23:45Z,ISB,KHI,2026-05-02,2,mobile_web,37
S1007986,SES02182,2026-05-01T00:32:52Z,ISB,PEW,2026-07-01,1,android,7
S1000001,SES03236,2026-05-01T00:34:12Z,KHI,MUX,2026-07-29,2,android,41
S1003416,SES00640,2026-05-01T00:53:10Z,SHJ,KHI,2026-06-17,1,android,28
S1001679,SES02801,2026-05-01T01:04:07Z,DXB,KHI,2026-06-27,4,mobile_web,29
S1005042,SES02558,2026-05-01T01:04:50Z,KHI,LHE,2026-05-22,1,android,8
S1006832,SES00902,2026-05-01T01:25:53Z,ISB,KHI,2026-06-10,2,android,45
S1002870,SES01175,2026-05-01T02:07:29Z,ISB,KHI,2026-07-09,1,android,13
S1007045,SES03131,2026-05-01T02:31:28Z,DXB,ISB,2026-08-10,4,android,13
S1007398,SES03021,2026-05-01T02:33:45Z,KHI,ISB,2026-08-20,1,android,33
S1005899,SES02048,2026-05-01T02:35:33Z,KHI,LHE,2026-05-04,1,ios,24
S1003887,SES00445,2026-05-01T02:38:20Z,KHI,DXB,2026-07-16,3,mobile_web,36
S1005606,SES03047,2026-05-01T02:44:34Z,KHI,ISB,2026-08-15,2,bot,41
S1006325,SES00925,2026-05-01T02:45:05Z,KHI,LHE,2026-08-26,3,android,18
S1000817,SES00402,2026-05-01T02:46:40Z,KHI,LHE,2026-07-22,1,ios,40
S1004997,SES01792,2026-05-01T02:48:17Z,SHJ,KHI,2026-07-07,1,desktop,43
S1004571,SES01527,2026-05-01T03:08:07Z,LHE,SHJ,2026-07-18,1,android,20
S1001419,SES00694,2026-05-01T03:13:10Z,ISB,LHE,2026-08-05,1,mobile_web,0
S1005632,SES02708,2026-05-01T03:31:45Z,KHI,DXB,2026-07-31,1,desktop,3
S1006752,SES01338,2026-05-01T03:37:19Z,ISB,KHI,2026-07-02,3,android,36
S1002994,SES02513,2026-05-01T03:42:11Z,LHE,DXB,2026-07-12,1,bot,45
S1003674,SES03328,2026-05-01T03:42:23Z,KHI,ISB,2026-05-03,1,ios,4
S1007345,SES00999,2026-05-01T03:47:17Z,SHJ,LHE,2026-05-14,3,desktop,2
S1001809,SES00463,2026-05-01T04:05:22Z,LHE,KHI,2026-07-15,2,android,39
S1002827,SES02726,2026-05-01T04:06:23Z,ISB,SHJ,2026-08-04,2,mobile_web,35
S1001821,SES02427,2026-05-01T04:35:12Z,LHE,KHI,2026-05-13,2,ios,30
S1001475,SES01439,2026-05-01T05:06:04Z,LHE,ISB,2026-05-16,1,mobile_web,40
S1007744,SES02416,2026-05-01T05:36:57Z,ISB,SHJ,2026-06-25,3,desktop,42
S1002822,SES00155,2026-05-01T05:50:26Z,LHE,ISB,2026-05-24,1,desktop,15
S1007822,SES03160,2026-05-01T05:55:21Z,ISB,LHE,2026-07-10,1,bot,7
S1000931,SES02398,2026-05-01T06:00:22Z,ISB,SHJ,2026-06-29,2,ios,28
S1006101,SES02218,2026-05-01T06:04:50Z,KHI,LHE,2026-05-27,1,android,48
S1000688,SES00489,2026-05-01T06:04:59Z,PEW,DXB,2026-07-13,1,mobile_web,23
S1003255,SES00036,2026-05-01T06:05:09Z,KHI,DXB,2026-07-02,2,ios,1
S1007134,SES01064,2026-05-01T06:07:00Z,LHE,ISB,2026-06-28,1,android,3
S1002893,SES00914,2026-05-01T06:28:25Z,ISB,PEW,2026-07-13,1,mobile_web,11
S1004698,SES01727,2026-05-01T06:29:23Z,KHI,MUX,2026-07-11,1,bot,40
S1007354,SES01485,2026-05-01T06:34:00Z,ISB,SHJ,2026-05-11,1,desktop,31
S1001335,SES00142,2026-05-01T06:37:52Z,ISB,LHE,2026-05-25,1,android,10
S1003313,SES03080,2026-05-01T07:22:36Z,KHI,LHE,2026-05-06,1,android,4
S1006181,SES02783,2026-05-01T07:34:15Z,DXB,ISB,2026-05-14,1,ios,3
S1002201,SES03355,2026-05-01T07:41:40Z,KHI,SHJ,2026-06-16,1,desktop,9
S1002466,SES03380,2026-05-01T07:50:07Z,DXB,LHE,2026-08-09,2,android,34
S1007935,SES00329,2026-05-01T08:00:06Z,KHI,LHE,2026-06-28,1,bot,29
S1002277,SES01807,2026-05-01T08:24:24Z,KHI,LHE,2026-08-12,1,desktop,45
S1005850,SES00773,2026-05-01T08:34:29Z,LHE,KHI,2026-07-07,3,android,5
S1001551,SES02698,2026-05-01T08:46:42Z,KHI,SHJ,2026-05-10,1,ios,41
S1005389,SES01810,2026-05-01T08:51:39Z,KHI,DXB,2026-08-19,4,android,45
S1004772,SES01756,2026-05-01T09:07:15Z,SHJ,LHE,2026-05-02,1,android,23
S1005576,SES00137,2026-05-01T09:11:23Z,LHE,ISB,2026-06-02,2,mobile_web,5
S1002413,SES02348,2026-05-01T09:23:27Z,ISB,DXB,2026-05-21,4,ios,45
S1000711,SES00008,2026-05-01T09:45:25Z,LHE,DXB,2026-05-09,2,mobile_web,20
S1002356,SES02384,2026-05-01T09:48:25Z,ISB,KHI,2026-05-18,2,ios,39
S1001810,SES02760,2026-05-01T09:53:16Z,KHI,LHE,2026-05-20,1,android,4
S1002365,SES02121,2026-05-01T09:58:01Z,ISB,SHJ,2026-05-23,1,android,39
S1007640,SES00694,2026-05-01T10:49:03Z,ISB,PEW,2026-08-16,1,android,19
S9995433,SES02492,2026-05-01T10:51:22Z,ISB,DXB,2026-05-15,1,desktop,29
S1004104,SES00910,2026-05-01T10:53:41Z,KHI,LHE,2026-07-15,1,mobile_web,22
S1002463,SES01111,2026-05-01T11:02:35Z,KHI,JED,2026-08-12,1,android,48
S1001563,SES02914,2026-05-01T11:05:24Z,LHE,KHI,2026-05-25,2,desktop,16
S1001205,SES01017,2026-05-01T11:07:34Z,ISB,LHE,2026-07-29,1,android,46
S1000338,SES01842,2026-05-01T11:10:05Z,KHI,ISB,2026-07-24,2,desktop,16
S1004152,SES03392,2026-05-01T11:26:30Z,KHI,ISB,2026-08-27,1,mobile_web,23
S1007459,SES00084,2026-05-01T11:37:06Z,LHR,ISB,2026-06-13,1,desktop,25
S1000117,SES00966,2026-05-01T11:37:29Z,LHE,SHJ,2026-06-03,1,desktop,10
S9828208,SES00902,2026-05-01T11:45:15Z,KHI,DXB,2026-05-16,1,android,17
S1003787,SES00011,2026-05-01T11:53:17Z,ISB,SHJ,2026-06-08,1,mobile_web,14
S1002089,SES01835,2026-05-01T11:56:53Z,ISB,PEW,2026-06-12,2,ios,33
S1000592,SES01063,2026-05-01T12:07:39Z,ISB,KHI,2026-06-16,1,android,14
S1003588,SES00422,2026-05-01T12:31:31Z,KHI,LHE,2026-07-22,1,ios,36
S1001190,SES00242,2026-05-01T12:41:22Z,KHI,ISB,2026-07-13,4,ios,29
S1004784,SES02899,2026-05-01T12:59:11Z,KHI,DXB,2026-07-23,1,desktop,42
S1007791,SES00074,2026-05-01T13:00:26Z,ISB,SHJ,2026-05-13,1,desktop,33
S1002159,SES02782,2026-05-01T13:20:49Z,ISB,SHJ,2026-08-28,3,mobile_web,10
S1004789,SES00118,2026-05-01T14:01:55Z,KHI,MUX,2026-08-22,1,desktop,8
S1003962,SES02530,2026-05-01T14:08:24Z,KHI,ISB,2026-07-28,1,android,38
S1003306,SES01083,2026-05-01T14:13:47Z,ISB,KHI,2026-05-02,2,mobile_web,29
S1003697,SES03049,2026-05-01T14:17:42Z,ISB,PEW,2026-07-08,1,android,21
S1002889,SES01811,2026-05-01T14:28:16Z,LHE,SHJ,2026-08-13,3,bot,45
S1002645,SES01232,2026-05-01T14:28:23Z,ISB,KHI,2026-07-17,1,android,30
S1003487,SES02118,2026-05-01T14:42:22Z,LHE,DXB,2026-06-27,4,ios,27
S1001683,SES02733,2026-05-01T14:43:43Z,ISB,KHI,2026-07-03,4,desktop,8
S1001709,SES01813,2026-05-01T14:49:26Z,KHI,SHJ,2026-07-14,2,desktop,46
S1001158,SES00339,2026-05-01T15:12:46Z,LHE,SHJ,2026-05-09,1,desktop,3
S1003307,SES01556,2026-05-01T16:13:29Z,ISB,DXB,2026-06-26,1,ios,39
S1000294,SES03358,2026-05-01T16:15:49Z,LHE,JED,2026-06-04,1,mobile_web,11
S1001230,SES00046,2026-05-01T16:29:39Z,KHI,ISB,2026-07-08,1,ios,29
S1001824,SES02262,2026-05-01T16:31:16Z,KHI,LHE,2026-06-25,2,ios,21
S1003821,SES02776,2026-05-01T16:32:12Z,ISB,PEW,2026-06-12,3,android,25
S1007988,SES03107,2026-05-01T16:56:19Z,DXB,ISB,2026-07-08,1,mobile_web,41
S1007236,SES00760,2026-05-01T17:04:00Z,LHR,ISB,2026-06-07,1,ios,10
S1000139,SES00066,2026-05-01T17:10:59Z,ISB,KHI,2026-07-01,1,ios,36
S1004732,SES00333,2026-05-01T17:18:51Z,ISB,LHR,2026-08-05,1,android,47
S9331900,SES02214,2026-05-01T17:40:00Z,PEW,DXB,2026-08-23,2,desktop,6
S1006656,SES02161,2026-05-01T17:46:21Z,LHE,KHI,2026-05-06,1,mobile_web,16
S1002429,SES01030,2026-05-01T17:47:46Z,DXB,KHI,2026-05-17,2,android,40
S1005603,SES02830,2026-05-01T17:59:15Z,PEW,DXB,2026-05-11,1,android,25
S1004675,SES00154,2026-05-01T18:04:02Z,DXB,LHE,2026-07-19,1,mobile_web,21
S1004403,SES02168,2026-05-01T18:28:08Z,LHE,DXB,2026-05-21,1,android,36
S1007852,SES01837,2026-05-01T18:33:07Z,ISB,KHI,2026-05-28,2,ios,2
S1000948,SES02465,2026-05-01T18:42:09Z,KHI,SHJ,2026-06-04,1,ios,11
S1005591,SES02303,2026-05-01T18:44:24Z,LHE,ISB,2026-08-26,3,desktop,15
S1006128,SES01498,2026-05-01T18:44:48Z,KHI,ISB,2026-07-27,1,android,35
S1001892,SES00284,2026-05-01T19:05:01Z,KHI,SHJ,2026-08-03,1,desktop,44
S1002811,SES00628,2026-05-01T19:09:18Z,KHI,ISB,2026-07-23,1,android,35
S9663658,SES00665,2026-05-01T19:19:39Z,SHJ,KHI,2026-05-08,1,desktop,18
S1007960,SES00030,2026-05-01T19:28:51Z,KHI,LHE,2026-08-10,4,android,40
S1004646,SES03040,2026-05-01T19:30:50Z,LHE,DXB,2026-07-23,1,desktop,39
S1007653,SES02706,2026-05-01T19:31:00Z,KHI,ISB,2026-08-16,3,android,34
S1003174,SES02222,2026-05-01T19:47:45Z,KHI,UET,2026-06-19,1,android,46
S1000690,SES00785,2026-05-01T19:51:44Z,KHI,DXB,2026-05-11,1,android,33
S1003915,SES03309,2026-05-01T20:09:19Z,LHE,DXB,2026-08-07,3,ios,25
S1003634,SES00656,2026-05-01T20:11:35Z,LHE,DXB,2026-06-10,2,android,9
S1000675,SES02395,2026-05-01T20:12:58Z,LHE,DXB,2026-06-24,2,android,5
S1007882,SES01817,2026-05-01T20:22:15Z,KHI,LHE,2026-07-29,2,ios,45
S1001927,SES01862,2026-05-01T20:42:04Z,LHE,DXB,2026-07-07,3,ios,40
S1000903,SES01156,2026-05-01T20:48:52Z,ISB,SHJ,2026-06-26,2,android,37
S1006053,SES01176,2026-05-01T20:49:24Z,ISB,PEW,2026-07-04,3,desktop,39
S1002721,SES00449,2026-05-01T21:09:08Z,DXB,ISB,2026-07-02,1,ios,42
S1005051,SES01124,2026-05-01T21:12:01Z,KHI,LHE,2026-07-26,3,android,3
S1006659,SES02997,2026-05-01T21:20:19Z,ISB,DXB,2026-06-11,2,desktop,23
S1004562,SES01973,2026-05-01T21:24:24Z,KHI,LHE,2026-08-26,2,android,8
S1001986,SES02988,2026-05-01T21:29:57Z,KHI,ISB,2026-05-19,1,android,3
S1003527,SES00992,2026-05-01T21:39:44Z,PEW,DXB,2026-07-28,1,android,46
S9971360,SES01338,2026-05-01T21:46:12Z,LHR,ISB,2026-06-18,1,android,21
S1003343,SES00789,2026-05-01T21:48:06Z,PEW,DXB,2026-06-01,1,android,36
S1000314,SES03377,2026-05-01T21:52:03Z,KHI,ISB,2026-05-30,3,desktop,12
S1000382,SES02892,2026-05-01T22:00:34Z,KHI,ISB,2026-07-09,2,android,4
S1001526,SES01136,2026-05-01T22:11:12Z,KHI,DXB,2026-07-22,2,android,41
S1001851,SES02838,2026-05-01T22:11:44Z,LHE,JED,2026-08-05,1,ios,22
S1000127,SES02833,2026-05-01T22:13:27Z,PEW,SHJ,2026-05-21,1,android,20
S1006678,SES01848,2026-05-01T22:18:56Z,ISB,PEW,2026-08-12,1,ios,21
S9168889,SES01324,2026-05-01T22:23:34Z,ISB,SHJ,2026-05-13,4,desktop,7
S1000769,SES00413,2026-05-01T22:24:57Z,KHI,LHE,2026-06-16,3,android,16
S1007005,SES02727,2026-05-01T22:45:57Z,LHE,KHI,2026-07-03,1,ios,39
S1005175,SES02003,2026-05-01T22:47:47Z,KHI,ISB,2026-07-11,2,mobile_web,9
S1006242,SES01120,2026-05-01T22:50:31Z,LHE,JED,2026-08-12,1,ios,7
S1006559,SES00871,2026-05-01T23:13:57Z,KHI,PEW,2026-06-27,2,android,15
S1002208,SES01836,2026-05-01T23:35:57Z,KHI,MUX,2026-08-17,2,mobile_web,16
S1007485,SES00234,2026-05-01T23:45:47Z,LHE,KHI,2026-06-05,1,desktop,28
S1006410,SES02691,2026-05-01T23:49:19Z,ISB,PEW,2026-05-16,2,android,31
S1002280,SES02596,2026-05-01T23:49:49Z,ISB,SHJ,2026-08-16,2,mobile_web,22
S1002427,SES01953,2026-05-02T00:09:02Z,PEW,SHJ,2026-06-29,2,mobile_web,38
S1004122,SES01728,2026-05-02T00:17:25Z,ISB,DXB,2026-06-09,2,desktop,35
S1000961,SES02172,2026-05-02T00:22:25Z,ISB,KHI,2026-06-26,2,mobile_web,25
S1001196,SES00495,2026-05-02T00:29:51Z,KHI,SHJ,2026-07-27,1,android,12
S1005106,SES03107,2026-05-02T00:42:20Z,KHI,LHE,2026-05-29,3,android,46
S1006731,SES00511,2026-05-02T00:52:37Z,ISB,SHJ,2026-07-15,3,android,32
S1005242,SES01130,2026-05-02T01:03:28Z,DXB,LHE,2026-05-14,2,ios,20
S1003805,SES01235,2026-05-02T01:04:25Z,ISB,KHI,2026-06-14,3,mobile_web,19
S1005828,SES02413,2026-05-02T01:17:47Z,ISB,PEW,2026-07-13,1,desktop,17
S1003089,SES00087,2026-05-02T01:25:37Z,ISB,KHI,2026-08-08,1,desktop,45
S1001750,SES00114,2026-05-02T02:22:06Z,KHI,LHE,2026-06-06,2,mobile_web,43
S1003165,SES01450,2026-05-02T02:37:51Z,LHE,KHI,2026-05-26,2,android,38
S1005273,SES00547,2026-05-02T02:43:23Z,KHI,ISB,2026-05-05,2,mobile_web,28
S1003977,SES03147,2026-05-02T03:12:56Z,LHE,DXB,2026-07-02,2,desktop,16
S1001261,SES02398,2026-05-02T03:13:46Z,PEW,SHJ,2026-07-26,2,android,38
S1006312,SES00658,2026-05-02T03:16:25Z,LHE,ISB,2026-07-23,2,mobile_web,40
S1006012,SES02586,2026-05-02T03:19:34Z,SHJ,KHI,2026-06-12,1,android,43
S1006928,SES00695,2026-05-02T03:27:06Z,LHE,KHI,2026-07-02,2,ios,17
S1002686,SES02221,2026-05-02T03:30:10Z,SHJ,KHI,2026-08-19,2,mobile_web,26
S1001022,SES02609,2026-05-02T04:16:48Z,PEW,SHJ,2026-06-06,2,desktop,13
S1004653,SES00529,2026-05-02T04:20:54Z,LHE,DXB,2026-07-23,1,android,31
S1004222,SES00309,2026-05-02T04:38:47Z,LHE,DXB,2026-07-24,2,mobile_web,37
S1000262,SES01527,2026-05-02T05:20:55Z,KHI,DXB,2026-08-25,3,desktop,42
S1005981,SES03293,2026-05-02T05:32:57Z,LHE,SHJ,2026-07-01,1,android,11
S1000343,SES00720,2026-05-02T05:46:35Z,KHI,LHE,2026-07-06,4,ios,19
S1005215,SES01623,2026-05-02T05:51:27Z,KHI,LHE,2026-06-29,1,android,34
S1005861,SES02516,2026-05-02T05:56:45Z,ISB,PEW,2026-07-02,3,android,26
S1003855,SES03069,2026-05-02T06:13:20Z,LHE,SHJ,2026-08-22,1,android,7
S1002335,SES00276,2026-05-02T06:14:09Z,ISB,SHJ,2026-06-26,1,mobile_web,32
S1006122,SES03015,2026-05-02T06:18:08Z,KHI,DXB,2026-06-02,1,desktop,10
S1002213,SES00903,2026-05-02T06:36:37Z,LHE,DXB,2026-06-21,3,ios,14
S1000738,SES00875,2026-05-02T06:41:14Z,KHI,ISB,2026-07-02,1,android,3
S1001015,SES02070,2026-05-02T06:48:22Z,SHJ,KHI,2026-07-28,1,ios,34
S1001582,SES00064,2026-05-02T06:51:26Z,KHI,ISB,2026-08-30,2,android,31
S1005552,SES02301,2026-05-02T06:57:16Z,LHR,ISB,2026-07-21,3,android,29
S1003509,SES02153,2026-05-02T07:23:56Z,LHE,ISB,2026-07-18,1,mobile_web,8
S1007919,SES02605,2026-05-02T07:26:55Z,ISB,SHJ,2026-06-11,1,mobile_web,7
S1003838,SES03118,2026-05-02T07:42:42Z,KHI,LHE,2026-07-15,1,android,10
S1000138,SES02062,2026-05-02T07:46:52Z,LHE,SHJ,2026-07-13,1,android,3
S1000406,SES03043,2026-05-02T08:19:25Z,LHE,KHI,2026-05-29,1,android,30
S1000992,SES00344,2026-05-02T08:30:44Z,DXB,ISB,2026-07-31,1,android,2
S1006430,SES01494,2026-05-02T08:34:13Z,LHE,KHI,2026-08-25,1,mobile_web,38
S1004325,SES02649,2026-05-02T08:50:58Z,ISB,LHR,2026-05-17,2,mobile_web,15
S9749235,SES00608,2026-05-02T08:59:48Z,KHI,DXB,2026-05-08,2,android,16
S1003815,SES02426,2026-05-02T09:09:38Z,ISB,SHJ,2026-07-10,1,desktop,44
S1007951,SES02730,2026-05-02T09:11:01Z,KHI,LHE,2026-08-25,1,android,44
S1005303,SES02264,2026-05-02T09:18:01Z,KHI,MUX,2026-07-26,4,android,44
S1005383,SES02706,2026-05-02T09:31:03Z,KHI,DXB,2026-06-18,4,android,47
S1003519,SES01765,2026-05-02T09:49:18Z,ISB,SHJ,2026-07-24,1,desktop,47
S1005424,SES02261,2026-05-02T09:51:03Z,LHE,ISB,2026-05-08,1,desktop,10
S1003895,SES02690,2026-05-02T09:53:12Z,KHI,LHE,2026-06-09,1,android,32
S1004000,SES01688,2026-05-02T09:53:25Z,KHI,MUX,2026-07-08,2,mobile_web,32
S1001632,SES02703,2026-05-02T09:54:44Z,LHE,DXB,2026-08-23,1,android,22
S1006397,SES00455,2026-05-02T10:02:56Z,KHI,ISB,2026-08-06,2,ios,4
S1002701,SES00854,2026-05-02T10:12:51Z,KHI,PEW,2026-08-20,2,mobile_web,23
S1005442,SES02409,2026-05-02T10:14:21Z,KHI,ISB,2026-08-19,1,bot,44
S1003083,SES02438,2026-05-02T10:37:27Z,LHE,ISB,2026-06-04,1,bot,17
S1006967,SES02356,2026-05-02T10:50:01Z,LHE,JED,2026-06-10,2,android,33
S1002467,SES00538,2026-05-02T10:54:51Z,ISB,DXB,2026-08-07,1,bot,4
S1000457,SES00913,2026-05-02T10:56:06Z,LHE,DXB,2026-06-15,1,desktop,47
S1002730,SES02027,2026-05-02T10:57:27Z,LHE,DXB,2026-06-19,2,desktop,24
S1000806,SES00676,2026-05-02T11:10:37Z,ISB,PEW,2026-05-16,2,ios,12
S1002578,SES01533,2026-05-02T11:21:02Z,DXB,LHE,2026-06-13,1,mobile_web,14
S1001221,SES00955,2026-05-02T11:23:01Z,KHI,ISB,2026-08-06,2,android,10
S1006248,SES02019,2026-05-02T11:35:30Z,LHE,DXB,2026-07-04,1,desktop,39
S1000370,SES00775,2026-05-02T11:44:24Z,SHJ,KHI,2026-07-07,1,ios,44
S1005030,SES01583,2026-05-02T11:51:03Z,ISB,SHJ,2026-05-16,2,android,42
S1006348,SES01341,2026-05-02T11:53:58Z,KHI,DXB,2026-06-06,2,ios,39
S1003965,SES00189,2026-05-02T12:05:58Z,LHE,ISB,2026-07-15,2,desktop,35
S1006030,SES03257,2026-05-02T12:22:59Z,LHE,DXB,2026-08-13,1,desktop,13
S1007549,SES01113,2026-05-02T12:46:34Z,SHJ,LHE,2026-06-13,2,android,7
S1003464,SES01767,2026-05-02T12:48:50Z,KHI,DXB,2026-06-14,2,android,27
S1002019,SES00156,2026-05-02T12:49:19Z,LHR,ISB,2026-07-26,2,android,48
S1007573,SES01882,2026-05-02T12:53:58Z,KHI,JED,2026-06-08,1,android,30
S1001676,SES00700,2026-05-02T13:07:36Z,KHI,LHE,2026-08-10,2,mobile_web,37
S1002758,SES01129,2026-05-02T13:16:11Z,ISB,LHR,2026-05-20,1,desktop,46
S1003172,SES00675,2026-05-02T13:22:03Z,KHI,ISB,2026-08-07,4,mobile_web,23
S1005402,SES01425,2026-05-02T13:34:40Z,KHI,JED,2026-08-12,1,mobile_web,39
S1001980,SES00171,2026-05-02T13:35:32Z,KHI,ISB,2026-08-19,4,android,39
S1003246,SES03041,2026-05-02T13:37:25Z,LHE,KHI,2026-08-28,3,ios,8
S1003197,SES02383,2026-05-02T13:38:21Z,KHI,UET,2026-05-24,1,mobile_web,34
S1006202,SES00206,2026-05-02T13:54:19Z,ISB,KHI,2026-07-19,1,android,5
S9984265,SES00882,2026-05-02T13:56:04Z,SHJ,KHI,2026-06-21,4,android,21
S1003988,SES02675,2026-05-02T14:16:37Z,ISB,PEW,2026-08-25,1,ios,18
S1005140,SES01670,2026-05-02T14:43:49Z,KHI,MUX,2026-07-22,1,android,13
S1003853,SES00816,2026-05-02T15:04:54Z,KHI,MUX,2026-06-08,1,android,1
S1001523,SES00929,2026-05-02T15:07:49Z,KHI,SKT,2026-08-22,1,bot,18
S1001560,SES02733,2026-05-02T15:07:56Z,KHI,JED,2026-05-20,2,android,28
S1006008,SES03306,2026-05-02T15:08:19Z,KHI,LHE,2026-07-18,1,android,17
S1003437,SES02804,2026-05-02T15:12:46Z,KHI,DXB,2026-06-05,1,desktop,11
S1004693,SES02059,2026-05-02T15:14:20Z,PEW,SHJ,2026-08-01,1,desktop,48
S1004576,SES03391,2026-05-02T15:16:13Z,LHE,DXB,2026-05-21,2,mobile_web,30
S1001769,SES02168,2026-05-02T15:21:50Z,KHI,JED,2026-05-17,2,ios,20
S1004986,SES01113,2026-05-02T15:26:02Z,KHI,LHE,2026-07-16,3,ios,8
S1001273,SES02389,2026-05-02T15:29:14Z,KHI,SHJ,2026-06-13,1,android,37
S1001146,SES02508,2026-05-02T15:32:18Z,KHI,LHE,2026-07-05,3,desktop,16
S1007112,SES00809,2026-05-02T15:32:59Z,SHJ,KHI,2026-05-26,1,android,18
S1002709,SES02482,2026-05-02T15:33:30Z,KHI,ISB,2026-07-08,2,android,7
S1004718,SES02138,2026-05-02T15:35:27Z,ISB,KHI,2026-06-22,1,mobile_web,19
S1001350,SES03103,2026-05-02T15:37:50Z,ISB,SHJ,2026-08-10,1,android,20
S1007392,SES03209,2026-05-02T15:39:45Z,KHI,MUX,2026-08-11,4,ios,39
S1004046,SES01926,2026-05-02T15:40:00Z,KHI,LHE,2026-08-02,1,ios,13
S1007753,SES01074,2026-05-02T15:54:49Z,LHE,DXB,2026-08-09,1,ios,0
S1002406,SES01593,2026-05-02T16:08:54Z,LHE,SHJ,2026-07-20,1,mobile_web,27
S1000385,SES01559,2026-05-02T16:10:58Z,KHI,MUX,2026-07-13,2,android,17
S1000078,SES02529,2026-05-02T16:27:54Z,KHI,LHE,2026-07-19,1,android,5
S1002106,SES02624,2026-05-02T16:36:05Z,DXB,ISB,2026-06-09,1,mobile_web,18
S1004823,SES00736,2026-05-02T16:52:22Z,PEW,SHJ,2026-06-03,1,desktop,34
S1006203,SES02448,2026-05-02T17:01:10Z,KHI,LHE,2026-05-15,2,mobile_web,40
S1000156,SES00893,2026-05-02T17:06:24Z,DXB,KHI,2026-07-23,2,mobile_web,38
S1000453,SES01312,2026-05-02T17:28:31Z,KHI,LHE,2026-08-04,1,desktop,11
S1003570,SES02298,2026-05-02T17:28:47Z,ISB,DXB,2026-08-26,1,ios,12
S1006957,SES00262,2026-05-02T17:31:43Z,LHE,SHJ,2026-05-16,1,android,47
S1003627,SES02165,2026-05-02T17:34:05Z,KHI,ISB,2026-06-21,2,desktop,30
S1007303,SES00226,2026-05-02T17:37:25Z,DXB,ISB,2026-08-01,1,desktop,30
S1006380,SES00795,2026-05-02T17:44:06Z,LHE,KHI,2026-06-02,1,desktop,33
S1000619,SES03318,2026-05-02T17:45:20Z,ISB,SHJ,2026-05-13,1,ios,12
S1004158,SES01459,2026-05-02T17:51:25Z,DXB,LHE,2026-05-23,3,android,22
S1001684,SES01598,2026-05-02T17:53:57Z,ISB,LHR,2026-08-24,1,desktop,9
S1006489,SES02988,2026-05-02T17:58:15Z,KHI,MUX,2026-05-03,3,android,36
S1005590,SES00313,2026-05-02T17:59:13Z,KHI,ISB,2026-08-07,2,android,4
S1002497,SES01019,2026-05-02T17:59:31Z,KHI,ISB,2026-07-28,2,mobile_web,21
S1001751,SES03320,2026-05-02T18:11:50Z,KHI,DXB,2026-05-16,1,android,2
S1002357,SES01810,2026-05-02T18:17:07Z,KHI,ISB,2026-08-08,4,ios,14
S1002268,SES01224,2026-05-02T18:17:14Z,ISB,KHI,2026-07-25,4,ios,38
S1004618,SES00960,2026-05-02T18:56:23Z,KHI,PEW,2026-05-08,2,ios,31
S1001272,SES02593,2026-05-02T19:06:34Z,KHI,DXB,2026-07-22,3,ios,41
S1000631,SES00405,2026-05-02T19:07:56Z,ISB,DXB,2026-08-26,1,desktop,25
S1003081,SES01495,2026-05-02T19:17:54Z,ISB,KHI,2026-07-13,2,bot,19
S1000982,SES02104,2026-05-02T19:18:09Z,KHI,LHE,2026-06-05,1,bot,14
S1005765,SES03384,2026-05-02T19:18:26Z,PEW,SHJ,2026-08-05,1,android,10
S1002462,SES00556,2026-05-02T19:27:37Z,DXB,ISB,2026-07-27,1,android,45
S1006847,SES00625,2026-05-02T19:32:51Z,PEW,SHJ,2026-05-12,1,android,10
S1007609,SES02062,2026-05-02T20:00:15Z,ISB,LHE,2026-08-05,2,mobile_web,46
S1001629,SES01213,2026-05-02T20:12:46Z,KHI,DXB,2026-05-03,3,android,6
S1001143,SES01953,2026-05-02T20:20:01Z,PEW,DXB,2026-06-07,1,android,22
S1007624,SES03085,2026-05-02T20:45:06Z,ISB,PEW,2026-06-07,1,android,1
S1004469,SES01506,2026-05-02T20:52:45Z,LHE,KHI,2026-06-09,1,ios,1
S1004839,SES01099,2026-05-02T20:58:34Z,ISB,SHJ,2026-07-23,1,desktop,27
S1002797,SES02907,2026-05-02T21:01:41Z,ISB,SHJ,2026-08-20,1,ios,13
S1000434,SES02138,2026-05-02T21:08:56Z,KHI,ISB,2026-06-24,1,android,20
S1000747,SES00445,2026-05-02T21:27:33Z,LHE,ISB,2026-08-30,1,android,28
S1005163,SES00381,2026-05-02T21:39:09Z,KHI,SKT,2026-05-19,4,android,48
S1003238,SES01672,2026-05-02T22:24:57Z,KHI,SHJ,2026-05-28,1,android,5
S1001876,SES01689,2026-05-02T22:34:39Z,LHE,SHJ,2026-05-29,1,desktop,35
S1005473,SES02694,2026-05-02T22:41:20Z,SHJ,LHE,2026-05-18,1,desktop,22
S1007699,SES02619,2026-05-02T22:42:36Z,LHE,KHI,2026-08-22,2,desktop,3
S1002659,SES01971,2026-05-02T22:48:34Z,LHE,KHI,2026-07-15,2,android,9
S1005407,SES00071,2026-05-02T23:12:19Z,KHI,LHE,2026-08-14,3,android,32
S1007892,SES02773,2026-05-02T23:12:42Z,DXB,KHI,2026-08-21,3,ios,18
S1003813,SES00609,2026-05-02T23:18:13Z,PEW,SHJ,2026-06-26,1,desktop,5
S1003259,SES00196,2026-05-02T23:22:06Z,KHI,ISB,2026-06-24,3,android,0
S1001800,SES00264,2026-05-02T23:22:54Z,KHI,SHJ,2026-06-08,1,android,47
S1007939,SES00461,2026-05-02T23:33:18Z,KHI,ISB,2026-07-05,1,ios,27
S9808350,SES02552,2026-05-02T23:36:11Z,LHE,DXB,2026-05-13,2,android,14
S1006891,SES03207,2026-05-02T23:45:21Z,KHI,MUX,2026-08-19,1,mobile_web,24
S9531528,SES02383,2026-05-02T23:46:53Z,SHJ,KHI,2026-05-22,1,desktop,35
S1007690,SES02279,2026-05-02T23:55:38Z,KHI,ISB,2026-07-21,2,ios,42
S1005073,SES02310,2026-05-03T00:19:45Z,KHI,SKT,2026-05-30,1,ios,33
S1006879,SES01091,2026-05-03T00:30:12Z,ISB,KHI,2026-08-14,1,android,39
S1000994,SES02414,2026-05-03T00:41:28Z,ISB,PEW,2026-07-10,1,mobile_web,0
S1005336,SES01122,2026-05-03T00:43:27Z,KHI,ISB,2026-05-30,1,desktop,33
S1007190,SES02724,2026-05-03T01:23:20Z,LHE,KHI,2026-08-28,1,desktop,14
S1003220,SES01340,2026-05-03T01:52:17Z,LHE,KHI,2026-05-23,2,android,43
S1002440,SES00495,2026-05-03T01:53:31Z,ISB,KHI,2026-08-18,1,ios,47
S1004307,SES00386,2026-05-03T02:06:34Z,ISB,DXB,2026-07-16,3,android,28
S1006523,SES03295,2026-05-03T02:17:37Z,KHI,ISB,2026-07-30,1,ios,0
S1005537,SES03285,2026-05-03T02:23:25Z,DXB,KHI,2026-08-25,4,ios,45
S9979384,SES02665,2026-05-03T02:25:53Z,ISB,DXB,2026-05-18,2,android,7
S9790622,SES01767,2026-05-03T02:42:35Z,DXB,ISB,2026-05-06,1,desktop,34
S1006147,SES01572,2026-05-03T02:52:13Z,ISB,PEW,2026-06-04,1,desktop,14
S1003765,SES01387,2026-05-03T03:17:34Z,LHE,ISB,2026-05-21,1,ios,11
S1005963,SES00556,2026-05-03T03:23:23Z,LHE,SHJ,2026-07-06,1,android,19
S1000685,SES03386,2026-05-03T03:27:57Z,KHI,ISB,2026-08-05,1,mobile_web,5
S1000002,SES03311,2026-05-03T03:34:37Z,LHE,DXB,2026-07-14,2,android,10
S1000411,SES00251,2026-05-03T03:50:15Z,KHI,PEW,2026-06-28,1,android,3
S1002961,SES02095,2026-05-03T03:51:50Z,ISB,SHJ,2026-06-20,1,ios,17
S1006971,SES01242,2026-05-03T04:01:12Z,ISB,KHI,2026-06-22,2,ios,13
S1007612,SES02677,2026-05-03T04:04:22Z,KHI,MUX,2026-08-26,1,ios,13
S1001435,SES00763,2026-05-03T04:08:12Z,KHI,ISB,2026-05-18,1,desktop,6
S1000574,SES02587,2026-05-03T04:11:28Z,SHJ,LHE,2026-06-15,2,ios,13
S1002379,SES01685,2026-05-03T04:13:37Z,ISB,KHI,2026-06-04,4,android,6
S1003984,SES01901,2026-05-03T04:25:29Z,ISB,LHE,2026-06-03,1,bot,40
S1005756,SES01303,2026-05-03T04:27:44Z,LHE,KHI,2026-06-07,2,android,11
S1001860,SES00336,2026-05-03T04:37:24Z,ISB,SHJ,2026-05-24,1,android,18
S1002480,SES02884,2026-05-03T05:24:42Z,KHI,LHE,2026-05-11,2,ios,18
S1004516,SES01209,2026-05-03T05:53:39Z,LHE,ISB,2026-05-20,2,android,25
S1003556,SES01913,2026-05-03T06:05:27Z,LHE,DXB,2026-06-27,1,desktop,31
S1000355,SES03180,2026-05-03T06:13:37Z,LHE,DXB,2026-08-21,1,mobile_web,29
S1007080,SES00554,2026-05-03T06:14:12Z,LHE,KHI,2026-05-09,4,ios,13
S1004967,SES01764,2026-05-03T06:16:56Z,LHE,KHI,2026-08-22,1,android,5
S1004567,SES01557,2026-05-03T06:19:57Z,LHE,DXB,2026-05-29,4,ios,39
S1001919,SES02511,2026-05-03T06:56:50Z,KHI,SKT,2026-05-26,1,android,29
S1004727,SES02591,2026-05-03T06:57:39Z,KHI,SHJ,2026-07-06,4,android,6
S1002156,SES01604,2026-05-03T07:09:59Z,KHI,ISB,2026-05-28,2,android,10
S1006697,SES01797,2026-05-03T07:18:10Z,LHE,KHI,2026-06-16,1,android,31
S1002123,SES01437,2026-05-03T07:29:31Z,DXB,KHI,2026-05-05,2,android,0
S1003406,SES00154,2026-05-03T08:29:03Z,LHE,ISB,2026-05-09,3,android,18
S1002164,SES01508,2026-05-03T08:31:56Z,DXB,ISB,2026-05-19,2,ios,47
S9464784,SES02598,2026-05-03T09:08:49Z,DXB,LHE,2026-08-26,2,desktop,6
S1005298,SES02571,2026-05-03T09:10:08Z,LHE,DXB,2026-06-26,2,mobile_web,36
S1000157,SES03017,2026-05-03T09:13:02Z,KHI,DXB,2026-07-13,3,mobile_web,14
S1002718,SES01265,2026-05-03T09:17:48Z,KHI,ISB,2026-08-31,2,android,37
S1004750,SES00155,2026-05-03T09:18:35Z,LHE,KHI,2026-08-05,3,android,22
S1002185,SES00736,2026-05-03T09:24:01Z,LHE,KHI,2026-05-18,1,android,24
S1003185,SES01580,2026-05-03T09:28:01Z,KHI,ISB,2026-05-21,1,android,37
S1002495,SES01585,2026-05-03T09:31:13Z,DXB,KHI,2026-07-11,1,mobile_web,2
S1004925,SES00565,2026-05-03T09:32:35Z,ISB,SHJ,2026-08-04,3,android,41
S1005827,SES02402,2026-05-03T09:34:38Z,LHE,ISB,2026-07-22,1,desktop,35
S1006486,SES03032,2026-05-03T10:05:39Z,ISB,LHE,2026-08-21,3,ios,14
S1005888,SES01632,2026-05-03T10:17:08Z,KHI,ISB,2026-06-09,1,android,2
S1004180,SES03085,2026-05-03T10:23:21Z,LHE,DXB,2026-08-07,3,desktop,29
S1003338,SES00370,2026-05-03T10:29:01Z,KHI,ISB,2026-06-16,2,desktop,29
S1005470,SES00538,2026-05-03T10:33:09Z,KHI,ISB,2026-07-13,1,mobile_web,26
S1001995,SES01959,2026-05-03T10:37:24Z,KHI,ISB,2026-08-14,1,ios,3
S1002582,SES02507,2026-05-03T10:42:55Z,KHI,LHE,2026-07-18,1,android,23
S1000427,SES03124,2026-05-03T10:47:02Z,ISB,PEW,2026-08-25,2,ios,38
S9192325,SES02555,2026-05-03T10:56:19Z,LHE,DXB,2026-08-25,1,desktop,22
S1000115,SES00632,2026-05-03T11:06:51Z,KHI,ISB,2026-08-01,2,mobile_web,10
S1002284,SES00897,2026-05-03T11:15:52Z,ISB,SHJ,2026-06-29,1,android,23
S1001224,SES01456,2026-05-03T11:23:08Z,LHE,ISB,2026-07-24,1,desktop,16
S1001878,SES00006,2026-05-03T11:46:16Z,SHJ,LHE,2026-08-20,2,android,38
S1002552,SES01446,2026-05-03T11:50:49Z,KHI,LHE,2026-05-20,1,ios,40
S1004926,SES00628,2026-05-03T11:56:55Z,ISB,KHI,2026-05-06,1,desktop,43
S1002458,SES00399,2026-05-03T12:38:56Z,ISB,PEW,2026-06-05,1,ios,22
S1004917,SES03233,2026-05-03T12:45:31Z,LHE,ISB,2026-05-21,2,android,24
S1004283,SES02314,2026-05-03T13:10:11Z,KHI,LHE,2026-06-18,3,android,42
S1002810,SES00769,2026-05-03T13:21:28Z,ISB,KHI,2026-05-26,2,android,45
S1001802,SES00504,2026-05-03T13:23:48Z,ISB,KHI,2026-07-31,3,android,27
S1000182,SES00618,2026-05-03T13:28:23Z,KHI,DXB,2026-07-15,1,android,8
S1003891,SES00288,2026-05-03T13:35:00Z,DXB,LHE,2026-05-22,1,desktop,36
S1004299,SES03359,2026-05-03T14:01:19Z,LHE,KHI,2026-06-06,1,android,1
S1003822,SES01609,2026-05-03T14:05:50Z,KHI,JED,2026-08-15,2,android,26
S1000792,SES00682,2026-05-03T14:09:28Z,PEW,SHJ,2026-07-06,1,android,33
S1000831,SES00731,2026-05-03T14:20:09Z,LHE,DXB,2026-06-22,4,mobile_web,26
S1000154,SES01092,2026-05-03T14:26:17Z,KHI,LHE,2026-06-23,3,android,31
S1002939,SES02749,2026-05-03T14:40:05Z,KHI,LHE,2026-07-02,3,android,6
S1005369,SES02997,2026-05-03T14:41:15Z,ISB,SHJ,2026-07-03,1,mobile_web,1
S1002224,SES03223,2026-05-03T14:44:35Z,DXB,LHE,2026-07-01,2,android,32
S1001465,SES01929,2026-05-03T14:45:26Z,SHJ,KHI,2026-07-11,1,ios,38
S1006029,SES02953,2026-05-03T15:01:05Z,ISB,SHJ,2026-07-09,4,ios,26
S1002492,SES01648,2026-05-03T15:24:59Z,LHE,SHJ,2026-08-06,1,android,16
S1002042,SES02286,2026-05-03T15:32:49Z,LHE,DXB,2026-08-20,1,desktop,30
S1000167,SES02130,2026-05-03T15:36:44Z,LHE,ISB,2026-07-26,1,mobile_web,6
S1007802,SES02957,2026-05-03T15:44:08Z,ISB,DXB,2026-07-29,1,android,42
S1002503,SES02830,2026-05-03T15:51:08Z,KHI,SKT,2026-08-09,3,desktop,48
S1003366,SES01939,2026-05-03T16:00:47Z,KHI,ISB,2026-06-11,1,android,25
S1003585,SES01868,2026-05-03T16:04:28Z,KHI,LHE,2026-06-27,3,android,43
S1002232,SES01717,2026-05-03T16:07:54Z,ISB,PEW,2026-07-06,2,android,39
S1001494,SES00871,2026-05-03T16:29:03Z,KHI,MUX,2026-08-11,1,android,41
S1001735,SES01742,2026-05-03T16:31:08Z,ISB,SHJ,2026-07-19,2,desktop,18
S1007367,SES03334,2026-05-03T16:43:27Z,PEW,DXB,2026-05-08,2,android,21
S1004717,SES01230,2026-05-03T16:54:44Z,LHE,KHI,2026-06-24,1,ios,38
S1004278,SES00176,2026-05-03T16:55:26Z,KHI,PEW,2026-07-10,1,desktop,1
S1002882,SES00549,2026-05-03T17:23:17Z,KHI,MUX,2026-07-25,1,desktop,37
S1000784,SES00808,2026-05-03T17:37:44Z,LHE,DXB,2026-06-30,1,android,41
S1003600,SES01364,2026-05-03T17:48:15Z,PEW,DXB,2026-05-06,2,android,26
S1000701,SES01974,2026-05-03T17:53:19Z,LHE,KHI,2026-07-22,1,mobile_web,7
S1003137,SES02278,2026-05-03T18:00:00Z,KHI,DXB,2026-06-02,1,desktop,43
S1003126,SES00016,2026-05-03T18:04:15Z,ISB,SHJ,2026-06-26,1,android,6
S9315325,SES01530,2026-05-03T18:08:31Z,ISB,PEW,2026-06-23,2,desktop,36
S1001264,SES00015,2026-05-03T18:15:49Z,DXB,LHE,2026-07-28,1,android,48
S1004804,SES00550,2026-05-03T18:16:03Z,LHE,JED,2026-08-04,4,android,14
S1007827,SES03217,2026-05-03T18:44:22Z,PEW,DXB,2026-05-28,1,desktop,3
S1000203,SES01361,2026-05-03T18:49:26Z,KHI,SKT,2026-05-13,2,desktop,41
S1006979,SES01308,2026-05-03T18:58:36Z,ISB,KHI,2026-07-14,2,desktop,16
S1004681,SES02094,2026-05-03T19:42:00Z,KHI,DXB,2026-07-23,1,desktop,41
S1004199,SES02931,2026-05-03T19:42:36Z,ISB,SHJ,2026-05-26,1,android,17
S1000303,SES00416,2026-05-03T19:46:37Z,KHI,LHE,2026-07-04,1,mobile_web,6
S1001016,SES02788,2026-05-03T19:47:31Z,ISB,KHI,2026-05-07,1,android,37
S1006381,SES03108,2026-05-03T19:53:31Z,ISB,PEW,2026-06-14,1,ios,34
S9937871,SES02708,2026-05-03T20:02:53Z,DXB,KHI,2026-05-18,4,android,17
S1007671,SES01680,2026-05-03T20:50:57Z,KHI,ISB,2026-05-23,1,android,14
S9273986,SES01670,2026-05-03T21:01:11Z,LHE,DXB,2026-05-23,2,android,11
S1002388,SES01782,2026-05-03T21:02:38Z,KHI,ISB,2026-07-23,1,android,7
S1003356,SES00729,2026-05-03T21:07:09Z,ISB,KHI,2026-06-15,1,android,47
S1007497,SES02409,2026-05-03T21:10:54Z,ISB,LHE,2026-07-03,1,android,46
S1007275,SES03380,2026-05-03T21:18:17Z,PEW,DXB,2026-05-26,1,ios,25
S1001716,SES02504,2026-05-03T21:32:10Z,KHI,ISB,2026-05-22,1,ios,43
S1002473,SES02888,2026-05-03T21:55:29Z,DXB,LHE,2026-05-28,1,mobile_web,21
S1000664,SES00558,2026-05-03T22:06:29Z,KHI,SHJ,2026-05-14,2,ios,45
S1007342,SES03321,2026-05-03T22:10:54Z,KHI,SHJ,2026-08-12,2,bot,13
S1001826,SES01294,2026-05-03T22:43:30Z,KHI,LHE,2026-07-19,4,desktop,43
S1002111,SES00847,2026-05-03T23:07:02Z,LHE,KHI,2026-07-25,2,android,3
S9545209,SES01016,2026-05-03T23:24:19Z,ISB,KHI,2026-05-18,3,desktop,28
S1004604,SES01067,2026-05-03T23:25:48Z,KHI,LHE,2026-08-29,1,ios,28
S9975560,SES02988,2026-05-03T23:31:39Z,KHI,MUX,2026-05-22,1,desktop,9
S1005667,SES02975,2026-05-03T23:46:10Z,KHI,MUX,2026-08-01,1,android,34
S1004870,SES01580,2026-05-03T23:50:44Z,LHE,DXB,2026-05-29,3,android,29
S1001478,SES03262,2026-05-03T23:51:38Z,KHI,PEW,2026-08-14,2,android,45
S1001259,SES02835,2026-05-03T23:51:59Z,KHI,JED,2026-06-14,1,android,6
S1006768,SES02048,2026-05-04T00:01:18Z,ISB,SHJ,2026-05-31,2,android,17
S1003661,SES01724,2026-05-04T00:09:49Z,LHR,ISB,2026-07-12,1,ios,10
S1007375,SES02748,2026-05-04T00:13:03Z,KHI,LHE,2026-09-01,2,android,35
S1001135,SES01947,2026-05-04T00:15:19Z,PEW,SHJ,2026-09-01,1,android,28
S1002840,SES01509,2026-05-04T00:33:21Z,SHJ,LHE,2026-06-06,1,ios,46
S1005219,SES01863,2026-05-04T01:00:02Z,LHE,KHI,2026-06-30,2,ios,19
S1005017,SES01957,2026-05-04T01:04:38Z,LHE,KHI,2026-08-02,1,android,37
S1007008,SES01170,2026-05-04T01:04:46Z,ISB,DXB,2026-07-26,2,bot,45
S1002340,SES02261,2026-05-04T01:18:28Z,KHI,SKT,2026-05-27,1,android,20
S1004036,SES01322,2026-05-04T01:22:38Z,LHE,ISB,2026-06-14,2,ios,15
S1001636,SES00528,2026-05-04T01:37:19Z,KHI,MUX,2026-08-01,1,android,34
S1003772,SES02337,2026-05-04T01:55:23Z,KHI,SHJ,2026-06-18,1,mobile_web,27
S1003869,SES01170,2026-05-04T02:04:36Z,LHE,DXB,2026-06-25,1,android,39
S1004722,SES02790,2026-05-04T02:10:47Z,SHJ,LHE,2026-08-13,1,ios,29
S1005235,SES00940,2026-05-04T02:17:57Z,ISB,KHI,2026-08-16,1,android,27
S1003311,SES01250,2026-05-04T02:58:05Z,KHI,SHJ,2026-07-07,1,desktop,6
S1005938,SES02844,2026-05-04T03:09:52Z,LHE,DXB,2026-06-06,2,desktop,31
S1006904,SES02386,2026-05-04T04:14:43Z,KHI,JED,2026-05-20,4,android,32
S1000438,SES01926,2026-05-04T04:19:27Z,PEW,DXB,2026-05-17,4,android,10
S1001078,SES02789,2026-05-04T04:23:33Z,KHI,LHE,2026-08-25,3,desktop,37
S1002515,SES01972,2026-05-04T04:50:53Z,ISB,KHI,2026-05-13,2,bot,34
S1007952,SES00723,2026-05-04T04:59:58Z,SHJ,KHI,2026-08-18,1,ios,5
S1003564,SES00908,2026-05-04T05:11:23Z,LHE,ISB,2026-07-18,1,android,44
S1006330,SES00972,2026-05-04T05:18:35Z,ISB,DXB,2026-07-25,2,android,28
S1002586,SES00181,2026-05-04T05:31:16Z,LHE,ISB,2026-08-22,1,desktop,11
S1004965,SES01390,2026-05-04T05:32:09Z,ISB,KHI,2026-06-28,3,mobile_web,20
S1003103,SES00885,2026-05-04T05:34:19Z,KHI,ISB,2026-08-20,3,desktop,40
S1003985,SES00965,2026-05-04T05:34:36Z,LHE,DXB,2026-06-17,2,android,3
S1001290,SES03348,2026-05-04T05:38:33Z,DXB,KHI,2026-05-26,1,mobile_web,31
S1002729,SES02728,2026-05-04T05:41:12Z,ISB,SHJ,2026-07-26,2,desktop,29
S1000316,SES02985,2026-05-04T05:56:47Z,KHI,PEW,2026-06-20,1,android,11
S1002906,SES03355,2026-05-04T06:01:18Z,KHI,MUX,2026-07-27,1,android,31
S1001232,SES01672,2026-05-04T06:15:39Z,SHJ,KHI,2026-08-23,2,bot,15
S1006877,SES01638,2026-05-04T06:15:47Z,LHE,DXB,2026-08-30,1,android,3
S1007604,SES00450,2026-05-04T06:29:05Z,LHE,ISB,2026-05-07,1,desktop,35
S1007921,SES01628,2026-05-04T06:32:40Z,KHI,LHE,2026-09-01,1,ios,0
S1006187,SES00022,2026-05-04T06:35:32Z,LHE,ISB,2026-07-30,1,android,36
S1007271,SES03115,2026-05-04T06:38:55Z,KHI,SHJ,2026-08-06,2,mobile_web,43
S1006446,SES03176,2026-05-04T06:40:30Z,DXB,KHI,2026-07-28,1,ios,27
S1007908,SES01765,2026-05-04T06:45:20Z,DXB,KHI,2026-06-10,3,android,24
S1007145,SES00045,2026-05-04T06:59:15Z,ISB,SHJ,2026-06-22,1,ios,43
S1007957,SES01325,2026-05-04T07:02:54Z,KHI,ISB,2026-08-11,4,android,15
S1002577,SES01435,2026-05-04T07:21:25Z,LHE,SHJ,2026-08-22,4,android,44
S1000281,SES03330,2026-05-04T07:46:00Z,ISB,KHI,2026-06-01,1,android,47
S1001074,SES01282,2026-05-04T08:04:08Z,LHE,ISB,2026-06-05,1,mobile_web,19
S1001347,SES02382,2026-05-04T08:10:46Z,LHE,ISB,2026-08-09,1,desktop,39
S1004579,SES01588,2026-05-04T08:12:45Z,ISB,KHI,2026-06-08,1,desktop,48
S9204603,SES00263,2026-05-04T08:13:56Z,LHE,ISB,2026-05-19,1,android,35
S1000527,SES00961,2026-05-04T08:16:28Z,KHI,LHE,2026-06-19,3,desktop,48
S1004401,SES01337,2026-05-04T08:24:33Z,KHI,ISB,2026-07-31,2,mobile_web,35
S1002060,SES02957,2026-05-04T08:26:36Z,KHI,DXB,2026-07-09,1,desktop,32
S1003553,SES00854,2026-05-04T08:27:08Z,KHI,ISB,2026-05-13,1,mobile_web,22
S1007736,SES00506,2026-05-04T08:35:03Z,KHI,UET,2026-08-28,1,ios,47
S1002700,SES02346,2026-05-04T08:39:14Z,KHI,PEW,2026-08-16,1,desktop,19
S1004132,SES01512,2026-05-04T08:49:26Z,KHI,MUX,2026-06-07,1,android,4
S1000503,SES01529,2026-05-04T08:57:01Z,KHI,LHE,2026-06-13,1,android,30
S1000414,SES01645,2026-05-04T09:02:49Z,KHI,PEW,2026-05-13,1,ios,17
S1003795,SES02262,2026-05-04T09:27:44Z,ISB,KHI,2026-08-26,4,android,20
S1002126,SES01573,2026-05-04T09:46:35Z,SHJ,KHI,2026-06-18,3,desktop,39
S1000256,SES01739,2026-05-04T09:58:43Z,KHI,LHE,2026-05-27,1,ios,7
S1006529,SES02371,2026-05-04T09:59:22Z,KHI,ISB,2026-07-04,2,android,14
S1001340,SES01240,2026-05-04T10:09:23Z,LHE,DXB,2026-07-07,1,desktop,10
S1006714,SES02766,2026-05-04T10:09:53Z,KHI,PEW,2026-05-20,2,android,42
S1005239,SES00740,2026-05-04T10:13:29Z,KHI,DXB,2026-05-20,3,ios,0
S1003362,SES00237,2026-05-04T10:32:16Z,KHI,SKT,2026-06-24,1,desktop,8
S1002483,SES00220,2026-05-04T10:45:29Z,KHI,ISB,2026-07-18,3,android,12
S1007577,SES01287,2026-05-04T10:54:22Z,LHE,KHI,2026-08-25,4,mobile_web,19
S1002191,SES00177,2026-05-04T11:06:21Z,KHI,SHJ,2026-05-22,3,bot,26
S1007415,SES02136,2026-05-04T11:08:00Z,SHJ,LHE,2026-07-30,1,android,8
S1006500,SES00777,2026-05-04T11:20:02Z,KHI,DXB,2026-05-27,2,desktop,17
S1001984,SES01341,2026-05-04T11:35:50Z,ISB,DXB,2026-05-23,1,android,3
S1001763,SES03356,2026-05-04T11:36:45Z,KHI,LHE,2026-06-30,3,ios,24
S9697479,SES01407,2026-05-04T11:37:19Z,PEW,SHJ,2026-05-11,1,desktop,33
S1007204,SES02918,2026-05-04T11:38:56Z,ISB,KHI,2026-08-22,1,android,6
S1007506,SES03284,2026-05-04T11:51:40Z,KHI,JED,2026-06-20,1,android,4
S1003395,SES03149,2026-05-04T11:58:01Z,KHI,ISB,2026-06-29,1,ios,22
S1004613,SES03079,2026-05-04T12:04:43Z,ISB,SHJ,2026-06-03,1,android,18
S1002001,SES00018,2026-05-04T12:13:54Z,LHE,DXB,2026-08-26,1,android,41
S1000997,SES03017,2026-05-04T12:17:27Z,ISB,DXB,2026-08-20,4,ios,9
S1001071,SES01164,2026-05-04T12:29:44Z,ISB,KHI,2026-08-12,1,android,13
S1003919,SES01199,2026-05-04T12:45:25Z,SHJ,KHI,2026-08-23,3,ios,37
S1002246,SES02199,2026-05-04T12:50:28Z,DXB,ISB,2026-08-13,2,desktop,37
S1003957,SES02621,2026-05-04T12:57:37Z,LHE,ISB,2026-07-28,1,android,43
S1004334,SES02047,2026-05-04T13:04:21Z,PEW,SHJ,2026-07-17,1,ios,36
S1005625,SES00902,2026-05-04T13:26:48Z,KHI,LHE,2026-07-31,1,android,23
S1005483,SES01895,2026-05-04T13:28:06Z,ISB,KHI,2026-05-16,1,android,36
S1007535,SES03297,2026-05-04T13:40:45Z,KHI,ISB,2026-07-17,3,android,7
S1007933,SES02514,2026-05-04T13:40:48Z,KHI,ISB,2026-06-02,2,desktop,12
S1001922,SES02010,2026-05-04T13:57:16Z,KHI,SHJ,2026-08-22,1,android,4
S1007060,SES01693,2026-05-04T13:59:16Z,KHI,LHE,2026-06-10,1,android,12
S1003378,SES00983,2026-05-04T14:42:05Z,SHJ,LHE,2026-07-03,2,android,20
S1006842,SES01059,2026-05-04T15:17:57Z,DXB,KHI,2026-06-12,1,mobile_web,12
S1006314,SES03353,2026-05-04T15:21:45Z,KHI,ISB,2026-06-23,1,mobile_web,44
S1005190,SES02610,2026-05-04T15:25:04Z,KHI,DXB,2026-05-21,1,desktop,14
S1002565,SES03094,2026-05-04T15:25:54Z,ISB,KHI,2026-06-08,3,android,24
S1002014,SES00126,2026-05-04T15:37:09Z,KHI,LHE,2026-06-30,1,bot,39
S1004450,SES02096,2026-05-04T15:56:27Z,KHI,LHE,2026-07-26,1,android,10
S1000498,SES00719,2026-05-04T15:59:09Z,DXB,LHE,2026-06-15,2,android,16
S1007289,SES00571,2026-05-04T15:59:48Z,KHI,LHE,2026-06-21,2,android,5
S1005132,SES00280,2026-05-04T16:08:39Z,DXB,LHE,2026-07-20,1,mobile_web,8
S1000450,SES01827,2026-05-04T16:44:51Z,LHE,KHI,2026-05-19,2,ios,33
S1007750,SES02733,2026-05-04T17:09:07Z,ISB,PEW,2026-08-27,4,android,19
S1001870,SES02015,2026-05-04T17:13:02Z,ISB,LHR,2026-07-25,2,android,9
S1002940,SES02325,2026-05-04T17:31:38Z,LHE,ISB,2026-05-18,3,desktop,16
S1001503,SES00461,2026-05-04T17:39:01Z,KHI,ISB,2026-07-07,1,android,16
S1003476,SES02738,2026-05-04T17:50:32Z,ISB,SHJ,2026-06-23,1,ios,1
S1001204,SES01157,2026-05-04T18:00:02Z,ISB,SHJ,2026-05-30,1,desktop,7
S1005453,SES02879,2026-05-04T18:25:46Z,SHJ,KHI,2026-08-11,2,desktop,41
S1005296,SES00737,2026-05-04T18:35:05Z,DXB,KHI,2026-07-07,1,desktop,4
S1005965,SES01579,2026-05-04T18:43:25Z,PEW,SHJ,2026-07-10,3,bot,26
S1005860,SES01096,2026-05-04T18:43:34Z,KHI,DXB,2026-05-09,2,ios,30
S1001843,SES01368,2026-05-04T18:51:54Z,ISB,LHR,2026-05-25,2,android,10
S1004409,SES00788,2026-05-04T18:53:35Z,LHE,DXB,2026-05-06,1,mobile_web,9
S1003759,SES00975,2026-05-04T18:56:24Z,ISB,KHI,2026-07-10,1,ios,3
S1006666,SES01087,2026-05-04T18:57:25Z,SHJ,LHE,2026-08-19,1,android,44
S1000525,SES00006,2026-05-04T19:02:58Z,LHE,JED,2026-08-09,1,android,36
S1006144,SES02505,2026-05-04T19:06:13Z,DXB,ISB,2026-07-03,1,android,13
S1002624,SES00687,2026-05-04T19:09:37Z,KHI,LHE,2026-08-17,3,desktop,39
S9600817,SES01219,2026-05-04T19:15:03Z,LHE,DXB,2026-05-10,4,desktop,10
S1006032,SES03134,2026-05-04T19:21:38Z,LHE,ISB,2026-07-08,1,android,20
S1005099,SES01891,2026-05-04T19:22:20Z,DXB,KHI,2026-07-20,3,ios,25
S1003708,SES00968,2026-05-04T19:28:54Z,KHI,PEW,2026-05-16,3,desktop,0
S1004529,SES01832,2026-05-04T19:45:21Z,PEW,SHJ,2026-07-13,2,desktop,36
S1007531,SES01925,2026-05-04T19:56:14Z,PEW,DXB,2026-08-21,1,ios,40
S1003275,SES02324,2026-05-04T20:06:11Z,SHJ,LHE,2026-08-14,2,desktop,25
S1005139,SES00979,2026-05-04T20:17:01Z,KHI,LHE,2026-07-09,2,android,38
S1006154,SES03373,2026-05-04T20:38:03Z,KHI,UET,2026-07-29,1,android,22
S1001536,SES00218,2026-05-04T20:49:12Z,KHI,ISB,2026-05-30,2,ios,11
S1006531,SES02180,2026-05-04T20:50:36Z,ISB,KHI,2026-08-30,2,ios,44
S1007062,SES01729,2026-05-04T20:54:10Z,KHI,SKT,2026-06-01,1,android,21
S1007181,SES02426,2026-05-04T21:06:35Z,ISB,SHJ,2026-07-06,1,ios,19
S1004682,SES02011,2026-05-04T21:23:18Z,SHJ,LHE,2026-05-22,1,mobile_web,23
S1007058,SES00319,2026-05-04T21:28:30Z,KHI,ISB,2026-07-12,1,bot,46
S1000012,SES01303,2026-05-04T21:45:17Z,KHI,DXB,2026-08-27,1,android,8
S1001376,SES02312,2026-05-04T21:48:34Z,ISB,SHJ,2026-07-28,4,bot,5
S9933975,SES02369,2026-05-04T22:05:51Z,PEW,DXB,2026-05-12,1,desktop,11
S1003548,SES00481,2026-05-04T22:20:10Z,KHI,UET,2026-08-04,4,desktop,17
S1001926,SES03263,2026-05-04T22:27:43Z,KHI,LHE,2026-08-05,2,mobile_web,26
S1006930,SES00627,2026-05-04T22:31:32Z,LHE,DXB,2026-06-23,3,android,33
S1001364,SES02536,2026-05-04T22:49:31Z,ISB,SHJ,2026-08-18,1,android,30
S1000772,SES00164,2026-05-04T22:51:59Z,ISB,SHJ,2026-06-20,1,desktop,13
S1001235,SES02129,2026-05-04T23:15:17Z,KHI,MUX,2026-08-17,2,desktop,37
S1007170,SES00721,2026-05-04T23:30:40Z,DXB,LHE,2026-08-17,2,android,24
S1005653,SES00798,2026-05-04T23:52:39Z,KHI,LHE,2026-06-14,1,android,16
S1004526,SES00514,2026-05-05T00:12:56Z,KHI,LHE,2026-05-07,3,android,0
S1005464,SES01065,2026-05-05T00:16:31Z,LHE,JED,2026-07-11,2,ios,27
S1004429,SES00829,2026-05-05T00:16:53Z,KHI,ISB,2026-07-23,1,ios,0
S1006507,SES02330,2026-05-05T00:23:08Z,KHI,LHE,2026-08-02,1,android,38
S1005393,SES00285,2026-05-05T00:48:04Z,KHI,LHE,2026-07-26,3,ios,23
S1005975,SES01019,2026-05-05T00:49:43Z,KHI,ISB,2026-08-23,1,ios,42
S1005186,SES02721,2026-05-05T00:51:39Z,PEW,SHJ,2026-06-02,1,bot,27
S1003969,SES02160,2026-05-05T01:04:05Z,ISB,PEW,2026-08-18,1,ios,23
S1005879,SES02079,2026-05-05T01:25:58Z,ISB,KHI,2026-08-12,2,mobile_web,31
S1004333,SES00932,2026-05-05T01:28:31Z,LHE,KHI,2026-07-15,3,mobile_web,32
S1002355,SES02458,2026-05-05T01:53:19Z,KHI,LHE,2026-06-18,1,android,20
S1007570,SES00163,2026-05-05T02:06:26Z,ISB,LHE,2026-05-29,2,android,0
S1004217,SES00249,2026-05-05T02:16:12Z,KHI,LHE,2026-08-13,1,mobile_web,8
S1004063,SES01374,2026-05-05T02:43:39Z,DXB,LHE,2026-07-24,2,android,22
S1004695,SES02248,2026-05-05T02:52:32Z,ISB,DXB,2026-05-25,2,android,1
S1007595,SES02062,2026-05-05T03:02:03Z,LHE,KHI,2026-07-25,1,ios,24
S1001088,SES03375,2026-05-05T03:31:56Z,KHI,PEW,2026-08-28,4,android,10
S1000173,SES00142,2026-05-05T03:42:17Z,KHI,SHJ,2026-06-06,1,android,6
S1003628,SES01179,2026-05-05T03:43:24Z,KHI,ISB,2026-06-22,1,android,1
S1000205,SES01277,2026-05-05T03:44:36Z,KHI,PEW,2026-07-27,1,desktop,43
S1007538,SES00787,2026-05-05T03:47:53Z,SHJ,KHI,2026-07-04,1,android,33
S1002919,SES00942,2026-05-05T03:48:30Z,KHI,MUX,2026-05-16,1,desktop,28
S1003926,SES03116,2026-05-05T03:55:52Z,KHI,LHE,2026-06-01,2,android,21
S1001681,SES01881,2026-05-05T04:12:18Z,KHI,SHJ,2026-08-10,1,android,32
S1000388,SES01373,2026-05-05T04:26:46Z,ISB,DXB,2026-06-19,1,mobile_web,46
S1005333,SES00531,2026-05-05T04:28:30Z,LHE,KHI,2026-06-21,1,android,40
S1000892,SES01156,2026-05-05T04:34:12Z,ISB,KHI,2026-07-18,1,android,12
S1004140,SES00462,2026-05-05T04:38:39Z,DXB,KHI,2026-08-16,1,desktop,34
S1005388,SES03119,2026-05-05T04:58:22Z,KHI,LHE,2026-06-21,1,ios,23
S1007294,SES00725,2026-05-05T05:20:48Z,LHE,ISB,2026-07-09,2,android,45
S1005485,SES00888,2026-05-05T06:08:43Z,DXB,LHE,2026-05-27,2,desktop,36
S1003899,SES01248,2026-05-05T06:10:24Z,DXB,ISB,2026-07-15,1,ios,2
S1003517,SES00265,2026-05-05T06:11:27Z,LHE,ISB,2026-07-15,3,ios,45
S1005715,SES03264,2026-05-05T06:15:08Z,KHI,SHJ,2026-08-18,2,mobile_web,20
S1006598,SES00563,2026-05-05T06:15:11Z,KHI,SKT,2026-06-21,1,android,39
S1003586,SES02324,2026-05-05T06:19:47Z,ISB,KHI,2026-07-05,1,android,40
S1001595,SES00401,2026-05-05T07:04:24Z,ISB,KHI,2026-07-23,2,ios,3
S1002739,SES01721,2026-05-05T07:13:20Z,LHE,DXB,2026-07-14,1,android,48
S1003094,SES00598,2026-05-05T07:16:18Z,LHE,DXB,2026-05-06,3,desktop,38
S1004952,SES02959,2026-05-05T07:25:32Z,KHI,LHE,2026-07-12,1,desktop,23
S1001820,SES00135,2026-05-05T07:47:16Z,DXB,ISB,2026-05-30,1,ios,48
S1003199,SES03273,2026-05-05T07:48:19Z,ISB,KHI,2026-05-17,1,ios,15
S1001291,SES01660,2026-05-05T07:52:37Z,PEW,SHJ,2026-06-30,2,desktop,2
S1005353,SES03394,2026-05-05T08:11:12Z,KHI,ISB,2026-06-16,2,android,44
S1000554,SES02374,2026-05-05T08:27:00Z,LHR,ISB,2026-07-19,1,android,30
S1002430,SES01395,2026-05-05T08:30:57Z,KHI,DXB,2026-06-20,2,android,24
S1001516,SES02111,2026-05-05T08:46:32Z,LHE,DXB,2026-07-23,3,ios,28
S1002477,SES00335,2026-05-05T09:04:11Z,KHI,SHJ,2026-07-27,4,desktop,33
S1003753,SES00010,2026-05-05T09:06:37Z,PEW,DXB,2026-05-19,4,android,19
S1004505,SES00654,2026-05-05T09:34:15Z,LHE,SHJ,2026-07-18,2,desktop,27
S1004134,SES01191,2026-05-05T09:47:04Z,ISB,SHJ,2026-08-20,1,android,4
S1000955,SES00473,2026-05-05T09:52:25Z,ISB,SHJ,2026-07-31,2,android,19
S1003208,SES00058,2026-05-05T09:53:38Z,ISB,KHI,2026-07-31,1,android,4
S9174369,SES01824,2026-05-05T09:54:36Z,KHI,SHJ,2026-05-12,1,desktop,31
S1007231,SES01959,2026-05-05T09:57:51Z,LHE,ISB,2026-05-12,4,mobile_web,14
S1001633,SES01238,2026-05-05T10:07:45Z,ISB,LHE,2026-08-21,2,ios,21
S1005541,SES02064,2026-05-05T10:20:23Z,LHE,KHI,2026-06-14,1,android,36
S1001054,SES02550,2026-05-05T10:21:38Z,ISB,KHI,2026-06-17,2,desktop,3
S1001537,SES02363,2026-05-05T10:29:43Z,SHJ,KHI,2026-06-16,1,desktop,6
S1005366,SES02203,2026-05-05T10:35:08Z,SHJ,LHE,2026-06-20,2,mobile_web,38
S1002038,SES02202,2026-05-05T10:51:07Z,LHE,ISB,2026-06-14,1,desktop,1
S1006526,SES01655,2026-05-05T10:57:25Z,KHI,SHJ,2026-07-03,1,ios,1
S1005947,SES02645,2026-05-05T11:04:28Z,ISB,SHJ,2026-07-10,1,desktop,39
S1003236,SES00446,2026-05-05T11:07:49Z,KHI,DXB,2026-05-09,1,android,10
S1002053,SES02772,2026-05-05T11:27:45Z,KHI,ISB,2026-08-28,2,desktop,3
S1000034,SES01212,2026-05-05T11:35:51Z,KHI,DXB,2026-08-10,1,ios,29
S1000889,SES00873,2026-05-05T11:43:57Z,LHE,JED,2026-08-16,2,desktop,36
S1005750,SES01477,2026-05-05T11:50:27Z,ISB,LHE,2026-05-31,1,desktop,23
S1007516,SES02000,2026-05-05T11:53:24Z,PEW,DXB,2026-07-13,3,mobile_web,31
S1004642,SES00138,2026-05-05T12:20:12Z,DXB,LHE,2026-08-12,2,desktop,44
S1006680,SES01544,2026-05-05T13:34:51Z,KHI,SHJ,2026-07-16,1,ios,14
S1000304,SES00308,2026-05-05T13:45:21Z,ISB,SHJ,2026-08-01,1,android,32
S1001837,SES00094,2026-05-05T13:45:32Z,KHI,LHE,2026-07-24,3,desktop,0
S1006063,SES01293,2026-05-05T13:51:03Z,KHI,ISB,2026-08-20,1,android,25
S1002447,SES02209,2026-05-05T14:04:34Z,LHE,DXB,2026-07-15,1,ios,7
S1004371,SES01189,2026-05-05T14:08:05Z,KHI,LHE,2026-07-31,1,ios,25
S1003261,SES03037,2026-05-05T14:28:59Z,PEW,DXB,2026-05-25,3,android,13
S1001043,SES00902,2026-05-05T14:41:40Z,KHI,LHE,2026-08-31,1,android,16
S1007258,SES00312,2026-05-05T14:48:24Z,LHE,JED,2026-09-02,3,android,34
S1002679,SES00285,2026-05-05T15:26:12Z,ISB,SHJ,2026-05-31,1,android,46
S1002148,SES03016,2026-05-05T16:02:01Z,PEW,DXB,2026-05-11,3,ios,35
S9567202,SES00355,2026-05-05T16:17:42Z,LHE,KHI,2026-05-15,1,desktop,18
S1003092,SES02601,2026-05-05T16:21:30Z,KHI,PEW,2026-07-11,2,android,11
S1000604,SES03095,2026-05-05T16:30:18Z,ISB,KHI,2026-05-13,2,android,23
S1002887,SES00871,2026-05-05T16:30:27Z,KHI,PEW,2026-08-07,1,ios,14
S9705292,SES00309,2026-05-05T16:38:17Z,ISB,KHI,2026-05-06,3,desktop,28
S1001566,SES00647,2026-05-05T16:39:41Z,KHI,PEW,2026-05-11,1,android,39
S1006255,SES03175,2026-05-05T17:01:32Z,LHE,DXB,2026-07-21,3,desktop,46
S1003226,SES00799,2026-05-05T17:04:59Z,ISB,SHJ,2026-05-26,3,desktop,33
S1006292,SES02516,2026-05-05T17:11:38Z,KHI,ISB,2026-05-29,3,desktop,33
S1000615,SES00137,2026-05-05T17:24:52Z,LHE,JED,2026-08-13,1,android,22
S1006316,SES02836,2026-05-05T17:28:18Z,ISB,LHR,2026-08-20,1,android,15
S1001477,SES00116,2026-05-05T17:39:24Z,KHI,JED,2026-07-13,1,android,14
S1007511,SES01655,2026-05-05T17:50:14Z,KHI,ISB,2026-07-03,1,desktop,35
S1005451,SES00928,2026-05-05T17:54:31Z,LHE,KHI,2026-05-30,1,mobile_web,19
S1006925,SES02261,2026-05-05T18:25:05Z,KHI,LHE,2026-06-10,2,android,20
S1003801,SES00838,2026-05-05T18:39:29Z,KHI,ISB,2026-05-15,2,desktop,17
S1005530,SES02579,2026-05-05T18:42:25Z,KHI,DXB,2026-06-19,2,android,14
S1002255,SES00343,2026-05-05T18:42:27Z,ISB,LHR,2026-07-23,4,mobile_web,0
S1007591,SES01109,2026-05-05T18:47:01Z,KHI,ISB,2026-07-06,1,mobile_web,41
S1003861,SES02464,2026-05-05T18:50:47Z,KHI,SHJ,2026-05-10,1,android,43
S1002288,SES02717,2026-05-05T18:51:57Z,KHI,ISB,2026-06-09,1,android,27
S1001608,SES00505,2026-05-05T19:01:59Z,SHJ,LHE,2026-07-26,1,ios,30
S1005612,SES01048,2026-05-05T19:07:41Z,LHE,DXB,2026-06-29,1,desktop,18
S1001570,SES00770,2026-05-05T19:09:39Z,LHE,KHI,2026-08-03,1,ios,19
S1002110,SES01612,2026-05-05T19:10:11Z,LHE,DXB,2026-07-04,2,mobile_web,13
S1000821,SES00570,2026-05-05T19:33:05Z,DXB,KHI,2026-07-05,1,desktop,5
S1001928,SES02401,2026-05-05T19:37:49Z,ISB,DXB,2026-08-04,2,desktop,2
S1004193,SES00034,2026-05-05T19:42:12Z,KHI,LHE,2026-07-28,1,desktop,9
S1007351,SES00959,2026-05-05T19:52:03Z,KHI,DXB,2026-08-15,1,ios,10
S1004289,SES00304,2026-05-05T19:57:08Z,ISB,DXB,2026-07-16,2,mobile_web,46
S1004054,SES01425,2026-05-05T20:00:05Z,DXB,LHE,2026-08-01,1,desktop,30
S1003631,SES01541,2026-05-05T20:57:36Z,ISB,LHR,2026-06-02,2,ios,19
S1002241,SES00746,2026-05-05T21:01:15Z,KHI,SHJ,2026-06-12,1,desktop,27
S1006647,SES00071,2026-05-05T21:13:23Z,KHI,ISB,2026-08-07,1,mobile_web,40
S9824360,SES03391,2026-05-05T21:16:06Z,ISB,SHJ,2026-05-10,2,desktop,5
S1001436,SES03338,2026-05-05T21:24:23Z,ISB,KHI,2026-07-02,3,ios,28
S1003619,SES01339,2026-05-05T21:47:33Z,ISB,SHJ,2026-06-22,3,bot,13
S1007857,SES00524,2026-05-05T22:17:37Z,KHI,LHE,2026-07-23,1,mobile_web,13
S1004095,SES01396,2026-05-05T22:29:40Z,ISB,KHI,2026-08-20,1,desktop,4
S1003154,SES00786,2026-05-05T22:52:16Z,ISB,KHI,2026-08-11,3,android,20
S1007022,SES00968,2026-05-05T22:53:32Z,KHI,MUX,2026-06-03,2,mobile_web,18
S1002016,SES00672,2026-05-05T23:05:10Z,KHI,SHJ,2026-08-03,1,ios,39
S1001255,SES02745,2026-05-05T23:19:28Z,KHI,PEW,2026-06-19,3,android,37
S1003605,SES02326,2026-05-05T23:41:20Z,KHI,DXB,2026-06-29,2,desktop,15
S9953113,SES00647,2026-05-05T23:46:27Z,ISB,SHJ,2026-05-17,2,desktop,15
S1006115,SES01934,2026-05-06T00:14:20Z,KHI,ISB,2026-06-08,1,android,23
S1000309,SES00846,2026-05-06T00:25:54Z,KHI,JED,2026-07-12,1,mobile_web,27
S1002183,SES02426,2026-05-06T00:25:54Z,ISB,SHJ,2026-07-17,3,android,23
S1006566,SES00875,2026-05-06T00:26:43Z,KHI,MUX,2026-05-21,1,ios,15
S1002746,SES03029,2026-05-06T00:31:20Z,ISB,SHJ,2026-08-07,1,android,28
S1005951,SES00091,2026-05-06T01:13:13Z,KHI,LHE,2026-07-18,2,android,9
S1002221,SES01399,2026-05-06T01:14:31Z,KHI,ISB,2026-07-22,3,android,3
S1001452,SES03182,2026-05-06T01:18:45Z,ISB,LHE,2026-06-10,3,mobile_web,19
S1005794,SES02185,2026-05-06T01:23:14Z,ISB,PEW,2026-06-17,2,desktop,9
S1002425,SES02111,2026-05-06T01:34:47Z,KHI,PEW,2026-07-04,1,android,25
S1004844,SES01666,2026-05-06T01:36:16Z,ISB,KHI,2026-05-26,2,desktop,13
S1004680,SES01140,2026-05-06T01:47:51Z,PEW,SHJ,2026-06-19,1,android,47
S1004654,SES00094,2026-05-06T01:55:02Z,KHI,LHE,2026-07-09,1,android,46
S1001331,SES03063,2026-05-06T01:58:47Z,DXB,KHI,2026-05-25,2,android,4
S1001649,SES01409,2026-05-06T02:04:09Z,KHI,DXB,2026-08-03,1,mobile_web,47
S1005222,SES02942,2026-05-06T02:06:02Z,LHE,DXB,2026-07-11,1,mobile_web,12
S1004538,SES01759,2026-05-06T02:22:55Z,DXB,ISB,2026-08-04,1,desktop,3
S1000771,SES01689,2026-05-06T02:24:49Z,KHI,DXB,2026-07-10,4,desktop,29
S1001593,SES00598,2026-05-06T02:26:27Z,LHE,KHI,2026-08-02,2,mobile_web,13
S9199929,SES02930,2026-05-06T02:33:01Z,KHI,LHE,2026-05-09,2,desktop,23
S1000199,SES01060,2026-05-06T02:37:17Z,ISB,LHR,2026-06-07,4,android,4
S1005074,SES01647,2026-05-06T03:00:06Z,LHE,ISB,2026-07-02,2,ios,39
S1005701,SES02637,2026-05-06T03:04:06Z,LHE,KHI,2026-05-27,2,mobile_web,23
S1002303,SES00089,2026-05-06T03:10:19Z,LHE,SHJ,2026-09-02,1,android,37
S1001087,SES02194,2026-05-06T03:27:37Z,KHI,MUX,2026-08-04,1,ios,44
S1001365,SES01562,2026-05-06T03:47:19Z,LHE,KHI,2026-08-26,3,android,18
S1001476,SES02148,2026-05-06T03:55:01Z,LHE,KHI,2026-06-02,3,android,16
S9379061,SES02600,2026-05-06T04:06:39Z,ISB,SHJ,2026-05-17,2,android,33
S1007260,SES00651,2026-05-06T04:17:48Z,KHI,MUX,2026-05-09,1,desktop,40
S1001101,SES00071,2026-05-06T05:06:45Z,ISB,SHJ,2026-06-29,2,ios,18
S1006728,SES00045,2026-05-06T05:08:33Z,KHI,DXB,2026-08-22,1,mobile_web,45
S9614947,SES01434,2026-05-06T05:20:26Z,KHI,SHJ,2026-05-21,1,desktop,36
S1003331,SES00491,2026-05-06T05:25:27Z,DXB,ISB,2026-06-22,1,mobile_web,18
S1000324,SES00022,2026-05-06T05:26:57Z,ISB,SHJ,2026-05-07,2,android,43
S1005434,SES00037,2026-05-06T05:45:50Z,KHI,DXB,2026-07-03,2,android,20
S1007828,SES02451,2026-05-06T05:52:21Z,KHI,ISB,2026-07-04,2,android,41
S1000616,SES00600,2026-05-06T06:01:18Z,ISB,PEW,2026-08-25,1,mobile_web,43
S1001374,SES03030,2026-05-06T06:14:14Z,KHI,ISB,2026-08-18,1,mobile_web,43
S1004367,SES01391,2026-05-06T06:18:44Z,LHE,KHI,2026-07-03,1,ios,41
S1000079,SES02557,2026-05-06T06:27:28Z,KHI,UET,2026-07-30,4,ios,31
S1007349,SES01503,2026-05-06T06:41:33Z,ISB,DXB,2026-06-17,2,android,44
S1004055,SES02707,2026-05-06T07:00:45Z,KHI,SHJ,2026-07-11,1,mobile_web,21
S1006387,SES01500,2026-05-06T07:02:25Z,PEW,SHJ,2026-08-22,3,android,44
S1004916,SES03353,2026-05-06T07:03:25Z,LHE,ISB,2026-07-28,1,desktop,48
S1006124,SES02969,2026-05-06T07:15:55Z,LHE,DXB,2026-08-22,1,desktop,1
S1007363,SES00057,2026-05-06T07:21:08Z,KHI,PEW,2026-06-17,2,android,38
S1007059,SES00251,2026-05-06T07:32:30Z,KHI,ISB,2026-05-16,1,android,29
S1007641,SES00207,2026-05-06T07:41:27Z,KHI,ISB,2026-06-20,2,android,20
S1000538,SES03103,2026-05-06T08:44:45Z,LHE,KHI,2026-08-15,4,android,24
S1005554,SES02784,2026-05-06T08:47:47Z,ISB,KHI,2026-06-06,1,desktop,16
S1002486,SES00157,2026-05-06T08:54:13Z,KHI,ISB,2026-06-27,1,mobile_web,18
S1006130,SES03119,2026-05-06T08:55:46Z,KHI,MUX,2026-07-20,2,android,18
S1004119,SES02563,2026-05-06T08:55:49Z,KHI,ISB,2026-08-07,2,desktop,47
S1006724,SES00871,2026-05-06T09:00:11Z,LHE,KHI,2026-07-04,1,desktop,18
S1006445,SES00245,2026-05-06T09:25:23Z,KHI,ISB,2026-07-06,1,desktop,19
S1000614,SES02946,2026-05-06T09:51:39Z,DXB,KHI,2026-07-28,2,desktop,41
S1006374,SES02716,2026-05-06T10:07:30Z,PEW,DXB,2026-08-18,1,mobile_web,7
S1001855,SES03005,2026-05-06T10:22:58Z,LHE,KHI,2026-07-03,3,android,0
S1003757,SES00355,2026-05-06T10:32:30Z,ISB,KHI,2026-06-26,1,desktop,18
S1005843,SES01490,2026-05-06T10:32:44Z,ISB,KHI,2026-08-06,1,desktop,42
S1001805,SES02916,2026-05-06T10:54:44Z,KHI,ISB,2026-06-08,4,ios,19
S1001662,SES00292,2026-05-06T10:55:11Z,ISB,SHJ,2026-07-27,1,bot,22
S1004867,SES01472,2026-05-06T11:12:35Z,LHE,DXB,2026-05-31,1,android,4
S1005532,SES01718,2026-05-06T11:17:33Z,ISB,SHJ,2026-08-28,1,desktop,23
S1000160,SES02248,2026-05-06T11:27:42Z,KHI,DXB,2026-07-29,1,android,22
S1006738,SES00606,2026-05-06T11:28:47Z,LHE,JED,2026-08-03,1,desktop,3
S1002694,SES00511,2026-05-06T11:43:38Z,LHE,KHI,2026-08-17,2,mobile_web,40
S1006146,SES02515,2026-05-06T11:45:52Z,SHJ,KHI,2026-06-15,2,ios,28
S1006637,SES02207,2026-05-06T11:48:37Z,LHE,DXB,2026-08-13,1,ios,20
S1000023,SES01652,2026-05-06T11:48:46Z,DXB,KHI,2026-07-12,3,desktop,25
S1002508,SES01295,2026-05-06T11:55:35Z,KHI,DXB,2026-05-28,1,desktop,6
S1007296,SES00383,2026-05-06T12:07:41Z,PEW,DXB,2026-05-31,2,desktop,42
S1002121,SES02468,2026-05-06T12:21:33Z,KHI,ISB,2026-07-07,1,android,12
S1002448,SES00316,2026-05-06T12:28:05Z,SHJ,LHE,2026-08-11,4,desktop,1
S1006593,SES00387,2026-05-06T12:35:35Z,KHI,LHE,2026-07-25,1,mobile_web,36
S1007156,SES01466,2026-05-06T12:36:11Z,LHE,ISB,2026-06-06,1,ios,33
S1000052,SES03276,2026-05-06T13:07:07Z,LHE,KHI,2026-06-29,3,mobile_web,44
S1003444,SES01190,2026-05-06T13:12:59Z,KHI,LHE,2026-08-02,1,android,42
S1005572,SES02437,2026-05-06T13:32:13Z,ISB,LHR,2026-08-06,2,desktop,33
S1005786,SES00034,2026-05-06T13:39:16Z,KHI,JED,2026-05-25,2,android,28
S1002992,SES02072,2026-05-06T13:54:47Z,KHI,MUX,2026-08-18,1,desktop,27
S1006291,SES01243,2026-05-06T14:11:13Z,ISB,DXB,2026-06-27,1,ios,41
S1003806,SES02710,2026-05-06T14:23:33Z,PEW,SHJ,2026-07-16,1,desktop,39
S1002737,SES00816,2026-05-06T14:23:36Z,KHI,LHE,2026-05-24,3,mobile_web,5
S1003287,SES00389,2026-05-06T14:25:29Z,KHI,ISB,2026-05-18,2,android,19
S1002633,SES00972,2026-05-06T15:00:28Z,PEW,DXB,2026-08-29,1,android,41
S1000865,SES01828,2026-05-06T15:05:26Z,LHE,DXB,2026-05-29,1,android,25
S1001685,SES02164,2026-05-06T15:13:27Z,ISB,SHJ,2026-06-18,1,mobile_web,11
S1006670,SES02598,2026-05-06T15:22:05Z,LHE,SHJ,2026-08-28,1,mobile_web,45
S1006739,SES00291,2026-05-06T15:24:17Z,KHI,SHJ,2026-08-11,1,ios,35
S1006419,SES02269,2026-05-06T15:35:10Z,DXB,LHE,2026-07-30,1,mobile_web,44
S1006648,SES00641,2026-05-06T15:39:11Z,PEW,SHJ,2026-05-26,1,desktop,30
S1004853,SES00432,2026-05-06T16:06:49Z,KHI,MUX,2026-08-05,1,bot,1
S9572811,SES00750,2026-05-06T16:07:03Z,LHR,ISB,2026-08-30,2,desktop,16
S1001485,SES01821,2026-05-06T16:24:04Z,DXB,KHI,2026-08-12,1,ios,46
S1001954,SES00681,2026-05-06T16:24:20Z,LHE,DXB,2026-08-11,4,android,37
S1002418,SES02944,2026-05-06T16:35:37Z,KHI,LHE,2026-05-27,3,bot,43
S1001658,SES00888,2026-05-06T16:39:45Z,KHI,SKT,2026-08-01,2,ios,19
S1004496,SES00129,2026-05-06T16:41:30Z,KHI,LHE,2026-08-12,1,android,22
S1002393,SES02687,2026-05-06T16:44:34Z,KHI,LHE,2026-07-05,1,android,18
S1000719,SES02313,2026-05-06T16:50:27Z,KHI,UET,2026-08-11,2,ios,37
S1001170,SES03015,2026-05-06T17:26:04Z,SHJ,LHE,2026-07-30,1,ios,24
S1004059,SES00244,2026-05-06T17:45:43Z,ISB,KHI,2026-05-18,1,ios,7
S1005754,SES03003,2026-05-06T17:56:05Z,PEW,DXB,2026-07-07,2,desktop,18
S1003340,SES00755,2026-05-06T17:56:14Z,ISB,KHI,2026-08-03,3,android,27
S1002109,SES03227,2026-05-06T18:00:49Z,ISB,SHJ,2026-07-03,1,ios,32
S1000277,SES01756,2026-05-06T18:01:47Z,KHI,ISB,2026-06-22,3,desktop,25
S1006298,SES02340,2026-05-06T18:10:39Z,ISB,SHJ,2026-07-11,1,ios,12
S1007291,SES00865,2026-05-06T18:13:49Z,KHI,SHJ,2026-07-27,1,android,20
S1004971,SES01941,2026-05-06T18:18:04Z,ISB,LHE,2026-05-26,3,mobile_web,37
S1006277,SES00041,2026-05-06T18:19:58Z,KHI,LHE,2026-07-21,1,mobile_web,30
S9360795,SES01598,2026-05-06T18:37:36Z,PEW,SHJ,2026-08-26,2,android,23
S1003098,SES01683,2026-05-06T18:40:43Z,LHE,KHI,2026-06-12,1,android,16
S1005949,SES02626,2026-05-06T18:56:29Z,LHE,JED,2026-06-12,3,ios,6
S1007300,SES03123,2026-05-06T18:58:10Z,KHI,MUX,2026-05-19,2,android,19
S1001072,SES02797,2026-05-06T19:25:44Z,KHI,ISB,2026-06-24,1,desktop,18
S1001239,SES02802,2026-05-06T19:32:53Z,KHI,SHJ,2026-06-09,1,ios,21
S1007483,SES00544,2026-05-06T19:44:52Z,LHE,KHI,2026-07-16,2,android,11
S1004569,SES00639,2026-05-06T20:15:51Z,LHE,KHI,2026-06-02,3,ios,11
S1000705,SES01210,2026-05-06T20:36:23Z,PEW,SHJ,2026-06-23,4,android,21
S1003016,SES01909,2026-05-06T21:02:31Z,KHI,LHE,2026-05-29,2,ios,39
S1001814,SES02010,2026-05-06T21:07:28Z,SHJ,KHI,2026-05-08,1,android,11
S1001947,SES01165,2026-05-06T21:15:16Z,LHE,JED,2026-06-18,1,android,47
S1000650,SES02070,2026-05-06T21:38:23Z,KHI,SHJ,2026-07-10,1,android,28
S1004597,SES02178,2026-05-06T21:39:44Z,KHI,LHE,2026-06-12,2,android,11
S1006408,SES02381,2026-05-06T22:03:27Z,KHI,SKT,2026-07-02,1,android,41
S1006618,SES02234,2026-05-06T22:05:26Z,PEW,SHJ,2026-07-07,2,desktop,8
S1003606,SES01058,2026-05-06T22:13:01Z,KHI,MUX,2026-06-17,1,bot,40
S1002097,SES02833,2026-05-06T22:13:53Z,KHI,ISB,2026-06-21,2,ios,27
S1007340,SES02224,2026-05-06T22:19:11Z,ISB,LHE,2026-06-15,1,android,23
S1003285,SES02750,2026-05-06T22:20:52Z,KHI,SHJ,2026-06-18,1,ios,3
S1000211,SES00457,2026-05-06T22:24:41Z,ISB,PEW,2026-05-13,1,mobile_web,44
S1003323,SES01002,2026-05-06T22:36:48Z,PEW,SHJ,2026-05-24,1,ios,33
S1007924,SES03335,2026-05-06T22:38:48Z,KHI,LHE,2026-08-12,4,mobile_web,8
S1004355,SES00270,2026-05-06T22:38:50Z,DXB,LHE,2026-07-20,1,mobile_web,22
S1005779,SES01390,2026-05-06T22:42:52Z,ISB,SHJ,2026-07-29,1,android,37
S1000380,SES02675,2026-05-06T22:52:50Z,ISB,SHJ,2026-09-03,1,desktop,48
S1004514,SES00305,2026-05-06T22:59:50Z,KHI,LHE,2026-06-04,1,android,8
S1004456,SES00981,2026-05-06T23:07:03Z,LHE,JED,2026-06-07,1,android,7
S1004522,SES00873,2026-05-06T23:21:40Z,LHE,KHI,2026-08-14,1,android,22
S1001173,SES03362,2026-05-06T23:32:14Z,KHI,LHE,2026-08-06,4,desktop,24
S1003115,SES02749,2026-05-06T23:41:34Z,ISB,SHJ,2026-05-11,1,desktop,16
S1006302,SES00169,2026-05-06T23:47:28Z,LHE,DXB,2026-05-21,1,android,44
S1005782,SES02174,2026-05-06T23:49:16Z,KHI,MUX,2026-08-05,1,mobile_web,20
S1006946,SES00954,2026-05-07T00:18:25Z,KHI,MUX,2026-07-24,1,android,14
S1002655,SES01764,2026-05-07T00:21:43Z,ISB,KHI,2026-05-31,2,android,5
S1007382,SES02487,2026-05-07T00:41:42Z,KHI,LHE,2026-07-17,1,desktop,1
S1005323,SES00583,2026-05-07T00:43:49Z,KHI,MUX,2026-06-16,1,android,21
S1003829,SES00232,2026-05-07T00:49:42Z,ISB,DXB,2026-06-28,1,android,11
S1003660,SES01109,2026-05-07T00:50:32Z,KHI,PEW,2026-06-01,1,desktop,28
S1006869,SES02342,2026-05-07T01:03:54Z,KHI,LHE,2026-06-12,3,desktop,23
S1003240,SES02323,2026-05-07T01:07:25Z,DXB,ISB,2026-06-30,1,ios,38
S1002326,SES02630,2026-05-07T01:19:03Z,LHE,SHJ,2026-05-10,1,ios,27
S1005865,SES02087,2026-05-07T01:19:03Z,KHI,MUX,2026-08-26,1,android,37
S1005221,SES03196,2026-05-07T01:51:43Z,KHI,UET,2026-05-08,2,mobile_web,48
S1000185,SES02270,2026-05-07T02:20:32Z,KHI,JED,2026-06-20,1,mobile_web,39
S1006006,SES00655,2026-05-07T03:03:09Z,LHE,SHJ,2026-06-05,1,android,6
S1007173,SES01620,2026-05-07T03:12:02Z,KHI,ISB,2026-09-01,1,android,26
S1002864,SES02574,2026-05-07T03:15:01Z,KHI,PEW,2026-07-02,1,android,20
S1007053,SES00770,2026-05-07T03:16:51Z,PEW,DXB,2026-05-24,1,android,27
S1003169,SES00570,2026-05-07T03:18:06Z,KHI,ISB,2026-08-15,2,android,22
S9339323,SES00587,2026-05-07T03:31:42Z,KHI,SKT,2026-08-25,2,desktop,33
S1004591,SES01606,2026-05-07T03:37:31Z,LHE,ISB,2026-05-14,2,android,22
S1007169,SES00691,2026-05-07T03:40:48Z,KHI,ISB,2026-08-04,3,ios,23
S1004643,SES02030,2026-05-07T03:49:17Z,KHI,SHJ,2026-06-03,1,android,15
S1002863,SES00722,2026-05-07T03:54:53Z,SHJ,LHE,2026-07-03,3,android,32
S1005094,SES03170,2026-05-07T03:59:58Z,LHE,KHI,2026-08-13,2,mobile_web,48
S1006966,SES00844,2026-05-07T04:02:42Z,KHI,ISB,2026-07-02,2,android,7
S1003736,SES00556,2026-05-07T04:06:59Z,LHE,KHI,2026-06-23,3,android,4
S1005019,SES01718,2026-05-07T04:11:22Z,ISB,PEW,2026-08-19,1,android,14
S1003274,SES00949,2026-05-07T04:30:38Z,LHE,KHI,2026-05-26,1,android,7
S1003484,SES00151,2026-05-07T04:45:34Z,KHI,DXB,2026-08-09,2,android,34
S1002294,SES02295,2026-05-07T05:04:39Z,LHE,KHI,2026-05-10,2,ios,48
S1002385,SES03329,2026-05-07T05:06:58Z,KHI,LHE,2026-05-20,1,android,43
S9660570,SES00680,2026-05-07T05:23:27Z,ISB,KHI,2026-05-27,3,desktop,38
S1002990,SES02560,2026-05-07T05:42:47Z,LHE,ISB,2026-06-13,1,desktop,36
S1001744,SES03221,2026-05-07T06:40:50Z,DXB,KHI,2026-06-09,1,desktop,39
S1000240,SES03002,2026-05-07T06:46:07Z,KHI,ISB,2026-07-08,2,mobile_web,40
S1005204,SES00877,2026-05-07T06:49:41Z,KHI,PEW,2026-05-17,1,android,24
S1007407,SES00142,2026-05-07T07:01:19Z,KHI,LHE,2026-07-05,4,desktop,23
S1004939,SES01502,2026-05-07T07:16:47Z,KHI,LHE,2026-05-19,1,bot,2
S1006933,SES01031,2026-05-07T07:51:03Z,ISB,SHJ,2026-09-04,1,bot,6
S1006399,SES02942,2026-05-07T07:54:03Z,ISB,SHJ,2026-08-30,1,desktop,13
S1001048,SES00742,2026-05-07T08:05:09Z,KHI,ISB,2026-05-19,2,desktop,37
S1001703,SES00551,2026-05-07T08:09:39Z,DXB,LHE,2026-08-27,4,android,21
S1004178,SES00226,2026-05-07T08:13:42Z,LHE,SHJ,2026-05-08,4,desktop,45
S1005149,SES00302,2026-05-07T08:22:43Z,PEW,DXB,2026-08-28,1,mobile_web,24
S1007701,SES02318,2026-05-07T08:22:48Z,KHI,SHJ,2026-05-14,3,mobile_web,1
S1005838,SES03390,2026-05-07T08:28:19Z,KHI,DXB,2026-05-29,4,mobile_web,31
S1005988,SES01116,2026-05-07T08:35:36Z,ISB,SHJ,2026-08-27,1,desktop,21
S1002596,SES00668,2026-05-07T08:44:47Z,LHE,KHI,2026-08-08,1,android,8
S1006568,SES00373,2026-05-07T08:51:25Z,LHE,SHJ,2026-05-12,2,mobile_web,19
S1001405,SES03031,2026-05-07T09:00:52Z,ISB,KHI,2026-06-17,2,desktop,35
S1001038,SES01437,2026-05-07T09:08:57Z,KHI,LHE,2026-08-31,1,android,3
S1007523,SES00750,2026-05-07T09:10:20Z,KHI,DXB,2026-09-02,1,android,0
S1002842,SES00335,2026-05-07T09:22:14Z,SHJ,KHI,2026-06-26,2,mobile_web,14
S1007365,SES01642,2026-05-07T10:21:46Z,KHI,LHE,2026-07-11,1,desktop,35
S1004555,SES00123,2026-05-07T10:49:29Z,KHI,DXB,2026-08-02,1,android,12
S1005735,SES00430,2026-05-07T11:23:58Z,KHI,DXB,2026-07-28,2,mobile_web,18
S1001296,SES03342,2026-05-07T11:38:10Z,ISB,PEW,2026-06-17,1,desktop,48
S1002714,SES02901,2026-05-07T11:44:20Z,LHE,ISB,2026-05-29,1,android,22
S1005069,SES01795,2026-05-07T11:53:10Z,PEW,SHJ,2026-07-04,3,desktop,48
S1003675,SES03016,2026-05-07T11:54:10Z,KHI,LHE,2026-05-27,1,android,19
S1005549,SES01136,2026-05-07T12:07:14Z,KHI,LHE,2026-06-17,1,android,41
S1004781,SES00268,2026-05-07T12:11:41Z,KHI,JED,2026-08-14,1,android,9
S1001006,SES01967,2026-05-07T12:20:06Z,LHE,ISB,2026-08-30,1,bot,45
S1006791,SES00450,2026-05-07T12:30:00Z,ISB,LHR,2026-08-09,2,desktop,35
S1005118,SES00543,2026-05-07T12:42:23Z,KHI,ISB,2026-05-23,2,ios,8
S1004086,SES00055,2026-05-07T12:44:14Z,LHE,ISB,2026-06-12,2,bot,34
S1001354,SES02851,2026-05-07T12:45:48Z,LHE,KHI,2026-08-29,2,desktop,4
S1007518,SES00876,2026-05-07T13:15:46Z,PEW,DXB,2026-09-02,1,ios,14
S1003391,SES01072,2026-05-07T13:29:06Z,PEW,SHJ,2026-09-02,2,android,46
S1002131,SES00273,2026-05-07T13:34:20Z,LHE,DXB,2026-09-01,2,desktop,15
S1007771,SES00272,2026-05-07T13:43:41Z,KHI,DXB,2026-05-14,1,desktop,25
S1005570,SES00792,2026-05-07T13:44:18Z,ISB,SHJ,2026-05-14,1,bot,8
S1007122,SES03129,2026-05-07T13:59:36Z,KHI,PEW,2026-08-29,1,android,20
S1007808,SES03276,2026-05-07T14:05:15Z,KHI,SHJ,2026-07-07,1,ios,19
S1000882,SES03339,2026-05-07T14:28:56Z,KHI,ISB,2026-07-08,3,android,33
S1001557,SES02766,2026-05-07T14:33:19Z,KHI,ISB,2026-08-07,1,android,18
S1004935,SES03102,2026-05-07T14:45:24Z,KHI,ISB,2026-06-15,1,desktop,42
S1004509,SES00811,2026-05-07T15:24:53Z,LHE,DXB,2026-05-15,2,android,40
S1007444,SES02950,2026-05-07T15:31:52Z,KHI,ISB,2026-08-26,1,desktop,34
S1005519,SES00727,2026-05-07T15:36:18Z,KHI,MUX,2026-08-15,4,android,47
S1006218,SES01473,2026-05-07T15:37:17Z,LHE,DXB,2026-07-30,2,mobile_web,17
S1003730,SES01265,2026-05-07T15:48:44Z,ISB,DXB,2026-06-13,1,android,12
S1007180,SES00868,2026-05-07T16:15:46Z,KHI,ISB,2026-06-19,3,android,44
S9591319,SES00802,2026-05-07T16:15:46Z,KHI,LHE,2026-08-31,2,desktop,38
S1005903,SES00305,2026-05-07T16:50:22Z,KHI,SHJ,2026-08-26,2,desktop,8
S1001203,SES01670,2026-05-07T17:02:20Z,KHI,LHE,2026-07-20,1,desktop,29
S1000243,SES02848,2026-05-07T17:07:51Z,KHI,ISB,2026-06-26,1,bot,21
S1003007,SES02083,2026-05-07T17:19:42Z,KHI,SHJ,2026-08-30,2,android,35
S1005211,SES01962,2026-05-07T17:19:57Z,SHJ,KHI,2026-07-08,1,ios,30
S1007537,SES02948,2026-05-07T17:32:58Z,LHE,DXB,2026-08-24,1,desktop,22
S1007114,SES02354,2026-05-07T17:33:36Z,DXB,ISB,2026-05-26,4,android,14
S1002311,SES01204,2026-05-07T17:38:22Z,DXB,LHE,2026-08-18,1,desktop,40
S1000056,SES01774,2026-05-07T18:04:21Z,LHE,JED,2026-07-20,1,android,36
S1001186,SES00384,2026-05-07T18:17:24Z,ISB,SHJ,2026-07-12,1,ios,12
S1000150,SES00006,2026-05-07T18:18:31Z,LHE,DXB,2026-05-21,1,desktop,21
S9380563,SES00455,2026-05-07T18:19:01Z,LHE,SHJ,2026-06-22,1,desktop,28
S9653274,SES02131,2026-05-07T18:38:53Z,KHI,DXB,2026-05-14,1,desktop,37
S1007994,SES00149,2026-05-07T19:24:35Z,KHI,ISB,2026-08-12,1,mobile_web,34
S1005035,SES02209,2026-05-07T19:30:52Z,KHI,JED,2026-06-04,1,android,46
S1001030,SES03166,2026-05-07T20:26:43Z,ISB,SHJ,2026-08-04,3,mobile_web,17
S1007434,SES01268,2026-05-07T20:58:27Z,PEW,DXB,2026-08-16,1,mobile_web,45
S1001966,SES00375,2026-05-07T21:03:55Z,KHI,SHJ,2026-09-01,1,android,26
S1007630,SES02966,2026-05-07T21:08:29Z,PEW,DXB,2026-05-16,1,desktop,29
S1003125,SES02094,2026-05-07T21:19:49Z,KHI,ISB,2026-05-24,4,mobile_web,6
S1007685,SES01155,2026-05-07T21:26:21Z,DXB,ISB,2026-07-09,3,android,22
S1001532,SES00799,2026-05-07T21:35:58Z,LHE,ISB,2026-08-24,1,android,20
S1001021,SES01881,2026-05-07T21:42:34Z,KHI,SHJ,2026-05-18,1,desktop,22
S1003721,SES02406,2026-05-07T21:45:52Z,LHE,KHI,2026-06-14,1,desktop,44
S1001215,SES03379,2026-05-07T21:49:35Z,KHI,LHE,2026-07-07,2,android,36
S1005012,SES03215,2026-05-07T21:59:12Z,ISB,KHI,2026-08-29,2,android,36
S9295443,SES01034,2026-05-07T22:04:07Z,KHI,MUX,2026-05-26,1,desktop,34
S9436286,SES01929,2026-05-07T22:05:30Z,ISB,KHI,2026-05-15,1,desktop,21
S1004720,SES00450,2026-05-07T22:06:20Z,KHI,LHE,2026-09-01,1,android,17
S1001410,SES02337,2026-05-07T22:13:06Z,PEW,SHJ,2026-09-01,1,android,3
S1000659,SES00612,2026-05-07T22:25:55Z,ISB,PEW,2026-08-27,1,ios,43
S1001923,SES02799,2026-05-07T23:25:40Z,PEW,DXB,2026-08-23,1,android,2
S1007016,SES03263,2026-05-07T23:29:13Z,LHE,ISB,2026-07-16,1,ios,36
S1003271,SES03365,2026-05-07T23:32:22Z,KHI,SHJ,2026-08-09,2,android,7
S1005244,SES03387,2026-05-07T23:44:12Z,KHI,LHE,2026-06-08,2,ios,42
S1001823,SES01266,2026-05-07T23:58:40Z,LHE,ISB,2026-07-04,2,android,19
S1000914,SES02105,2026-05-07T23:59:53Z,KHI,LHE,2026-06-07,1,ios,31
S1001898,SES00376,2026-05-08T00:14:09Z,KHI,ISB,2026-07-07,1,ios,14
S1005670,SES02748,2026-05-08T00:33:58Z,DXB,KHI,2026-06-13,4,desktop,36
S1007100,SES03057,2026-05-08T00:34:14Z,LHE,DXB,2026-06-17,1,desktop,22
S1003934,SES00831,2026-05-08T00:53:59Z,LHE,KHI,2026-07-13,1,mobile_web,17
S9275736,SES01421,2026-05-08T01:07:23Z,SHJ,KHI,2026-05-13,4,desktop,16
S1003506,SES00037,2026-05-08T01:13:18Z,LHE,ISB,2026-08-22,4,mobile_web,22
S1005331,SES00146,2026-05-08T01:23:25Z,KHI,LHE,2026-06-25,4,android,31
S1006651,SES03009,2026-05-08T01:51:09Z,KHI,ISB,2026-08-06,1,android,10
S1006364,SES02485,2026-05-08T02:00:23Z,PEW,DXB,2026-08-22,3,bot,27
S1000943,SES02478,2026-05-08T02:08:51Z,ISB,KHI,2026-05-21,3,mobile_web,32
S1006857,SES01055,2026-05-08T02:33:58Z,SHJ,KHI,2026-06-16,1,android,3
S1004322,SES02726,2026-05-08T02:38:06Z,KHI,MUX,2026-05-16,1,desktop,0
S1007631,SES00088,2026-05-08T02:38:41Z,SHJ,KHI,2026-08-16,2,android,29
S1003817,SES02900,2026-05-08T02:42:24Z,ISB,KHI,2026-07-01,1,ios,44
S1001070,SES02883,2026-05-08T02:54:56Z,ISB,SHJ,2026-06-10,4,ios,10
S1002642,SES00280,2026-05-08T02:58:02Z,LHE,SHJ,2026-09-03,1,desktop,20
S1006506,SES00140,2026-05-08T03:26:51Z,ISB,SHJ,2026-07-29,2,ios,8
S1001845,SES01177,2026-05-08T03:26:53Z,LHE,KHI,2026-06-01,4,desktop,17
S1000572,SES01446,2026-05-08T03:31:10Z,ISB,SHJ,2026-06-09,4,mobile_web,23
S1006450,SES01682,2026-05-08T03:36:22Z,KHI,ISB,2026-08-23,2,android,36
S1000971,SES02873,2026-05-08T03:39:25Z,LHE,JED,2026-07-21,2,desktop,17
S1003005,SES01496,2026-05-08T03:43:42Z,KHI,MUX,2026-06-03,4,android,16
S1005218,SES03284,2026-05-08T03:51:04Z,KHI,DXB,2026-08-27,3,android,13
S1006867,SES00569,2026-05-08T03:59:45Z,KHI,LHE,2026-08-04,2,desktop,3
S1007848,SES02568,2026-05-08T04:02:37Z,LHE,KHI,2026-07-15,1,android,24
S1002589,SES01055,2026-05-08T04:08:10Z,KHI,ISB,2026-08-23,4,android,12
S1003008,SES02210,2026-05-08T04:18:01Z,KHI,MUX,2026-05-13,1,android,32
S1007510,SES00984,2026-05-08T04:27:17Z,LHE,KHI,2026-08-12,1,desktop,32
S9762829,SES02974,2026-05-08T04:27:41Z,KHI,SKT,2026-05-16,1,android,29
S1006615,SES03253,2026-05-08T04:39:32Z,ISB,DXB,2026-06-12,1,android,38
S1004878,SES00368,2026-05-08T04:52:10Z,KHI,LHE,2026-07-24,1,desktop,12
S1002548,SES00563,2026-05-08T04:54:24Z,KHI,LHE,2026-05-13,1,mobile_web,42
S1005128,SES00068,2026-05-08T05:12:04Z,ISB,LHE,2026-06-12,1,android,0
S1003848,SES01072,2026-05-08T05:22:48Z,KHI,PEW,2026-07-12,2,android,37
S1004943,SES02466,2026-05-08T05:38:14Z,ISB,LHR,2026-08-04,2,mobile_web,41
S1002923,SES00379,2026-05-08T05:39:16Z,KHI,PEW,2026-08-15,1,android,27
S1001459,SES00291,2026-05-08T05:39:31Z,KHI,DXB,2026-07-05,2,ios,28
S1005586,SES00719,2026-05-08T05:52:49Z,KHI,DXB,2026-06-25,1,ios,38
S1001233,SES00529,2026-05-08T05:53:56Z,KHI,LHE,2026-09-03,1,android,48
S1001500,SES02597,2026-05-08T06:09:45Z,LHE,JED,2026-08-24,4,bot,22
S1001357,SES03019,2026-05-08T06:10:21Z,ISB,LHR,2026-08-23,1,android,7
S9864995,SES00887,2026-05-08T06:23:15Z,LHE,DXB,2026-05-19,2,android,25
S1003359,SES02578,2026-05-08T06:45:08Z,DXB,KHI,2026-06-27,1,mobile_web,47
S1003000,SES02557,2026-05-08T07:14:57Z,KHI,LHE,2026-06-15,1,mobile_web,13
S1007597,SES02472,2026-05-08T07:51:23Z,ISB,DXB,2026-05-23,1,desktop,44
S1000061,SES02010,2026-05-08T07:52:45Z,LHE,DXB,2026-05-12,1,android,35
S1005360,SES01864,2026-05-08T08:00:18Z,SHJ,KHI,2026-08-08,3,android,15
S1002570,SES02716,2026-05-08T08:01:59Z,LHE,SHJ,2026-06-30,2,android,35
S9887375,SES00958,2026-05-08T08:06:22Z,PEW,SHJ,2026-05-25,1,desktop,23
S1004696,SES02081,2026-05-08T08:11:59Z,KHI,DXB,2026-05-09,1,android,25
S1004673,SES02538,2026-05-08T08:14:08Z,LHE,KHI,2026-05-29,2,desktop,18
S1004083,SES00844,2026-05-08T08:23:32Z,KHI,DXB,2026-08-31,1,android,10
S1005512,SES01560,2026-05-08T08:32:58Z,LHE,JED,2026-05-13,2,desktop,7
S1001152,SES01689,2026-05-08T08:47:02Z,DXB,KHI,2026-09-02,1,mobile_web,26
S1004363,SES01981,2026-05-08T08:58:26Z,KHI,LHE,2026-08-11,1,desktop,34
S1005403,SES02690,2026-05-08T09:27:27Z,DXB,ISB,2026-05-10,1,bot,24
S1006802,SES01321,2026-05-08T09:47:00Z,LHE,KHI,2026-06-13,4,android,45
S1001060,SES02917,2026-05-08T09:53:56Z,LHE,DXB,2026-07-23,1,android,36
S1005573,SES02150,2026-05-08T10:02:10Z,KHI,ISB,2026-06-25,1,mobile_web,38
S1006459,SES01951,2026-05-08T10:03:52Z,KHI,SHJ,2026-06-01,1,ios,16
S1004121,SES02760,2026-05-08T10:15:45Z,LHE,ISB,2026-06-05,1,ios,17
S1001955,SES02472,2026-05-08T10:34:39Z,KHI,ISB,2026-05-23,3,mobile_web,37
S1000584,SES00927,2026-05-08T10:35:17Z,KHI,DXB,2026-06-11,2,ios,9
S1004350,SES00163,2026-05-08T10:38:53Z,KHI,UET,2026-06-25,4,android,20
S1000483,SES00643,2026-05-08T11:02:30Z,KHI,DXB,2026-08-03,1,desktop,21
S1005052,SES01889,2026-05-08T11:08:27Z,DXB,ISB,2026-05-17,3,ios,36
S1000901,SES00138,2026-05-08T11:11:16Z,KHI,LHE,2026-06-09,1,ios,30
S1002761,SES00540,2026-05-08T11:14:49Z,LHE,SHJ,2026-07-20,2,android,41
S1001488,SES01617,2026-05-08T11:34:14Z,LHE,DXB,2026-07-17,2,desktop,10
S1005739,SES01024,2026-05-08T11:49:20Z,ISB,PEW,2026-05-27,3,android,11
S1004211,SES00008,2026-05-08T11:53:47Z,LHR,ISB,2026-06-18,1,mobile_web,47
S1007401,SES00871,2026-05-08T12:03:32Z,ISB,LHE,2026-07-10,1,android,7
S1005897,SES01674,2026-05-08T12:17:36Z,DXB,KHI,2026-06-12,2,mobile_web,45
S1001027,SES02985,2026-05-08T12:22:55Z,ISB,LHE,2026-07-05,2,android,48
S1003156,SES02610,2026-05-08T12:27:15Z,LHE,SHJ,2026-06-16,1,mobile_web,10
S1006219,SES01456,2026-05-08T12:28:56Z,ISB,PEW,2026-08-20,4,mobile_web,2
S1000833,SES02934,2026-05-08T12:32:21Z,KHI,DXB,2026-07-20,2,android,12
S1001780,SES01484,2026-05-08T12:33:39Z,DXB,LHE,2026-08-06,1,desktop,40
S1005918,SES01163,2026-05-08T12:40:42Z,LHE,DXB,2026-07-19,2,android,9
S1002179,SES01111,2026-05-08T13:00:25Z,KHI,MUX,2026-08-31,1,android,3
S1005468,SES01545,2026-05-08T13:30:56Z,SHJ,LHE,2026-05-19,1,ios,22
S1001904,SES01630,2026-05-08T13:37:39Z,KHI,ISB,2026-09-03,2,android,24
S1005546,SES00213,2026-05-08T13:38:44Z,KHI,DXB,2026-07-10,1,android,35
S1006982,SES00013,2026-05-08T13:40:18Z,ISB,KHI,2026-05-28,2,ios,13
S1007391,SES02052,2026-05-08T13:40:47Z,KHI,LHE,2026-07-25,1,android,29
S1002278,SES02295,2026-05-08T13:46:50Z,SHJ,KHI,2026-06-03,1,desktop,1
S1002010,SES00563,2026-05-08T13:54:41Z,PEW,DXB,2026-08-02,1,mobile_web,14
S1002738,SES01144,2026-05-08T13:57:29Z,KHI,ISB,2026-05-25,1,desktop,4
S1006561,SES01465,2026-05-08T14:05:06Z,KHI,ISB,2026-08-26,1,android,43
S1002057,SES01551,2026-05-08T14:21:22Z,KHI,ISB,2026-08-04,4,mobile_web,36
S1003714,SES00710,2026-05-08T14:37:24Z,KHI,PEW,2026-07-15,1,android,21
S1006713,SES00446,2026-05-08T14:41:37Z,ISB,SHJ,2026-06-09,1,bot,7
S1003276,SES01892,2026-05-08T14:52:25Z,ISB,LHR,2026-08-23,1,bot,45
S1003836,SES03071,2026-05-08T14:53:06Z,KHI,JED,2026-07-29,4,android,33
S1007247,SES00252,2026-05-08T14:57:19Z,ISB,KHI,2026-08-29,4,desktop,22
S1004487,SES01209,2026-05-08T15:14:46Z,ISB,SHJ,2026-05-26,2,ios,5
S1001952,SES00520,2026-05-08T15:24:27Z,LHE,JED,2026-08-03,1,desktop,41
S9713622,SES01163,2026-05-08T15:38:43Z,KHI,ISB,2026-05-16,3,desktop,15
S1007288,SES00140,2026-05-08T16:09:08Z,KHI,ISB,2026-06-23,4,ios,23
S1004838,SES03363,2026-05-08T16:15:42Z,KHI,LHE,2026-07-17,2,android,12
S1005337,SES00027,2026-05-08T16:21:08Z,KHI,SHJ,2026-06-04,1,ios,25
S1005528,SES03232,2026-05-08T16:30:37Z,KHI,SKT,2026-07-20,4,desktop,46
S1003847,SES01369,2026-05-08T16:33:19Z,KHI,DXB,2026-08-04,4,mobile_web,26
S1007627,SES02676,2026-05-08T16:38:12Z,KHI,PEW,2026-07-06,1,android,36
S1001790,SES00493,2026-05-08T16:44:29Z,KHI,DXB,2026-07-12,1,android,33
S1007462,SES00092,2026-05-08T16:47:12Z,KHI,MUX,2026-05-10,2,android,7
S1001115,SES02984,2026-05-08T16:48:20Z,PEW,DXB,2026-05-09,2,android,4
S1004575,SES00306,2026-05-08T16:51:02Z,LHE,SHJ,2026-05-13,1,ios,5
S1006093,SES00906,2026-05-08T16:57:13Z,ISB,DXB,2026-05-25,1,bot,2
S1003469,SES01000,2026-05-08T16:57:36Z,KHI,MUX,2026-05-31,1,desktop,4
S1006858,SES01040,2026-05-08T17:12:19Z,KHI,SHJ,2026-08-03,1,ios,24
S1004437,SES01236,2026-05-08T17:46:08Z,KHI,MUX,2026-05-30,2,ios,16
S1000252,SES01786,2026-05-08T17:59:47Z,KHI,ISB,2026-05-27,4,ios,2
S1001473,SES01560,2026-05-08T18:15:32Z,KHI,SKT,2026-07-26,1,android,11
S1000528,SES00472,2026-05-08T18:17:26Z,LHE,KHI,2026-07-21,2,mobile_web,30
S1004261,SES02285,2026-05-08T18:29:58Z,LHE,KHI,2026-08-01,4,android,5
S1000667,SES01386,2026-05-08T18:37:30Z,LHE,JED,2026-06-02,1,mobile_web,9
S1005488,SES02980,2026-05-08T18:37:52Z,LHE,JED,2026-08-19,1,mobile_web,15
S1001652,SES01661,2026-05-08T18:38:15Z,KHI,JED,2026-06-26,1,desktop,23
S1006059,SES00554,2026-05-08T19:04:39Z,ISB,SHJ,2026-05-31,2,desktop,46
S1004557,SES02856,2026-05-08T19:15:21Z,KHI,MUX,2026-07-13,3,android,22
S1005801,SES01414,2026-05-08T20:11:37Z,KHI,ISB,2026-07-05,1,android,13
S9143097,SES03181,2026-05-08T21:08:37Z,ISB,SHJ,2026-05-28,1,android,25
S1004652,SES01138,2026-05-08T21:13:21Z,KHI,DXB,2026-07-16,3,desktop,3
S1001562,SES01226,2026-05-08T21:34:23Z,ISB,KHI,2026-08-27,3,desktop,15
S1006279,SES01295,2026-05-08T21:35:49Z,KHI,ISB,2026-05-10,3,ios,1
S1001852,SES02818,2026-05-08T21:42:11Z,KHI,PEW,2026-07-01,1,desktop,34
S1003823,SES01712,2026-05-08T21:55:54Z,SHJ,KHI,2026-07-04,1,android,26
S1006556,SES02593,2026-05-08T21:57:36Z,KHI,ISB,2026-06-26,1,android,30
S1006458,SES03124,2026-05-08T22:46:43Z,KHI,LHE,2026-07-23,1,android,21
S1007967,SES01221,2026-05-08T22:56:06Z,DXB,KHI,2026-08-19,4,android,25
S1006368,SES01992,2026-05-08T22:56:54Z,ISB,SHJ,2026-08-28,2,android,23
S1005325,SES03262,2026-05-08T23:02:41Z,LHE,ISB,2026-09-01,1,mobile_web,0
S1001828,SES02453,2026-05-08T23:18:38Z,KHI,LHE,2026-09-03,1,android,8
S1000732,SES00508,2026-05-08T23:30:06Z,KHI,SHJ,2026-09-02,1,ios,25
S1004817,SES02929,2026-05-08T23:42:15Z,KHI,LHE,2026-08-14,4,ios,20
S1003035,SES02996,2026-05-08T23:48:12Z,ISB,PEW,2026-07-28,2,desktop,19
S9741301,SES01865,2026-05-08T23:59:28Z,KHI,SHJ,2026-06-25,3,android,11
S1000123,SES00643,2026-05-09T00:13:20Z,ISB,KHI,2026-07-17,1,android,44
S1006892,SES01675,2026-05-09T00:20:40Z,KHI,SHJ,2026-06-25,2,android,9
S1001791,SES03013,2026-05-09T00:47:22Z,ISB,KHI,2026-07-24,1,android,13
S1005088,SES01852,2026-05-09T00:49:49Z,LHE,KHI,2026-08-19,2,mobile_web,10
S1006608,SES02303,2026-05-09T00:52:15Z,KHI,MUX,2026-08-19,1,android,16
S1004880,SES00139,2026-05-09T01:04:24Z,DXB,KHI,2026-08-09,1,android,8
S1004664,SES00303,2026-05-09T01:14:45Z,ISB,KHI,2026-07-23,1,mobile_web,3
S1000593,SES01611,2026-05-09T01:23:59Z,PEW,DXB,2026-06-01,1,ios,31
S1006137,SES02948,2026-05-09T01:31:00Z,LHE,SHJ,2026-09-05,4,desktop,29
S1006840,SES01462,2026-05-09T01:32:58Z,KHI,LHE,2026-08-12,3,desktop,43
S1006524,SES00966,2026-05-09T01:47:44Z,ISB,SHJ,2026-07-16,1,ios,9
S1000321,SES00260,2026-05-09T02:00:18Z,ISB,KHI,2026-07-20,2,android,23
S1005976,SES03201,2026-05-09T02:08:30Z,LHE,JED,2026-08-04,2,desktop,29
S1005793,SES01902,2026-05-09T02:34:21Z,LHE,ISB,2026-08-31,1,mobile_web,6
S1006075,SES01327,2026-05-09T02:36:38Z,KHI,SHJ,2026-06-26,1,ios,23
S1004218,SES01950,2026-05-09T02:53:20Z,LHE,ISB,2026-06-15,2,android,16
S9829301,SES01123,2026-05-09T03:10:27Z,ISB,PEW,2026-05-12,2,android,31
S1006142,SES01970,2026-05-09T03:15:38Z,KHI,SHJ,2026-05-17,2,desktop,35
S1006313,SES02982,2026-05-09T03:26:04Z,PEW,DXB,2026-05-28,2,android,10
S1003996,SES00901,2026-05-09T03:36:00Z,ISB,KHI,2026-06-24,2,desktop,40
S1003998,SES01962,2026-05-09T04:18:45Z,DXB,ISB,2026-08-05,2,desktop,19
S1000640,SES01201,2026-05-09T04:44:13Z,KHI,LHE,2026-06-04,1,mobile_web,38
S1007647,SES00055,2026-05-09T05:00:31Z,PEW,SHJ,2026-07-19,2,ios,39
S1001433,SES01145,2026-05-09T05:25:24Z,LHE,KHI,2026-06-06,1,desktop,9
S1001463,SES02946,2026-05-09T05:31:22Z,KHI,SHJ,2026-05-30,1,bot,37
S1000852,SES01594,2026-05-09T05:35:23Z,KHI,LHE,2026-05-27,4,ios,4
S1000229,SES02968,2026-05-09T05:38:32Z,LHE,DXB,2026-06-13,1,ios,44
S1006767,SES02351,2026-05-09T05:38:51Z,LHE,DXB,2026-05-22,1,android,10
S1003060,SES00421,2026-05-09T05:56:05Z,KHI,MUX,2026-06-08,1,mobile_web,13
S1000823,SES00964,2026-05-09T06:29:04Z,LHE,KHI,2026-05-21,1,desktop,26
S1003550,SES02947,2026-05-09T06:30:52Z,PEW,DXB,2026-06-10,1,desktop,10
S1003381,SES00818,2026-05-09T06:45:26Z,KHI,MUX,2026-06-05,1,mobile_web,21
S1004808,SES03032,2026-05-09T06:45:46Z,KHI,ISB,2026-08-22,1,ios,11
S1007178,SES02234,2026-05-09T06:54:21Z,ISB,LHE,2026-05-12,1,desktop,28
S9891397,SES01294,2026-05-09T07:19:44Z,ISB,PEW,2026-05-20,2,android,29
S1000395,SES02763,2026-05-09T07:24:20Z,ISB,SHJ,2026-08-30,2,android,42
S1005534,SES02772,2026-05-09T07:25:52Z,KHI,SHJ,2026-06-20,3,android,47
S1001635,SES01654,2026-05-09T07:26:06Z,KHI,LHE,2026-08-01,1,mobile_web,7
S1006184,SES03112,2026-05-09T07:34:04Z,DXB,ISB,2026-06-15,1,mobile_web,19
S1004756,SES02705,2026-05-09T07:55:14Z,KHI,LHE,2026-06-30,1,android,15
S1007087,SES02829,2026-05-09T08:08:02Z,KHI,SHJ,2026-07-19,1,mobile_web,44
S9740612,SES00996,2026-05-09T08:13:06Z,LHE,KHI,2026-05-18,1,android,31
S1007788,SES00127,2026-05-09T08:20:57Z,LHE,KHI,2026-06-06,1,android,26
S1003711,SES02357,2026-05-09T08:56:08Z,PEW,DXB,2026-06-29,4,android,4
S1002790,SES02401,2026-05-09T08:59:24Z,KHI,LHE,2026-07-07,1,ios,22
S1003211,SES02358,2026-05-09T09:01:36Z,LHE,KHI,2026-06-23,1,desktop,6
S1004153,SES01337,2026-05-09T09:12:14Z,KHI,DXB,2026-07-25,4,ios,32
S1003368,SES02218,2026-05-09T09:19:49Z,LHE,DXB,2026-06-07,4,android,18
S1000383,SES02570,2026-05-09T09:23:13Z,DXB,KHI,2026-08-06,1,android,16
S1006268,SES01673,2026-05-09T09:48:12Z,KHI,LHE,2026-08-05,1,mobile_web,14
S1003124,SES03359,2026-05-09T09:52:14Z,KHI,UET,2026-07-06,1,android,47
S1005616,SES01893,2026-05-09T10:02:38Z,ISB,SHJ,2026-07-22,1,android,12
S1002657,SES00703,2026-05-09T10:04:14Z,KHI,LHE,2026-05-15,1,ios,36
S1004621,SES01565,2026-05-09T10:06:23Z,ISB,DXB,2026-08-24,2,android,17
S1003191,SES01463,2026-05-09T10:25:44Z,LHE,KHI,2026-05-11,2,ios,30
S1001872,SES03242,2026-05-09T10:26:09Z,LHE,ISB,2026-05-13,2,desktop,11
S1004358,SES02546,2026-05-09T11:03:45Z,KHI,SKT,2026-06-27,2,ios,30
S1000641,SES00319,2026-05-09T11:05:38Z,ISB,KHI,2026-07-12,2,mobile_web,36
S1004972,SES00458,2026-05-09T11:20:35Z,KHI,ISB,2026-05-21,1,desktop,19
S9972965,SES03267,2026-05-09T11:24:26Z,LHE,ISB,2026-05-28,4,desktop,39
S1005397,SES01577,2026-05-09T11:25:35Z,KHI,ISB,2026-07-13,2,android,28
S1005037,SES00223,2026-05-09T11:31:43Z,KHI,LHE,2026-06-09,1,bot,29
S1005928,SES02255,2026-05-09T11:34:58Z,ISB,LHE,2026-08-26,1,android,1
S1003745,SES00712,2026-05-09T11:43:46Z,LHE,ISB,2026-07-23,1,android,21
S1003377,SES00584,2026-05-09T11:51:41Z,SHJ,KHI,2026-07-06,1,desktop,35
S1002772,SES00680,2026-05-09T12:13:43Z,KHI,LHE,2026-06-19,1,mobile_web,1
S1006331,SES02166,2026-05-09T12:17:28Z,ISB,SHJ,2026-08-19,1,android,2
S1002609,SES00608,2026-05-09T12:20:37Z,KHI,LHE,2026-06-28,1,mobile_web,17
S1006250,SES01730,2026-05-09T12:28:41Z,LHE,ISB,2026-06-05,2,android,1
S1002484,SES00517,2026-05-09T12:33:45Z,DXB,ISB,2026-07-03,2,mobile_web,15
S1004256,SES00741,2026-05-09T12:38:40Z,KHI,MUX,2026-05-12,2,mobile_web,33
S1007634,SES02098,2026-05-09T12:44:12Z,KHI,DXB,2026-06-16,1,android,37
S1004117,SES01584,2026-05-09T13:11:37Z,LHE,KHI,2026-09-01,1,android,32
S1007309,SES02443,2026-05-09T13:15:05Z,ISB,SHJ,2026-08-31,1,android,34
S1004950,SES01238,2026-05-09T13:48:09Z,KHI,ISB,2026-08-18,3,mobile_web,45
S1006760,SES00469,2026-05-09T14:03:40Z,ISB,KHI,2026-08-17,1,android,5
S1003902,SES01137,2026-05-09T14:08:24Z,KHI,PEW,2026-06-04,4,bot,16
S1002628,SES02171,2026-05-09T14:18:46Z,LHE,DXB,2026-07-09,3,android,16
S1004578,SES02607,2026-05-09T14:19:50Z,SHJ,KHI,2026-07-13,1,ios,3
S1004497,SES02326,2026-05-09T14:21:23Z,KHI,LHE,2026-07-23,1,android,19
S1001689,SES02208,2026-05-09T14:25:00Z,LHE,ISB,2026-06-03,4,android,47
S1006792,SES00242,2026-05-09T14:29:48Z,SHJ,KHI,2026-05-28,3,bot,40
S1007941,SES01182,2026-05-09T14:48:51Z,KHI,ISB,2026-06-29,1,android,29
S1001799,SES00950,2026-05-09T15:06:16Z,KHI,MUX,2026-05-29,2,ios,37
S1005241,SES02498,2026-05-09T15:09:54Z,LHE,DXB,2026-07-25,1,android,1
S1000045,SES01897,2026-05-09T15:19:59Z,DXB,ISB,2026-05-16,1,mobile_web,4
S1003933,SES02225,2026-05-09T15:42:28Z,ISB,SHJ,2026-09-01,2,desktop,0
S1003789,SES01324,2026-05-09T15:56:13Z,KHI,SHJ,2026-07-02,1,android,46
S1001482,SES02473,2026-05-09T15:59:41Z,LHE,KHI,2026-05-10,3,bot,28
S1007754,SES00665,2026-05-09T16:04:13Z,KHI,DXB,2026-05-26,3,desktop,0
S9379468,SES02471,2026-05-09T16:25:10Z,DXB,KHI,2026-05-27,1,desktop,14
S1006320,SES02910,2026-05-09T16:25:41Z,SHJ,KHI,2026-08-20,2,desktop,21
S1005268,SES01701,2026-05-09T16:26:09Z,DXB,KHI,2026-08-23,1,bot,13
S1005272,SES02253,2026-05-09T16:31:35Z,PEW,SHJ,2026-06-19,3,desktop,28
S1005748,SES03123,2026-05-09T16:59:57Z,KHI,LHE,2026-09-05,2,ios,42
S1002342,SES01721,2026-05-09T17:01:58Z,KHI,DXB,2026-07-20,4,desktop,18
S1002259,SES02794,2026-05-09T17:27:35Z,ISB,KHI,2026-07-30,2,android,6
S1000678,SES02878,2026-05-09T17:28:02Z,ISB,KHI,2026-06-26,1,android,37
S9725856,SES01116,2026-05-09T17:32:09Z,KHI,ISB,2026-05-16,3,android,11
S1000570,SES02939,2026-05-09T17:37:55Z,KHI,SHJ,2026-08-28,1,ios,48
S1005380,SES00527,2026-05-09T17:48:36Z,ISB,SHJ,2026-05-25,1,android,41
S1003490,SES03097,2026-05-09T17:51:26Z,KHI,JED,2026-07-12,1,android,46
S1005716,SES00710,2026-05-09T18:15:01Z,LHE,KHI,2026-08-21,1,desktop,37
S1001977,SES00308,2026-05-09T18:24:40Z,KHI,DXB,2026-08-23,1,desktop,38
S1006951,SES01799,2026-05-09T18:34:18Z,LHE,KHI,2026-06-19,2,android,1
S1001847,SES00852,2026-05-09T19:13:05Z,LHE,DXB,2026-06-19,1,android,44
S1006549,SES00698,2026-05-09T19:25:27Z,KHI,ISB,2026-08-12,1,android,10
S1002308,SES02714,2026-05-09T19:38:43Z,LHE,ISB,2026-07-19,2,desktop,22
S1004758,SES00198,2026-05-09T19:51:05Z,KHI,UET,2026-08-24,2,desktop,34
S1002629,SES02135,2026-05-09T20:01:40Z,LHE,ISB,2026-06-04,1,android,45
S1007364,SES00165,2026-05-09T20:02:59Z,ISB,SHJ,2026-05-18,1,android,21
S1006200,SES01367,2026-05-09T20:06:40Z,KHI,SHJ,2026-07-30,1,ios,7
S1002862,SES03062,2026-05-09T20:08:38Z,DXB,ISB,2026-06-08,1,bot,37
S1006972,SES00964,2026-05-09T20:13:00Z,KHI,ISB,2026-06-24,1,desktop,2
S1007305,SES02359,2026-05-09T20:15:27Z,KHI,DXB,2026-06-01,2,android,40
S1000929,SES01265,2026-05-09T20:18:30Z,ISB,KHI,2026-05-23,3,android,32
S1005234,SES01791,2026-05-09T20:19:11Z,SHJ,LHE,2026-06-14,1,android,31
S1003234,SES00482,2026-05-09T20:19:27Z,KHI,ISB,2026-07-18,1,android,18
S1002947,SES00075,2026-05-09T20:29:23Z,KHI,ISB,2026-06-06,1,ios,46
S1000643,SES01988,2026-05-09T20:38:23Z,LHE,DXB,2026-08-12,4,android,34
S1004934,SES00848,2026-05-09T20:53:11Z,ISB,DXB,2026-07-12,1,android,38
S1004834,SES01171,2026-05-09T21:14:21Z,KHI,ISB,2026-06-10,3,android,29
S1004410,SES00681,2026-05-09T21:20:45Z,LHE,ISB,2026-07-19,2,android,5
S1005143,SES00281,2026-05-09T21:36:03Z,ISB,SHJ,2026-05-29,1,android,16
S1001630,SES00968,2026-05-09T21:45:57Z,PEW,DXB,2026-07-03,1,ios,17
S1005755,SES01966,2026-05-09T22:08:35Z,DXB,KHI,2026-06-17,3,mobile_web,10
S1000963,SES02991,2026-05-09T22:14:08Z,ISB,KHI,2026-07-09,1,android,46
S1001604,SES03012,2026-05-09T22:21:20Z,KHI,ISB,2026-06-14,4,bot,35
S1004044,SES02570,2026-05-09T22:37:30Z,KHI,ISB,2026-05-24,3,desktop,46
S1002141,SES02344,2026-05-09T22:37:35Z,KHI,LHE,2026-09-05,2,android,8
S1004216,SES01791,2026-05-09T23:02:24Z,KHI,MUX,2026-06-02,1,android,48
S1004589,SES03371,2026-05-09T23:24:42Z,DXB,ISB,2026-08-21,4,android,40
S1007460,SES00686,2026-05-09T23:36:22Z,DXB,KHI,2026-05-27,1,ios,23
S1002002,SES02588,2026-05-09T23:37:12Z,LHE,KHI,2026-07-17,1,android,7
S1000938,SES00606,2026-05-09T23:37:51Z,KHI,PEW,2026-08-04,2,android,27
S1002755,SES01003,2026-05-09T23:51:34Z,KHI,LHE,2026-05-18,2,desktop,21
S1007971,SES02953,2026-05-09T23:53:28Z,LHE,ISB,2026-05-16,2,desktop,16
S1003230,SES00551,2026-05-10T00:03:15Z,SHJ,KHI,2026-07-12,1,android,8
S1001601,SES01408,2026-05-10T00:30:11Z,ISB,SHJ,2026-05-23,1,android,21
S1007048,SES01235,2026-05-10T00:30:14Z,KHI,MUX,2026-05-24,2,android,38
S1002943,SES02904,2026-05-10T00:46:42Z,LHE,ISB,2026-06-26,1,desktop,16
S1002627,SES01694,2026-05-10T00:49:14Z,KHI,ISB,2026-06-19,3,android,10
S1006887,SES00978,2026-05-10T00:54:07Z,LHE,DXB,2026-07-13,1,android,5
S1006677,SES00719,2026-05-10T00:56:52Z,KHI,DXB,2026-05-21,3,bot,30
S1003415,SES02210,2026-05-10T01:15:43Z,KHI,SHJ,2026-07-10,1,ios,19
S1000510,SES01171,2026-05-10T01:16:38Z,KHI,ISB,2026-05-25,1,android,37
S1006668,SES01024,2026-05-10T01:39:20Z,KHI,ISB,2026-05-23,1,android,46
S1004649,SES00788,2026-05-10T01:43:23Z,SHJ,LHE,2026-07-21,1,mobile_web,46
S1001284,SES03235,2026-05-10T01:54:11Z,KHI,ISB,2026-06-23,3,ios,48
S1007255,SES00622,2026-05-10T02:00:08Z,DXB,KHI,2026-06-13,1,android,45
S1004194,SES01098,2026-05-10T02:07:40Z,KHI,JED,2026-06-30,1,desktop,10
S1006498,SES01122,2026-05-10T02:08:10Z,LHE,DXB,2026-08-17,1,android,36
S1002171,SES01838,2026-05-10T02:15:38Z,ISB,SHJ,2026-06-01,1,android,24
S1000737,SES00920,2026-05-10T02:21:41Z,PEW,DXB,2026-07-07,1,android,36
S1006675,SES02173,2026-05-10T02:24:52Z,KHI,JED,2026-05-31,1,android,44
S1004921,SES02655,2026-05-10T02:29:59Z,KHI,DXB,2026-07-20,2,mobile_web,6
S1006125,SES03356,2026-05-10T02:34:20Z,LHE,KHI,2026-08-01,1,desktop,30
S1002973,SES03011,2026-05-10T03:09:46Z,ISB,KHI,2026-05-14,1,android,2
S1007991,SES00028,2026-05-10T03:19:01Z,ISB,KHI,2026-06-21,1,android,1
S1002536,SES03231,2026-05-10T03:25:09Z,DXB,KHI,2026-06-08,3,ios,26
S1005497,SES02076,2026-05-10T03:30:05Z,KHI,DXB,2026-06-24,2,android,17
S1001211,SES00997,2026-05-10T03:48:53Z,KHI,PEW,2026-08-28,1,mobile_web,14
S1001026,SES02937,2026-05-10T03:55:34Z,DXB,KHI,2026-08-02,1,ios,19
S1000942,SES02146,2026-05-10T04:08:29Z,LHE,ISB,2026-07-28,1,ios,25
S1005999,SES00531,2026-05-10T04:15:37Z,KHI,MUX,2026-05-27,1,mobile_web,15
S1003408,SES03211,2026-05-10T04:15:39Z,KHI,ISB,2026-06-23,1,mobile_web,47
S1004542,SES03030,2026-05-10T04:46:02Z,PEW,SHJ,2026-09-04,1,android,24
S1005655,SES00728,2026-05-10T04:46:45Z,KHI,ISB,2026-07-20,1,android,22
S1001325,SES00738,2026-05-10T04:49:59Z,KHI,PEW,2026-08-16,1,ios,25
S1006824,SES01973,2026-05-10T05:05:22Z,KHI,LHE,2026-08-03,4,ios,46
S1002015,SES00171,2026-05-10T05:23:07Z,ISB,LHR,2026-06-06,1,android,41
S1005892,SES00096,2026-05-10T05:34:20Z,ISB,SHJ,2026-07-16,1,desktop,31
S1007212,SES01443,2026-05-10T05:49:54Z,DXB,LHE,2026-06-30,1,ios,10
S1001836,SES02840,2026-05-10T05:55:44Z,SHJ,LHE,2026-05-26,1,android,36
S1005072,SES00916,2026-05-10T05:57:35Z,SHJ,LHE,2026-08-17,1,desktop,18
S1006533,SES02120,2026-05-10T06:11:24Z,PEW,DXB,2026-06-07,2,android,47
S1004110,SES00892,2026-05-10T06:27:31Z,ISB,LHR,2026-07-07,2,android,5
S1001902,SES00788,2026-05-10T06:27:45Z,ISB,KHI,2026-07-09,3,android,9
S1002912,SES02963,2026-05-10T06:29:49Z,DXB,ISB,2026-08-08,1,android,11
S1000187,SES00188,2026-05-10T06:41:40Z,KHI,ISB,2026-05-15,1,desktop,13
S9342891,SES02066,2026-05-10T06:41:50Z,KHI,ISB,2026-05-28,2,desktop,8
S1002903,SES00601,2026-05-10T06:44:09Z,DXB,KHI,2026-08-13,1,android,41
S1004769,SES00051,2026-05-10T06:54:41Z,LHR,ISB,2026-06-27,1,mobile_web,23
S1000625,SES00311,2026-05-10T06:56:34Z,LHE,ISB,2026-06-21,1,ios,21
S1007221,SES00199,2026-05-10T07:02:40Z,ISB,KHI,2026-07-26,2,android,42
S1005685,SES00150,2026-05-10T07:06:18Z,ISB,SHJ,2026-07-14,2,mobile_web,2
S1002682,SES00396,2026-05-10T07:26:29Z,KHI,ISB,2026-07-22,1,bot,35
S1001637,SES01559,2026-05-10T07:31:25Z,LHE,DXB,2026-08-25,2,android,48
S1003066,SES00023,2026-05-10T07:43:38Z,ISB,DXB,2026-06-21,1,android,12
S1005062,SES01991,2026-05-10T07:57:36Z,KHI,DXB,2026-08-17,2,android,25
S1006007,SES02063,2026-05-10T08:01:16Z,DXB,KHI,2026-08-31,1,android,4
S1006698,SES00368,2026-05-10T08:03:43Z,KHI,MUX,2026-06-23,2,android,5
S1007256,SES02821,2026-05-10T08:06:24Z,KHI,LHE,2026-08-12,2,android,29
S9622602,SES00557,2026-05-10T08:25:32Z,KHI,MUX,2026-08-28,1,android,33
S9815393,SES01750,2026-05-10T08:27:19Z,KHI,DXB,2026-05-24,1,desktop,24
S1003138,SES01968,2026-05-10T08:39:52Z,ISB,LHR,2026-08-12,1,mobile_web,29
S1002093,SES03049,2026-05-10T09:38:38Z,ISB,SHJ,2026-08-09,3,desktop,48
S1000267,SES02610,2026-05-10T09:59:28Z,ISB,SHJ,2026-07-06,4,android,16
S1000838,SES01453,2026-05-10T10:14:13Z,KHI,DXB,2026-09-04,1,ios,35
S1006880,SES00496,2026-05-10T10:28:37Z,ISB,SHJ,2026-07-25,4,android,5
S1007953,SES00808,2026-05-10T10:38:02Z,ISB,LHR,2026-05-27,4,android,44
S1004866,SES03303,2026-05-10T10:55:54Z,LHR,ISB,2026-09-04,2,bot,38
S1000367,SES02218,2026-05-10T11:13:11Z,SHJ,LHE,2026-07-18,1,bot,38
S1002398,SES01122,2026-05-10T11:15:29Z,KHI,ISB,2026-05-11,1,android,41
S1001784,SES00902,2026-05-10T11:31:10Z,KHI,SHJ,2026-08-08,1,ios,47
S1007245,SES00358,2026-05-10T11:39:36Z,LHE,KHI,2026-06-28,2,desktop,43
S1005165,SES01665,2026-05-10T11:58:35Z,LHE,KHI,2026-09-06,1,ios,19
S1005908,SES01480,2026-05-10T12:05:33Z,KHI,MUX,2026-06-24,2,mobile_web,20
S1006171,SES01986,2026-05-10T12:06:04Z,KHI,ISB,2026-06-26,1,android,45
S1004379,SES01512,2026-05-10T12:22:52Z,LHE,ISB,2026-06-10,1,android,35
S1004862,SES00110,2026-05-10T12:37:21Z,LHE,JED,2026-05-17,2,desktop,47
S1003536,SES00231,2026-05-10T13:28:47Z,ISB,KHI,2026-07-04,4,mobile_web,22
S1001793,SES01377,2026-05-10T13:56:41Z,LHE,KHI,2026-05-20,1,android,2
S1002558,SES00913,2026-05-10T13:58:02Z,KHI,ISB,2026-07-04,3,android,28
S1007524,SES00206,2026-05-10T14:01:47Z,ISB,KHI,2026-05-11,3,android,20
S1003289,SES00134,2026-05-10T14:15:13Z,KHI,UET,2026-08-19,4,desktop,25
S1006649,SES01463,2026-05-10T14:23:15Z,ISB,SHJ,2026-06-18,4,android,15
S1000573,SES00171,2026-05-10T14:31:15Z,PEW,DXB,2026-08-30,3,desktop,15
S1005935,SES00828,2026-05-10T14:33:15Z,KHI,LHE,2026-08-30,1,bot,13
S1003992,SES01061,2026-05-10T14:36:10Z,KHI,ISB,2026-06-03,4,android,28
S1007984,SES03008,2026-05-10T14:43:17Z,KHI,LHE,2026-07-04,1,android,44
S1001240,SES00124,2026-05-10T14:48:04Z,LHE,ISB,2026-08-23,1,android,9
S1005496,SES00740,2026-05-10T14:56:56Z,LHE,KHI,2026-06-28,1,mobile_web,1
S1004707,SES03079,2026-05-10T15:04:26Z,LHE,JED,2026-08-13,3,desktop,40
S1001019,SES01934,2026-05-10T15:15:13Z,KHI,ISB,2026-05-22,3,desktop,25
S1001358,SES01008,2026-05-10T15:17:07Z,KHI,LHE,2026-07-23,1,android,41
S1004957,SES00874,2026-05-10T15:18:15Z,KHI,PEW,2026-07-24,1,android,24
S1003565,SES00783,2026-05-10T15:18:57Z,KHI,DXB,2026-06-17,1,android,48
S1003456,SES00506,2026-05-10T15:24:45Z,LHE,ISB,2026-05-27,2,desktop,10
S1002048,SES01613,2026-05-10T15:39:32Z,PEW,SHJ,2026-07-05,1,android,17
S1003383,SES00226,2026-05-10T15:39:59Z,KHI,ISB,2026-07-30,1,desktop,32
S1005133,SES01966,2026-05-10T15:42:55Z,KHI,MUX,2026-06-06,1,ios,14
S1001359,SES02098,2026-05-10T15:49:02Z,LHE,DXB,2026-09-05,2,desktop,35
S1006821,SES00616,2026-05-10T15:50:02Z,SHJ,KHI,2026-08-11,1,android,3
S1002952,SES00090,2026-05-10T15:58:59Z,KHI,ISB,2026-07-27,2,mobile_web,22
S1000707,SES02575,2026-05-10T16:03:27Z,PEW,DXB,2026-07-05,1,desktop,22
S1001935,SES00749,2026-05-10T16:09:49Z,ISB,KHI,2026-05-18,1,android,10
S1002139,SES00663,2026-05-10T16:14:59Z,DXB,KHI,2026-08-27,2,desktop,45
S1002307,SES02334,2026-05-10T16:21:19Z,ISB,PEW,2026-06-28,3,desktop,32
S1007337,SES02384,2026-05-10T16:42:27Z,LHE,ISB,2026-07-15,1,bot,27
S9847702,SES03348,2026-05-10T16:47:08Z,DXB,KHI,2026-05-16,3,desktop,8
S1006920,SES01667,2026-05-10T16:47:52Z,KHI,MUX,2026-08-05,1,ios,35
S1002464,SES01134,2026-05-10T16:56:57Z,KHI,ISB,2026-06-21,1,desktop,20
S1006934,SES00161,2026-05-10T17:25:58Z,ISB,PEW,2026-05-14,1,mobile_web,45
S1005610,SES02740,2026-05-10T17:28:38Z,ISB,KHI,2026-06-16,1,ios,9
S1000437,SES01658,2026-05-10T17:49:30Z,KHI,ISB,2026-06-13,3,mobile_web,5
S1005480,SES00793,2026-05-10T18:03:53Z,SHJ,KHI,2026-05-31,1,desktop,8
S1006233,SES02665,2026-05-10T18:07:51Z,LHE,ISB,2026-06-24,1,mobile_web,19
S1005972,SES01236,2026-05-10T18:10:49Z,KHI,ISB,2026-08-08,2,desktop,20
S1006304,SES00561,2026-05-10T18:13:57Z,KHI,ISB,2026-08-17,1,desktop,18
S1007051,SES01927,2026-05-10T18:15:29Z,LHE,DXB,2026-09-07,1,desktop,41
S1007525,SES03135,2026-05-10T18:18:53Z,KHI,LHE,2026-06-02,2,android,24
S1000548,SES02602,2026-05-10T18:33:08Z,SHJ,KHI,2026-06-11,1,mobile_web,22
S1004166,SES00498,2026-05-10T18:36:20Z,ISB,SHJ,2026-07-14,1,android,19
S1007851,SES00989,2026-05-10T19:00:04Z,ISB,SHJ,2026-07-10,1,desktop,28
S1003497,SES00227,2026-05-10T19:05:17Z,ISB,KHI,2026-07-24,3,android,9
S1003141,SES00363,2026-05-10T19:21:10Z,KHI,PEW,2026-05-30,1,desktop,3
S1003280,SES01969,2026-05-10T19:21:43Z,ISB,LHR,2026-07-29,2,android,45
S1000848,SES01293,2026-05-10T19:24:55Z,KHI,SHJ,2026-07-29,2,android,26
S1003566,SES03014,2026-05-10T19:44:41Z,SHJ,LHE,2026-07-12,1,android,32
S1007610,SES02044,2026-05-10T19:46:19Z,ISB,KHI,2026-08-16,1,mobile_web,40
S1001974,SES01946,2026-05-10T19:55:25Z,KHI,ISB,2026-07-18,1,desktop,34
S1000566,SES01824,2026-05-10T20:23:41Z,KHI,MUX,2026-08-24,3,desktop,13
S9978739,SES00477,2026-05-10T20:27:47Z,LHE,KHI,2026-06-25,3,desktop,25
S1007101,SES01170,2026-05-10T20:48:36Z,KHI,LHE,2026-05-17,2,ios,11
S1006225,SES00890,2026-05-10T21:01:55Z,LHE,SHJ,2026-06-11,1,android,1
S1000698,SES01893,2026-05-10T21:06:54Z,KHI,ISB,2026-05-29,1,android,3
S1005936,SES01006,2026-05-10T21:07:50Z,LHE,KHI,2026-07-06,1,android,20
S9648987,SES01782,2026-05-10T21:21:02Z,KHI,JED,2026-06-30,1,desktop,33
S1004755,SES02116,2026-05-10T21:28:54Z,KHI,DXB,2026-07-19,4,android,45
S1006245,SES02412,2026-05-10T21:34:55Z,KHI,LHE,2026-08-01,2,desktop,20
S1005096,SES00286,2026-05-10T21:45:00Z,LHE,JED,2026-07-08,1,ios,37
S1000039,SES00556,2026-05-10T21:53:32Z,KHI,DXB,2026-07-08,2,android,45
S1005223,SES01289,2026-05-10T21:54:33Z,LHE,DXB,2026-05-31,3,mobile_web,27
S1003546,SES01738,2026-05-10T21:55:44Z,KHI,ISB,2026-07-05,1,android,48
S1000402,SES00708,2026-05-10T22:02:34Z,LHE,KHI,2026-05-29,2,bot,10
S1006123,SES01449,2026-05-10T22:07:43Z,LHE,DXB,2026-06-24,2,android,17
S1006736,SES00688,2026-05-10T22:29:37Z,ISB,LHE,2026-08-21,1,desktop,16
S9690699,SES01636,2026-05-10T22:29:52Z,DXB,ISB,2026-05-20,4,android,36
S1005822,SES01966,2026-05-10T22:37:13Z,SHJ,KHI,2026-08-16,1,desktop,17
S1006024,SES00530,2026-05-10T22:48:01Z,LHE,DXB,2026-07-13,2,android,41
S9630948,SES00807,2026-05-10T22:48:17Z,DXB,LHE,2026-05-29,3,desktop,10
S1004928,SES01333,2026-05-10T22:56:35Z,LHE,JED,2026-07-23,4,android,24
S1004978,SES00517,2026-05-10T23:02:04Z,ISB,PEW,2026-08-07,1,ios,36
S1001213,SES03228,2026-05-10T23:03:33Z,KHI,LHE,2026-05-28,2,android,22
S1003232,SES02102,2026-05-10T23:03:41Z,KHI,SKT,2026-08-26,1,desktop,34
S1006726,SES00316,2026-05-10T23:09:10Z,KHI,LHE,2026-08-05,2,desktop,6
S9165772,SES01313,2026-05-10T23:19:50Z,LHE,KHI,2026-09-04,4,desktop,11
S1002716,SES00287,2026-05-10T23:40:13Z,KHI,MUX,2026-08-30,3,android,7
S1000279,SES03077,2026-05-11T00:37:45Z,ISB,SHJ,2026-07-31,3,mobile_web,37
S1000899,SES01224,2026-05-11T00:57:08Z,KHI,ISB,2026-07-30,1,mobile_web,0
S1006474,SES00689,2026-05-11T01:10:25Z,KHI,UET,2026-06-29,2,desktop,42
S1004184,SES01974,2026-05-11T01:13:45Z,KHI,LHE,2026-07-24,4,android,0
S9825376,SES03086,2026-05-11T01:21:04Z,ISB,KHI,2026-05-13,3,desktop,17
S1005301,SES00105,2026-05-11T01:40:16Z,KHI,LHE,2026-07-13,1,android,9
S1006621,SES03368,2026-05-11T02:23:31Z,KHI,SHJ,2026-06-19,2,android,9
S1003558,SES00154,2026-05-11T02:50:29Z,KHI,ISB,2026-07-24,1,android,29
S1004622,SES02360,2026-05-11T02:52:51Z,PEW,DXB,2026-06-17,1,android,44
S1005943,SES01353,2026-05-11T02:56:59Z,KHI,DXB,2026-09-02,1,ios,24
S1002066,SES03060,2026-05-11T03:03:53Z,KHI,ISB,2026-05-30,1,desktop,17
S9919570,SES00788,2026-05-11T03:06:10Z,KHI,LHE,2026-05-22,1,desktop,36
S1004365,SES00976,2026-05-11T03:34:23Z,ISB,LHR,2026-07-11,1,android,35
S1004182,SES00484,2026-05-11T04:00:40Z,ISB,SHJ,2026-07-12,2,android,15
S1007498,SES00396,2026-05-11T04:00:49Z,ISB,SHJ,2026-05-18,1,android,5
S1001162,SES01681,2026-05-11T04:03:46Z,ISB,SHJ,2026-05-18,1,android,25
S1003761,SES01762,2026-05-11T04:16:58Z,KHI,UET,2026-05-31,1,android,39
S1005536,SES00693,2026-05-11T04:25:19Z,ISB,SHJ,2026-07-20,3,android,26
S1007603,SES02232,2026-05-11T04:34:37Z,LHE,JED,2026-06-19,1,mobile_web,43
S1002828,SES00930,2026-05-11T04:47:56Z,ISB,DXB,2026-06-03,1,android,40
S1005681,SES02914,2026-05-11T04:58:02Z,SHJ,KHI,2026-05-31,2,ios,43
S1007920,SES00105,2026-05-11T04:58:39Z,KHI,ISB,2026-07-04,1,desktop,1
S9764964,SES02364,2026-05-11T05:07:52Z,LHE,ISB,2026-06-30,6,desktop,21
S9657212,SES02984,2026-05-11T05:08:43Z,DXB,LHE,2026-09-02,3,desktop,13
S1000221,SES00587,2026-05-11T05:12:00Z,SHJ,LHE,2026-06-23,1,mobile_web,16
S1001157,SES02732,2026-05-11T05:41:43Z,LHE,ISB,2026-08-21,1,mobile_web,4
S1004208,SES00435,2026-05-11T05:57:28Z,KHI,ISB,2026-07-27,4,android,27
S1003382,SES01488,2026-05-11T06:06:40Z,DXB,ISB,2026-07-13,4,desktop,21
S1003958,SES00494,2026-05-11T06:47:43Z,KHI,DXB,2026-05-13,2,ios,10
S1007065,SES00187,2026-05-11T06:48:55Z,LHE,ISB,2026-09-07,1,ios,10
S1004354,SES01152,2026-05-11T06:48:57Z,ISB,LHE,2026-09-05,3,android,14
S9252185,SES02965,2026-05-11T07:07:14Z,KHI,SKT,2026-05-30,2,desktop,11
S1007534,SES01340,2026-05-11T07:11:18Z,KHI,UET,2026-06-27,2,desktop,43
S1003100,SES00442,2026-05-11T07:39:12Z,KHI,LHE,2026-06-28,1,android,22
S1003726,SES01748,2026-05-11T07:52:43Z,LHE,DXB,2026-07-18,1,desktop,16
S1000624,SES02586,2026-05-11T07:57:16Z,LHE,ISB,2026-08-05,1,android,43
S1005764,SES00105,2026-05-11T08:01:25Z,KHI,MUX,2026-09-01,2,android,10
S1006862,SES01629,2026-05-11T08:24:22Z,PEW,DXB,2026-08-02,1,ios,28
S1007878,SES00009,2026-05-11T08:34:35Z,KHI,DXB,2026-05-31,3,android,0
S1001960,SES00413,2026-05-11T08:52:23Z,ISB,KHI,2026-05-19,4,android,25
S9184357,SES01513,2026-05-11T09:06:46Z,ISB,SHJ,2026-05-18,3,desktop,30
S1004795,SES01170,2026-05-11T09:21:23Z,LHE,DXB,2026-05-12,1,desktop,31
S1004212,SES01145,2026-05-11T09:26:42Z,LHE,DXB,2026-06-14,1,ios,7
S1007530,SES02030,2026-05-11T09:29:41Z,LHE,DXB,2026-06-11,4,desktop,4
S1006366,SES00492,2026-05-11T09:36:49Z,KHI,DXB,2026-08-30,3,bot,27
S1001571,SES03014,2026-05-11T09:43:34Z,LHE,JED,2026-09-06,2,desktop,44
S1007989,SES02684,2026-05-11T09:49:38Z,ISB,LHR,2026-06-01,1,ios,38
S1002496,SES02454,2026-05-11T10:09:26Z,KHI,DXB,2026-07-17,2,ios,17
S1001812,SES00651,2026-05-11T10:15:55Z,KHI,LHE,2026-05-27,2,mobile_web,45
S1006906,SES03102,2026-05-11T10:25:42Z,KHI,MUX,2026-09-04,1,android,36
S1005115,SES01109,2026-05-11T10:26:18Z,ISB,PEW,2026-05-25,4,android,5
S1007012,SES02108,2026-05-11T10:55:37Z,KHI,DXB,2026-07-28,1,android,2
S1000169,SES01209,2026-05-11T11:00:18Z,KHI,LHE,2026-05-18,1,bot,16
S1006902,SES02041,2026-05-11T11:11:56Z,KHI,LHE,2026-08-18,2,android,47
S1006926,SES03366,2026-05-11T11:24:55Z,KHI,MUX,2026-05-22,3,desktop,35
S1004991,SES00849,2026-05-11T11:31:31Z,DXB,LHE,2026-05-13,1,desktop,16
S1007783,SES00227,2026-05-11T11:44:57Z,KHI,LHE,2026-06-18,1,ios,42
S1000699,SES00268,2026-05-11T11:46:49Z,KHI,ISB,2026-06-30,2,ios,27
S1001091,SES00707,2026-05-11T11:58:44Z,ISB,PEW,2026-06-02,1,android,34
S1006449,SES02357,2026-05-11T12:13:33Z,LHE,ISB,2026-05-23,1,ios,16
S1002167,SES01648,2026-05-11T12:21:02Z,PEW,DXB,2026-07-30,4,android,45
S1007246,SES03282,2026-05-11T12:21:18Z,KHI,PEW,2026-08-11,1,android,22
S1005669,SES01354,2026-05-11T12:39:26Z,KHI,ISB,2026-06-08,2,android,18
S1005878,SES02608,2026-05-11T12:48:05Z,KHI,LHE,2026-06-15,2,android,39
S1004806,SES01704,2026-05-11T12:58:29Z,KHI,LHE,2026-05-22,2,android,4
S1006939,SES01671,2026-05-11T13:31:17Z,LHE,DXB,2026-07-04,1,ios,44
S1004942,SES00163,2026-05-11T13:49:25Z,KHI,ISB,2026-06-02,2,android,47
S1004918,SES03364,2026-05-11T13:52:57Z,ISB,DXB,2026-07-17,3,desktop,48
S1002574,SES00671,2026-05-11T14:04:42Z,KHI,LHE,2026-08-11,1,desktop,29
S1003846,SES02501,2026-05-11T14:45:46Z,KHI,LHE,2026-06-23,4,desktop,41
S1006942,SES01380,2026-05-11T15:00:58Z,KHI,LHE,2026-07-13,2,desktop,36
S1003013,SES00206,2026-05-11T15:40:25Z,KHI,DXB,2026-07-10,1,android,42
S1000000,SES02262,2026-05-11T15:41:37Z,ISB,SHJ,2026-06-18,1,android,34
S1001664,SES00736,2026-05-11T15:45:37Z,KHI,ISB,2026-08-07,2,mobile_web,12
S1002736,SES02191,2026-05-11T15:49:40Z,PEW,SHJ,2026-07-28,2,ios,42
S1000785,SES02020,2026-05-11T16:13:24Z,KHI,SHJ,2026-07-17,1,android,38
S1006186,SES03079,2026-05-11T16:21:31Z,LHE,SHJ,2026-09-08,2,desktop,47
S1003728,SES00177,2026-05-11T17:07:57Z,KHI,MUX,2026-07-18,1,android,14
S1006712,SES02463,2026-05-11T17:10:33Z,ISB,SHJ,2026-08-02,1,ios,24
S1005348,SES00364,2026-05-11T17:12:04Z,LHE,KHI,2026-06-15,1,bot,34
S1002457,SES02165,2026-05-11T17:53:14Z,LHE,DXB,2026-08-21,1,mobile_web,18
S1007490,SES01831,2026-05-11T17:56:32Z,KHI,LHE,2026-08-22,2,android,12
S1003333,SES01470,2026-05-11T18:10:08Z,KHI,LHE,2026-08-14,3,mobile_web,24
S1003345,SES00645,2026-05-11T18:19:16Z,DXB,KHI,2026-07-10,4,ios,27
S1001395,SES02769,2026-05-11T18:42:25Z,KHI,ISB,2026-05-18,4,desktop,16
S1000038,SES00632,2026-05-11T18:54:22Z,ISB,PEW,2026-08-06,3,ios,10
S1005637,SES01600,2026-05-11T19:01:40Z,ISB,SHJ,2026-07-24,1,android,42
S1000824,SES00003,2026-05-11T19:27:15Z,KHI,SHJ,2026-05-27,1,bot,6
S9198839,SES01033,2026-05-11T19:29:23Z,ISB,KHI,2026-05-30,1,desktop,21
S1007539,SES01533,2026-05-11T19:32:55Z,DXB,LHE,2026-06-15,1,android,13
S1002579,SES02941,2026-05-11T20:03:34Z,KHI,LHE,2026-08-28,1,android,9
S1004650,SES01218,2026-05-11T20:26:20Z,KHI,ISB,2026-07-27,3,desktop,36
S1006129,SES01920,2026-05-11T20:42:30Z,KHI,SHJ,2026-05-25,2,ios,22
S1004837,SES02382,2026-05-11T20:52:12Z,KHI,MUX,2026-07-15,1,android,46
S1007803,SES03338,2026-05-11T20:52:36Z,ISB,SHJ,2026-06-10,1,desktop,44
S1004091,SES00882,2026-05-11T20:52:48Z,KHI,DXB,2026-06-12,3,desktop,45
S1005983,SES02971,2026-05-11T20:57:09Z,ISB,PEW,2026-08-10,2,ios,20
S1005817,SES01999,2026-05-11T21:00:02Z,LHE,KHI,2026-08-07,2,bot,10
S1005683,SES02720,2026-05-11T21:16:49Z,KHI,SHJ,2026-08-21,1,ios,13
S9974011,SES02617,2026-05-11T21:19:03Z,KHI,LHE,2026-05-22,6,desktop,35
S1001316,SES00081,2026-05-11T21:32:35Z,PEW,DXB,2026-06-18,4,ios,14
S1002584,SES02595,2026-05-11T21:36:16Z,KHI,DXB,2026-07-17,2,ios,8
S1006333,SES03316,2026-05-11T21:42:57Z,ISB,KHI,2026-08-19,3,android,26
S1005320,SES00244,2026-05-11T22:03:13Z,KHI,MUX,2026-05-18,1,android,5
S1006189,SES03391,2026-05-11T22:21:04Z,KHI,JED,2026-06-10,1,desktop,27
S1003448,SES01049,2026-05-11T22:25:32Z,LHE,DXB,2026-07-06,2,bot,25
S1000027,SES02650,2026-05-11T22:32:32Z,ISB,SHJ,2026-06-01,1,android,18
S1000754,SES02193,2026-05-11T22:44:05Z,DXB,ISB,2026-05-27,3,android,0
S1004990,SES01002,2026-05-11T22:59:32Z,KHI,LHE,2026-07-23,1,android,44
S1007312,SES00737,2026-05-11T23:29:48Z,SHJ,LHE,2026-07-19,1,ios,31
S1004520,SES00924,2026-05-11T23:59:30Z,PEW,DXB,2026-06-26,1,ios,47
S1003006,SES02549,2026-05-12T00:03:21Z,PEW,DXB,2026-07-06,4,mobile_web,5
S1006616,SES01267,2026-05-12T00:14:01Z,LHE,SHJ,2026-05-13,3,ios,10
S1003102,SES02003,2026-05-12T00:20:35Z,LHR,ISB,2026-08-11,1,desktop,34
S1003866,SES00564,2026-05-12T00:32:43Z,KHI,LHE,2026-06-30,2,ios,15
S1000428,SES00126,2026-05-12T00:37:06Z,ISB,PEW,2026-05-26,2,android,26
S1003502,SES02230,2026-05-12T01:06:36Z,PEW,SHJ,2026-07-13,2,android,36
S1007197,SES01386,2026-05-12T01:25:02Z,KHI,SHJ,2026-06-02,3,mobile_web,27
S1002907,SES02404,2026-05-12T01:37:43Z,KHI,DXB,2026-07-07,1,android,19
S1002969,SES02544,2026-05-12T01:41:09Z,KHI,ISB,2026-08-07,1,android,16
S1000825,SES00234,2026-05-12T01:57:41Z,LHE,DXB,2026-08-17,2,android,27
S1003886,SES01413,2026-05-12T02:02:03Z,LHE,DXB,2026-08-24,2,android,2
S1000118,SES00619,2026-05-12T02:03:05Z,KHI,SHJ,2026-08-03,1,mobile_web,27
S1001304,SES02651,2026-05-12T02:15:55Z,ISB,SHJ,2026-05-13,3,desktop,47
S1005733,SES00500,2026-05-12T02:29:05Z,ISB,KHI,2026-05-17,1,android,24
S1002108,SES01805,2026-05-12T02:54:04Z,LHR,ISB,2026-06-05,1,desktop,7
S9528429,SES00873,2026-05-12T02:59:59Z,KHI,DXB,2026-05-19,2,desktop,7
S1006365,SES01773,2026-05-12T03:06:14Z,LHE,JED,2026-08-11,1,android,27
S1002415,SES02387,2026-05-12T03:26:18Z,SHJ,KHI,2026-06-14,1,ios,23
S1001982,SES00829,2026-05-12T03:35:49Z,DXB,LHE,2026-08-02,1,desktop,37
S1002775,SES00416,2026-05-12T03:57:24Z,ISB,PEW,2026-05-22,3,android,16
S1000897,SES00647,2026-05-12T04:07:59Z,KHI,SHJ,2026-05-30,1,ios,17
S1005836,SES01524,2026-05-12T04:08:39Z,LHE,DXB,2026-07-25,1,mobile_web,25
S1002348,SES02741,2026-05-12T04:28:40Z,LHE,DXB,2026-06-13,3,mobile_web,10
S1006454,SES00835,2026-05-12T04:49:41Z,LHE,SHJ,2026-06-21,1,mobile_web,6
S1007663,SES03225,2026-05-12T05:04:21Z,PEW,SHJ,2026-07-18,3,android,48
S1006860,SES00720,2026-05-12T05:07:24Z,LHE,DXB,2026-06-15,1,android,42
S1003463,SES01780,2026-05-12T05:10:35Z,ISB,KHI,2026-08-31,2,android,10
S1007399,SES01237,2026-05-12T05:20:54Z,LHE,DXB,2026-07-24,2,mobile_web,19
S1002031,SES03273,2026-05-12T05:35:02Z,KHI,SHJ,2026-05-18,2,desktop,37
S1005526,SES01327,2026-05-12T05:45:04Z,KHI,LHE,2026-06-09,1,desktop,37
S1002036,SES00156,2026-05-12T05:50:07Z,LHE,KHI,2026-05-13,3,mobile_web,5
S1003669,SES01634,2026-05-12T05:57:50Z,LHE,DXB,2026-06-14,1,ios,38
S1000569,SES00577,2026-05-12T06:02:11Z,LHE,KHI,2026-07-29,1,android,5
S1002518,SES01350,2026-05-12T06:09:44Z,KHI,MUX,2026-06-30,1,mobile_web,0
S1005391,SES03362,2026-05-12T06:24:14Z,LHE,ISB,2026-06-11,1,mobile_web,5
S1007279,SES02174,2026-05-12T06:24:20Z,KHI,SHJ,2026-06-19,1,bot,34
S1001874,SES03203,2026-05-12T06:41:04Z,ISB,SHJ,2026-07-19,1,android,41
S1002693,SES00503,2026-05-12T07:12:40Z,ISB,PEW,2026-08-15,2,mobile_web,48
S1001643,SES01066,2026-05-12T07:23:01Z,KHI,ISB,2026-07-01,1,mobile_web,0
S1003953,SES01983,2026-05-12T07:51:19Z,KHI,ISB,2026-06-11,3,desktop,42
S1001723,SES00484,2026-05-12T07:54:36Z,ISB,KHI,2026-08-17,3,android,42
S1007358,SES02798,2026-05-12T08:10:39Z,KHI,ISB,2026-08-24,2,ios,7
S1001645,SES01461,2026-05-12T08:22:07Z,ISB,KHI,2026-05-25,1,mobile_web,46
S1002514,SES02735,2026-05-12T08:25:23Z,PEW,DXB,2026-07-28,1,ios,0
S1004850,SES02967,2026-05-12T08:30:30Z,KHI,SHJ,2026-07-04,2,android,3
S1005472,SES01083,2026-05-12T08:33:27Z,KHI,LHE,2026-08-21,1,android,16
S1003278,SES01590,2026-05-12T08:50:48Z,LHE,SHJ,2026-07-30,1,desktop,18
S1000981,SES03081,2026-05-12T08:51:28Z,LHE,ISB,2026-08-01,3,ios,23
S1002523,SES00778,2026-05-12T08:55:22Z,KHI,ISB,2026-08-20,1,android,6
S1004548,SES02556,2026-05-12T08:56:02Z,PEW,DXB,2026-08-20,2,ios,6
S1006927,SES03345,2026-05-12T09:03:10Z,KHI,LHE,2026-07-30,1,android,22
S1006098,SES00892,2026-05-12T09:28:07Z,ISB,KHI,2026-06-19,3,mobile_web,17
S1003948,SES00264,2026-05-12T09:30:02Z,DXB,ISB,2026-09-05,2,desktop,13
S1002710,SES00626,2026-05-12T09:38:46Z,LHE,KHI,2026-07-01,2,android,23
S1006270,SES01260,2026-05-12T09:45:21Z,DXB,LHE,2026-07-05,1,ios,34
S1001615,SES01777,2026-05-12T10:09:21Z,KHI,DXB,2026-06-07,2,desktop,41
S1003768,SES01487,2026-05-12T10:12:19Z,ISB,KHI,2026-07-02,2,android,43
S1001428,SES00627,2026-05-12T10:38:23Z,KHI,DXB,2026-07-28,3,android,43
S1007128,SES02562,2026-05-12T10:42:20Z,KHI,SHJ,2026-06-25,1,android,5
S1003352,SES00399,2026-05-12T11:01:43Z,ISB,DXB,2026-07-13,3,desktop,28
S1002390,SES01943,2026-05-12T11:31:54Z,PEW,DXB,2026-06-13,1,desktop,11
S1004888,SES01567,2026-05-12T11:46:56Z,PEW,SHJ,2026-08-08,1,mobile_web,42
S1005784,SES00555,2026-05-12T12:06:21Z,KHI,SHJ,2026-05-30,3,android,38
S1007998,SES03263,2026-05-12T12:10:56Z,KHI,SHJ,2026-06-14,1,android,34
S1002130,SES03002,2026-05-12T12:11:50Z,LHE,KHI,2026-07-05,1,mobile_web,15
S9491642,SES02749,2026-05-12T12:20:45Z,DXB,LHE,2026-05-20,3,desktop,5
S1001375,SES01289,2026-05-12T12:21:47Z,DXB,ISB,2026-05-25,1,mobile_web,42
S1003401,SES00087,2026-05-12T12:22:41Z,KHI,ISB,2026-08-19,1,mobile_web,47
S1005809,SES03344,2026-05-12T12:33:25Z,PEW,DXB,2026-08-23,1,desktop,16
S1004413,SES00858,2026-05-12T12:34:56Z,ISB,KHI,2026-09-07,1,android,14
S1000345,SES00388,2026-05-12T12:41:26Z,KHI,PEW,2026-05-26,1,desktop,45
S1005020,SES00489,2026-05-12T12:54:47Z,KHI,LHE,2026-07-05,2,mobile_web,12
S9300971,SES02667,2026-05-12T12:57:04Z,KHI,SKT,2026-05-30,2,desktop,24
S1000839,SES00053,2026-05-12T13:01:53Z,KHI,LHE,2026-07-07,2,ios,31
S1002915,SES03266,2026-05-12T13:19:12Z,SHJ,LHE,2026-06-01,1,android,36
S1001644,SES02415,2026-05-12T13:26:42Z,ISB,LHE,2026-08-21,1,ios,21
S1004167,SES00939,2026-05-12T13:42:34Z,KHI,PEW,2026-08-10,3,mobile_web,1
S1005509,SES01344,2026-05-12T13:55:13Z,DXB,KHI,2026-07-13,2,android,7
S1001989,SES01667,2026-05-12T14:02:16Z,DXB,KHI,2026-08-02,1,mobile_web,29
S1005720,SES01142,2026-05-12T14:17:57Z,PEW,DXB,2026-05-27,3,desktop,13
S1004156,SES00170,2026-05-12T14:20:32Z,ISB,PEW,2026-07-16,2,ios,34
S1003483,SES02561,2026-05-12T14:27:09Z,LHE,SHJ,2026-06-10,1,ios,33
S1004746,SES00249,2026-05-12T14:33:10Z,KHI,LHE,2026-06-22,1,android,1
S1007615,SES03297,2026-05-12T14:33:52Z,KHI,SKT,2026-08-08,1,desktop,8
S1000507,SES02503,2026-05-12T14:45:25Z,LHE,JED,2026-06-02,1,ios,30
S1002593,SES02147,2026-05-12T15:05:17Z,ISB,KHI,2026-08-09,1,desktop,14
S1004451,SES01877,2026-05-12T15:14:37Z,KHI,LHE,2026-06-10,1,android,3
S1002137,SES01928,2026-05-12T15:17:45Z,LHE,ISB,2026-06-28,1,mobile_web,10
S1001786,SES02551,2026-05-12T15:25:19Z,ISB,SHJ,2026-08-29,1,desktop,30
S1004533,SES02812,2026-05-12T15:29:02Z,ISB,KHI,2026-07-15,2,android,6
S1004632,SES01024,2026-05-12T15:29:28Z,KHI,DXB,2026-08-12,2,desktop,1
S1007152,SES00039,2026-05-12T15:51:25Z,KHI,SHJ,2026-05-22,1,mobile_web,21
S1002369,SES01871,2026-05-12T16:19:24Z,LHE,DXB,2026-09-05,1,android,25
S1003336,SES00228,2026-05-12T16:20:51Z,KHI,SHJ,2026-06-29,4,mobile_web,8
S1006049,SES01802,2026-05-12T16:25:31Z,KHI,SKT,2026-07-15,1,android,28
S1004402,SES00716,2026-05-12T16:38:23Z,PEW,DXB,2026-05-16,1,android,29
S9639123,SES02713,2026-05-12T16:57:03Z,PEW,SHJ,2026-08-31,2,android,38
S1001132,SES02789,2026-05-12T17:03:46Z,SHJ,LHE,2026-08-11,1,desktop,44
S1007598,SES01604,2026-05-12T17:15:28Z,LHE,KHI,2026-06-03,2,ios,6
S1001154,SES01607,2026-05-12T17:21:22Z,ISB,PEW,2026-05-25,4,android,38
S1006436,SES02893,2026-05-12T17:46:45Z,KHI,MUX,2026-07-16,1,desktop,19
S1005626,SES02103,2026-05-12T17:50:45Z,LHE,ISB,2026-07-09,2,ios,7
S1006094,SES01072,2026-05-12T18:09:42Z,KHI,MUX,2026-06-22,1,mobile_web,10
S1006382,SES02636,2026-05-12T18:21:28Z,DXB,ISB,2026-06-21,2,ios,19
S1003036,SES02458,2026-05-12T19:07:06Z,LHE,KHI,2026-08-10,3,android,27
S1006667,SES01905,2026-05-12T19:19:54Z,LHE,KHI,2026-07-09,1,desktop,47
S1006221,SES01993,2026-05-12T19:21:33Z,KHI,LHE,2026-08-21,3,mobile_web,20
S1004186,SES01622,2026-05-12T19:25:28Z,KHI,ISB,2026-07-17,3,desktop,7
S1004584,SES00574,2026-05-12T19:31:52Z,ISB,DXB,2026-06-23,1,android,14
S1005523,SES02515,2026-05-12T19:42:52Z,KHI,LHE,2026-05-23,1,mobile_web,22
S1001667,SES01730,2026-05-12T20:14:50Z,ISB,LHR,2026-06-28,1,android,10
S1000455,SES00310,2026-05-12T20:15:21Z,LHE,ISB,2026-05-14,1,android,26
S1007801,SES00298,2026-05-12T20:19:09Z,LHE,KHI,2026-07-27,1,android,39
S1002909,SES00681,2026-05-12T20:32:14Z,ISB,KHI,2026-06-26,1,ios,11
S1004799,SES02425,2026-05-12T20:42:06Z,LHE,JED,2026-08-14,2,desktop,16
S9890966,SES02418,2026-05-12T20:42:57Z,LHE,ISB,2026-05-18,1,android,13
S1007824,SES01031,2026-05-12T21:00:05Z,PEW,DXB,2026-06-24,2,mobile_web,34
S1002206,SES02489,2026-05-12T21:11:37Z,KHI,SHJ,2026-07-11,1,mobile_web,46
S1004146,SES01755,2026-05-12T21:19:50Z,KHI,LHE,2026-05-16,2,android,15
S1004936,SES03119,2026-05-12T21:24:35Z,ISB,KHI,2026-07-21,3,android,8
S1007013,SES01360,2026-05-12T21:29:01Z,KHI,ISB,2026-08-02,2,android,10
S1007263,SES02413,2026-05-12T21:45:44Z,KHI,ISB,2026-05-28,2,mobile_web,41
S1004595,SES02261,2026-05-12T22:00:50Z,LHE,ISB,2026-05-13,1,android,34
S1001040,SES02642,2026-05-12T22:14:02Z,KHI,ISB,2026-08-05,1,desktop,46
S1002501,SES00207,2026-05-12T22:14:24Z,KHI,LHE,2026-09-06,1,mobile_web,9
S1000421,SES01766,2026-05-12T22:20:02Z,LHE,JED,2026-06-24,1,desktop,8
S1007211,SES01663,2026-05-12T22:24:04Z,KHI,ISB,2026-08-31,1,desktop,17
S1000130,SES00836,2026-05-12T22:41:25Z,KHI,LHE,2026-07-21,1,ios,32
S1007858,SES03318,2026-05-12T22:52:24Z,KHI,SKT,2026-06-25,2,ios,24
S1006104,SES03223,2026-05-12T23:16:01Z,LHE,KHI,2026-07-12,1,android,13
S1007925,SES01937,2026-05-12T23:32:55Z,KHI,LHE,2026-08-23,1,bot,42
S1005810,SES03306,2026-05-12T23:41:33Z,PEW,DXB,2026-06-26,1,android,38
S9259323,SES02237,2026-05-12T23:53:08Z,LHE,ISB,2026-05-30,1,desktop,40
S1004138,SES01999,2026-05-12T23:59:44Z,LHE,KHI,2026-06-28,1,android,16
S1003349,SES01975,2026-05-13T00:05:38Z,KHI,SHJ,2026-08-05,1,ios,12
S1003222,SES00670,2026-05-13T00:33:19Z,LHE,DXB,2026-07-05,1,android,26
S1006839,SES02144,2026-05-13T00:49:39Z,LHE,SHJ,2026-05-17,1,desktop,36
S1005617,SES01288,2026-05-13T00:50:40Z,KHI,ISB,2026-05-29,2,android,6
S1004005,SES00649,2026-05-13T00:54:14Z,LHE,JED,2026-08-15,1,mobile_web,17
S1003326,SES02777,2026-05-13T01:11:36Z,LHE,SHJ,2026-07-10,1,desktop,25
S1007837,SES02010,2026-05-13T01:13:38Z,KHI,SKT,2026-07-28,2,ios,3
S1006188,SES02652,2026-05-13T01:38:45Z,ISB,KHI,2026-07-26,2,desktop,46
S1001297,SES02578,2026-05-13T01:40:38Z,KHI,SHJ,2026-07-18,2,android,48
S1001093,SES00451,2026-05-13T01:43:50Z,KHI,DXB,2026-07-29,2,ios,26
S1003910,SES01292,2026-05-13T01:50:27Z,ISB,SHJ,2026-08-29,2,desktop,40
S1007981,SES01183,2026-05-13T01:56:24Z,LHE,JED,2026-05-19,1,bot,46
S1005823,SES01090,2026-05-13T01:59:51Z,KHI,ISB,2026-07-07,1,android,17
S1006718,SES01718,2026-05-13T02:26:58Z,KHI,ISB,2026-08-13,2,android,47
S1007458,SES02324,2026-05-13T02:31:54Z,LHE,KHI,2026-08-23,1,ios,17
S1005869,SES00858,2026-05-13T02:56:00Z,KHI,MUX,2026-07-12,4,ios,22
S1001943,SES03244,2026-05-13T03:01:53Z,KHI,ISB,2026-07-18,1,mobile_web,9
S1003533,SES01842,2026-05-13T03:02:12Z,LHR,ISB,2026-05-17,1,android,8
S1006140,SES03344,2026-05-13T03:10:15Z,KHI,LHE,2026-08-27,1,desktop,1
S1001732,SES01405,2026-05-13T03:24:48Z,KHI,LHE,2026-06-28,1,desktop,42
S1006028,SES01811,2026-05-13T03:25:02Z,ISB,SHJ,2026-08-27,1,desktop,47
S1001105,SES01279,2026-05-13T03:50:48Z,LHE,DXB,2026-08-16,2,mobile_web,9
S1001421,SES01058,2026-05-13T03:59:56Z,ISB,LHE,2026-08-15,1,ios,25
S1007262,SES03068,2026-05-13T04:32:34Z,ISB,SHJ,2026-06-02,3,ios,18
S1005728,SES01915,2026-05-13T04:36:20Z,ISB,SHJ,2026-07-07,1,ios,12
S9956321,SES02746,2026-05-13T04:37:05Z,LHE,SHJ,2026-05-19,1,desktop,5
S1005426,SES03308,2026-05-13T04:39:34Z,ISB,KHI,2026-09-01,1,android,3
S1000103,SES01924,2026-05-13T04:46:20Z,KHI,ISB,2026-08-30,3,desktop,41
S1000598,SES01140,2026-05-13T04:57:29Z,KHI,ISB,2026-09-05,1,bot,41
S1002122,SES02899,2026-05-13T05:13:02Z,KHI,SKT,2026-06-02,1,desktop,20
S1004738,SES01593,2026-05-13T05:26:46Z,DXB,LHE,2026-05-16,1,desktop,16
S1000232,SES01685,2026-05-13T05:42:24Z,ISB,KHI,2026-06-14,2,android,21
S1002715,SES01736,2026-05-13T05:48:56Z,PEW,SHJ,2026-06-13,4,desktop,16
S1000746,SES02042,2026-05-13T05:56:07Z,PEW,DXB,2026-08-23,1,android,21
S1000843,SES01548,2026-05-13T06:26:45Z,KHI,ISB,2026-07-05,4,desktop,20
S1005792,SES00032,2026-05-13T06:39:18Z,KHI,LHE,2026-07-17,2,android,25
S1001913,SES00042,2026-05-13T06:45:00Z,ISB,KHI,2026-06-05,1,android,46
S1000582,SES03348,2026-05-13T06:55:30Z,ISB,DXB,2026-05-27,1,ios,42
S1002724,SES02300,2026-05-13T07:25:09Z,KHI,DXB,2026-08-29,3,mobile_web,40
S9893241,SES02392,2026-05-13T07:39:43Z,LHE,KHI,2026-06-30,1,desktop,28
S1004291,SES01712,2026-05-13T07:47:18Z,PEW,DXB,2026-08-03,1,android,40
S9167907,SES01787,2026-05-13T08:00:53Z,SHJ,KHI,2026-05-19,3,android,35
S1006335,SES02036,2026-05-13T08:13:37Z,ISB,LHR,2026-09-02,1,desktop,32
S1007046,SES00721,2026-05-13T08:18:32Z,KHI,SHJ,2026-08-14,2,android,9
S1002292,SES00450,2026-05-13T08:30:16Z,SHJ,LHE,2026-09-01,2,android,11
S1002764,SES03099,2026-05-13T08:44:11Z,LHE,DXB,2026-05-20,2,mobile_web,47
S1006754,SES02272,2026-05-13T09:07:19Z,KHI,ISB,2026-06-19,1,ios,47
S1003063,SES03324,2026-05-13T09:50:48Z,LHE,SHJ,2026-08-06,1,desktop,47
S1002841,SES02590,2026-05-13T09:50:53Z,LHE,SHJ,2026-07-28,1,android,22
S1004388,SES01615,2026-05-13T09:53:09Z,LHE,DXB,2026-09-03,1,android,33
S1006611,SES01869,2026-05-13T09:56:54Z,KHI,SKT,2026-05-14,1,desktop,44
S1004937,SES03209,2026-05-13T10:07:27Z,PEW,DXB,2026-06-03,3,android,30
S1000136,SES01783,2026-05-13T10:14:27Z,ISB,SHJ,2026-08-11,1,desktop,46
S1000403,SES02139,2026-05-13T10:28:06Z,ISB,KHI,2026-08-30,4,ios,2
S1007077,SES01362,2026-05-13T10:30:11Z,KHI,SKT,2026-08-28,1,desktop,15
S1002443,SES00640,2026-05-13T10:50:39Z,LHE,DXB,2026-07-03,1,mobile_web,11
S1003873,SES02638,2026-05-13T10:52:47Z,KHI,DXB,2026-08-13,1,android,20
S1001381,SES00605,2026-05-13T10:52:49Z,LHE,DXB,2026-06-05,1,android,9
S1004762,SES00361,2026-05-13T11:12:37Z,KHI,LHE,2026-08-24,1,desktop,33
S1003601,SES01865,2026-05-13T11:41:23Z,PEW,SHJ,2026-07-11,3,mobile_web,27
S1000729,SES02791,2026-05-13T11:41:30Z,SHJ,KHI,2026-08-30,1,mobile_web,37
S1004797,SES00575,2026-05-13T12:11:33Z,KHI,PEW,2026-08-07,1,mobile_web,10
S1007129,SES00584,2026-05-13T12:19:12Z,LHE,ISB,2026-07-17,1,desktop,12
S1005059,SES00899,2026-05-13T12:26:53Z,SHJ,LHE,2026-06-01,1,mobile_web,22
S1005411,SES02009,2026-05-13T12:28:04Z,ISB,SHJ,2026-06-27,1,ios,38
S1001542,SES00652,2026-05-13T12:33:40Z,KHI,ISB,2026-08-26,1,android,13
S1005741,SES00416,2026-05-13T12:48:49Z,KHI,DXB,2026-08-26,1,android,37
S1000389,SES01537,2026-05-13T13:04:29Z,KHI,LHE,2026-05-20,1,desktop,40
S1006836,SES01591,2026-05-13T13:04:43Z,KHI,SHJ,2026-07-13,1,android,29
S1003229,SES03112,2026-05-13T13:07:11Z,KHI,ISB,2026-06-09,1,ios,38
S1000422,SES01129,2026-05-13T13:10:30Z,KHI,LHE,2026-07-04,1,android,32
S1006197,SES00024,2026-05-13T13:14:34Z,KHI,DXB,2026-05-28,1,bot,14
S1006423,SES00406,2026-05-13T13:18:07Z,KHI,SHJ,2026-07-15,2,desktop,34
S1006540,SES01280,2026-05-13T13:30:57Z,KHI,MUX,2026-07-19,1,ios,32
S1006644,SES00957,2026-05-13T13:32:36Z,PEW,DXB,2026-07-02,1,desktop,44
S1000227,SES03073,2026-05-13T13:40:20Z,SHJ,LHE,2026-07-22,1,ios,16
S1003056,SES02258,2026-05-13T13:46:08Z,KHI,MUX,2026-07-09,4,desktop,42
S1005112,SES00623,2026-05-13T13:48:53Z,ISB,KHI,2026-08-07,1,android,0
S1006426,SES00104,2026-05-13T14:05:40Z,KHI,ISB,2026-08-16,1,ios,18
S1003775,SES02827,2026-05-13T14:52:10Z,KHI,MUX,2026-05-24,2,ios,15
S1004842,SES01355,2026-05-13T14:56:19Z,KHI,JED,2026-07-07,1,mobile_web,14
S1006575,SES03181,2026-05-13T15:04:34Z,ISB,SHJ,2026-07-27,4,android,39
S1000728,SES01200,2026-05-13T15:18:06Z,KHI,ISB,2026-05-25,1,desktop,40
S1005674,SES01889,2026-05-13T15:27:14Z,SHJ,KHI,2026-06-28,3,desktop,5
S1007738,SES01276,2026-05-13T15:43:55Z,KHI,SHJ,2026-05-31,2,android,18
S1000812,SES02171,2026-05-13T15:50:38Z,ISB,SHJ,2026-08-15,1,ios,33
S1003023,SES00399,2026-05-13T16:09:15Z,PEW,SHJ,2026-06-12,1,mobile_web,0
S1001431,SES01948,2026-05-13T16:25:14Z,KHI,ISB,2026-07-12,1,bot,2
S1006642,SES00041,2026-05-13T16:46:23Z,SHJ,LHE,2026-05-29,1,mobile_web,14
S1000975,SES01568,2026-05-13T17:24:12Z,ISB,KHI,2026-08-16,1,desktop,7
S1003824,SES01480,2026-05-13T17:36:42Z,KHI,ISB,2026-06-12,1,bot,42
S1004905,SES01780,2026-05-13T17:41:57Z,KHI,ISB,2026-05-14,3,android,40
S1001444,SES00714,2026-05-13T18:01:24Z,KHI,ISB,2026-05-29,2,ios,30
S1007883,SES02354,2026-05-13T18:11:14Z,ISB,KHI,2026-07-28,1,ios,9
S1000973,SES03146,2026-05-13T18:31:31Z,DXB,LHE,2026-06-25,1,mobile_web,38
S1005285,SES01280,2026-05-13T18:57:09Z,PEW,SHJ,2026-08-29,2,desktop,14
S1003170,SES00086,2026-05-13T19:25:27Z,KHI,DXB,2026-08-22,3,android,2
S9637248,SES02295,2026-05-13T19:32:02Z,SHJ,LHE,2026-05-20,1,desktop,30
S1007075,SES03336,2026-05-13T19:32:23Z,LHR,ISB,2026-06-20,1,android,10
S1005304,SES02856,2026-05-13T19:35:24Z,KHI,MUX,2026-09-03,1,android,16
S1006266,SES01419,2026-05-13T19:56:29Z,LHE,ISB,2026-06-23,2,ios,3
S1003373,SES00561,2026-05-13T20:19:41Z,KHI,SHJ,2026-06-27,1,android,24
S1007642,SES02451,2026-05-13T20:35:51Z,LHE,JED,2026-08-22,1,android,48
S1003052,SES00540,2026-05-13T20:42:42Z,KHI,LHE,2026-07-20,4,mobile_web,22
S1007912,SES02598,2026-05-13T20:48:52Z,SHJ,KHI,2026-09-10,1,desktop,46
S1001462,SES00711,2026-05-13T20:50:09Z,KHI,LHE,2026-07-08,1,android,42
S1005013,SES00293,2026-05-13T20:52:28Z,ISB,KHI,2026-06-26,1,mobile_web,7
S1000586,SES00541,2026-05-13T20:53:02Z,LHE,KHI,2026-06-26,1,bot,13
S9409582,SES03309,2026-05-13T20:54:54Z,LHE,SHJ,2026-05-21,2,desktop,29
S1001177,SES03163,2026-05-13T20:55:32Z,PEW,SHJ,2026-07-22,2,desktop,14
S1000683,SES01926,2026-05-13T21:00:59Z,SHJ,KHI,2026-05-26,1,android,4
S1001861,SES01769,2026-05-13T21:09:43Z,KHI,SHJ,2026-06-16,1,desktop,46
S1006004,SES00398,2026-05-13T21:10:44Z,LHR,ISB,2026-09-06,1,ios,32
S1000904,SES00161,2026-05-13T21:23:26Z,ISB,KHI,2026-07-12,3,android,10
S1001219,SES01711,2026-05-13T21:23:52Z,KHI,ISB,2026-07-04,1,ios,9
S1000019,SES03194,2026-05-13T21:25:04Z,KHI,SHJ,2026-06-30,1,android,5
S1006315,SES02610,2026-05-13T21:25:59Z,ISB,DXB,2026-07-19,1,ios,11
S1006148,SES01740,2026-05-13T21:30:20Z,KHI,LHE,2026-05-26,2,desktop,10
S1004072,SES03312,2026-05-13T21:31:52Z,KHI,LHE,2026-05-27,1,ios,12
S1002023,SES00216,2026-05-13T21:32:04Z,SHJ,KHI,2026-08-11,1,android,41
S1006383,SES01067,2026-05-13T22:23:29Z,ISB,SHJ,2026-08-06,1,desktop,0
S1006701,SES01013,2026-05-13T22:33:27Z,LHR,ISB,2026-08-04,4,android,33
S1005657,SES01515,2026-05-13T22:47:45Z,KHI,LHE,2026-08-05,1,android,20
S1004310,SES03027,2026-05-13T22:48:59Z,KHI,SHJ,2026-06-28,4,android,10
S9398219,SES02924,2026-05-13T22:52:56Z,KHI,LHE,2026-06-28,2,android,18
S1001564,SES03075,2026-05-13T23:27:45Z,KHI,MUX,2026-06-11,3,android,39
S1004628,SES01975,2026-05-13T23:28:51Z,KHI,MUX,2026-06-17,3,android,43
S1002647,SES01608,2026-05-13T23:39:24Z,ISB,KHI,2026-07-01,3,mobile_web,17
S1007276,SES02860,2026-05-13T23:49:26Z,KHI,MUX,2026-08-25,1,desktop,10
S1001150,SES03115,2026-05-14T00:08:23Z,KHI,MUX,2026-08-02,1,android,13
S1002329,SES00470,2026-05-14T00:20:37Z,KHI,LHE,2026-06-03,1,android,3
S1001590,SES01583,2026-05-14T00:38:14Z,ISB,SHJ,2026-08-18,1,ios,29
S1000815,SES00114,2026-05-14T00:41:59Z,SHJ,LHE,2026-06-18,1,android,46
S1000474,SES03044,2026-05-14T00:49:24Z,ISB,DXB,2026-08-31,1,desktop,10
S9723794,SES01969,2026-05-14T00:56:35Z,KHI,UET,2026-05-28,2,android,18
S1005621,SES01237,2026-05-14T01:05:29Z,KHI,DXB,2026-05-23,2,mobile_web,1
S1006548,SES03243,2026-05-14T01:12:45Z,KHI,MUX,2026-07-11,1,android,46
S1001346,SES01632,2026-05-14T01:23:27Z,DXB,ISB,2026-07-22,1,android,35
S1002252,SES00593,2026-05-14T01:32:20Z,KHI,SKT,2026-05-16,1,desktop,45
S1007522,SES02550,2026-05-14T01:43:19Z,KHI,MUX,2026-06-07,1,android,13
S1003647,SES02662,2026-05-14T01:49:12Z,ISB,KHI,2026-05-23,1,mobile_web,45
S1000697,SES02484,2026-05-14T01:54:55Z,KHI,ISB,2026-08-23,1,desktop,35
S1004572,SES00572,2026-05-14T01:58:57Z,ISB,SHJ,2026-07-26,2,android,25
S1004792,SES02860,2026-05-14T02:05:56Z,LHE,JED,2026-05-16,1,mobile_web,45
S1000223,SES01929,2026-05-14T02:14:13Z,DXB,KHI,2026-07-19,4,ios,24
S1003390,SES01525,2026-05-14T02:25:48Z,ISB,DXB,2026-05-25,1,desktop,13
S1005267,SES02183,2026-05-14T02:26:33Z,ISB,KHI,2026-08-03,1,android,27
S1000513,SES03259,2026-05-14T02:55:34Z,KHI,LHE,2026-06-13,1,mobile_web,41
S1003780,SES00642,2026-05-14T03:01:06Z,LHE,KHI,2026-08-21,1,android,19
S1004848,SES00589,2026-05-14T03:04:41Z,KHI,LHE,2026-05-30,4,desktop,40
S1007635,SES01889,2026-05-14T03:17:23Z,ISB,PEW,2026-06-23,2,ios,11
S1002079,SES01030,2026-05-14T03:33:27Z,LHE,KHI,2026-08-02,3,mobile_web,48
S1000635,SES01788,2026-05-14T03:33:55Z,LHE,DXB,2026-07-28,2,android,48
S1001363,SES02473,2026-05-14T03:40:17Z,KHI,LHE,2026-08-18,1,bot,24
S1004923,SES02078,2026-05-14T03:43:42Z,LHE,KHI,2026-05-16,2,android,37
S1002162,SES00563,2026-05-14T03:49:08Z,ISB,PEW,2026-07-21,2,mobile_web,44
S1002837,SES00929,2026-05-14T04:10:10Z,ISB,SHJ,2026-07-04,1,android,16
S1001839,SES00163,2026-05-14T04:37:40Z,DXB,ISB,2026-06-02,1,desktop,28
S1005107,SES01428,2026-05-14T04:44:27Z,KHI,UET,2026-08-13,2,mobile_web,31
S1006813,SES00531,2026-05-14T05:09:33Z,LHE,ISB,2026-08-24,1,android,43
S1003127,SES02274,2026-05-14T05:18:58Z,LHR,ISB,2026-05-30,2,ios,16
S1001277,SES03195,2026-05-14T05:19:39Z,SHJ,LHE,2026-06-05,2,android,46
S1002587,SES02878,2026-05-14T05:27:52Z,ISB,KHI,2026-07-30,1,bot,41
S1001801,SES00623,2026-05-14T05:37:58Z,DXB,ISB,2026-06-05,3,desktop,41
S1000768,SES03165,2026-05-14T05:59:02Z,ISB,LHE,2026-08-08,2,android,48
S1003195,SES01152,2026-05-14T05:59:08Z,ISB,KHI,2026-06-20,1,desktop,36
S1005419,SES00933,2026-05-14T06:16:45Z,LHR,ISB,2026-08-04,1,android,15
S1005745,SES01094,2026-05-14T06:17:58Z,KHI,ISB,2026-06-20,1,mobile_web,31
S1005571,SES01804,2026-05-14T06:19:42Z,KHI,MUX,2026-06-11,2,ios,24
S1004840,SES00222,2026-05-14T06:54:48Z,ISB,KHI,2026-08-27,1,android,7
S1000779,SES02317,2026-05-14T06:56:04Z,KHI,ISB,2026-07-20,1,android,16
S1002778,SES02920,2026-05-14T06:59:25Z,KHI,MUX,2026-06-25,3,mobile_web,4
S1001908,SES01976,2026-05-14T07:05:44Z,DXB,ISB,2026-06-05,2,android,34
S1007626,SES03137,2026-05-14T07:08:16Z,KHI,MUX,2026-07-28,1,ios,29
S1004066,SES02032,2026-05-14T07:15:04Z,KHI,PEW,2026-08-19,3,android,36
S1002428,SES01631,2026-05-14T07:17:33Z,KHI,JED,2026-06-01,1,desktop,18
S1005160,SES01614,2026-05-14T07:23:18Z,ISB,SHJ,2026-05-16,1,ios,20
S1007090,SES01859,2026-05-14T07:27:28Z,ISB,LHR,2026-05-15,4,android,6
S1002322,SES01067,2026-05-14T07:42:03Z,DXB,ISB,2026-05-25,1,android,45
S1005849,SES01959,2026-05-14T08:12:27Z,PEW,DXB,2026-06-15,4,mobile_web,2
S1005952,SES00949,2026-05-14T08:21:43Z,ISB,LHE,2026-08-30,2,desktop,32
S1000073,SES03192,2026-05-14T08:44:00Z,LHE,ISB,2026-05-19,1,android,21
S1006386,SES01647,2026-05-14T08:53:12Z,KHI,SHJ,2026-07-13,1,desktop,46
S1006676,SES03011,2026-05-14T09:20:44Z,KHI,DXB,2026-06-18,1,desktop,46
S1006641,SES01120,2026-05-14T09:25:00Z,LHE,SHJ,2026-07-04,2,android,42
S1005688,SES03186,2026-05-14T09:27:05Z,PEW,DXB,2026-07-02,2,mobile_web,33
S1002374,SES02027,2026-05-14T09:32:39Z,PEW,SHJ,2026-07-04,1,desktop,23
S1003134,SES02659,2026-05-14T09:51:56Z,KHI,UET,2026-05-31,3,desktop,13
S9608135,SES02992,2026-05-14T10:19:05Z,ISB,LHE,2026-05-29,1,android,30
S1007308,SES03286,2026-05-14T10:20:59Z,ISB,PEW,2026-06-28,3,desktop,15
S9183040,SES00048,2026-05-14T10:31:15Z,ISB,LHE,2026-05-21,1,desktop,34
S1006172,SES01163,2026-05-14T10:34:26Z,SHJ,LHE,2026-07-02,3,desktop,43
S1002175,SES02699,2026-05-14T10:37:48Z,KHI,ISB,2026-05-31,2,android,15
S1002866,SES03051,2026-05-14T10:37:51Z,ISB,SHJ,2026-06-26,3,mobile_web,23
S1001594,SES00695,2026-05-14T10:55:47Z,ISB,KHI,2026-08-28,1,android,32
S1000033,SES02751,2026-05-14T11:01:03Z,KHI,ISB,2026-07-14,1,ios,39
S1005093,SES01775,2026-05-14T11:01:55Z,KHI,JED,2026-07-27,1,mobile_web,23
S1003316,SES00598,2026-05-14T11:03:49Z,KHI,DXB,2026-08-02,2,mobile_web,23
S1004107,SES03129,2026-05-14T11:05:23Z,SHJ,KHI,2026-09-05,1,mobile_web,9
S1000500,SES02748,2026-05-14T11:13:16Z,ISB,SHJ,2026-06-28,1,android,17
S1003980,SES00257,2026-05-14T11:22:06Z,KHI,PEW,2026-08-12,2,mobile_web,17
S1007001,SES02047,2026-05-14T11:35:44Z,KHI,SKT,2026-07-20,3,bot,20
S1005181,SES00909,2026-05-14T12:04:06Z,KHI,LHE,2026-08-18,1,mobile_web,28
S1000928,SES03229,2026-05-14T12:14:13Z,ISB,LHE,2026-07-29,1,android,2
S1006256,SES02083,2026-05-14T12:15:48Z,KHI,ISB,2026-05-18,2,android,1
S1003158,SES01252,2026-05-14T12:38:35Z,ISB,KHI,2026-07-12,1,android,25
S1003858,SES03307,2026-05-14T12:43:32Z,DXB,KHI,2026-08-20,2,mobile_web,34
S1003162,SES00082,2026-05-14T12:54:20Z,LHE,JED,2026-07-01,1,android,36
S1003512,SES02940,2026-05-14T13:08:58Z,LHE,DXB,2026-06-02,1,ios,35
S1007974,SES00145,2026-05-14T13:09:14Z,KHI,DXB,2026-05-31,1,android,46
S1006747,SES00383,2026-05-14T13:17:30Z,SHJ,LHE,2026-08-17,1,ios,13
S1005044,SES01118,2026-05-14T13:18:22Z,PEW,DXB,2026-06-17,1,desktop,1
S1002892,SES01647,2026-05-14T13:19:14Z,KHI,DXB,2026-09-02,3,android,11
S1002921,SES00638,2026-05-14T13:26:24Z,LHE,ISB,2026-08-09,3,mobile_web,27
S1007063,SES02521,2026-05-14T13:28:06Z,KHI,MUX,2026-08-30,4,android,14
S1000413,SES01505,2026-05-14T13:41:41Z,KHI,ISB,2026-07-29,3,android,35
S1003632,SES00953,2026-05-14T13:47:18Z,ISB,KHI,2026-06-08,1,desktop,33
S1002358,SES02730,2026-05-14T14:47:23Z,ISB,SHJ,2026-07-18,1,android,4
S1006917,SES03364,2026-05-14T14:55:29Z,KHI,LHE,2026-06-02,2,android,15
S1007249,SES01900,2026-05-14T15:11:23Z,KHI,LHE,2026-09-04,2,desktop,14
S1006495,SES02726,2026-05-14T15:29:37Z,SHJ,LHE,2026-09-03,1,android,34
S1001417,SES02385,2026-05-14T15:37:57Z,KHI,ISB,2026-06-15,1,android,20
S1003204,SES02478,2026-05-14T15:38:16Z,KHI,ISB,2026-07-26,1,android,23
S1004179,SES02933,2026-05-14T15:45:03Z,KHI,SHJ,2026-08-05,3,desktop,27
S1007581,SES01494,2026-05-14T15:56:38Z,KHI,ISB,2026-08-10,2,android,17
S9272090,SES02392,2026-05-14T15:59:31Z,DXB,KHI,2026-07-04,2,desktop,11
S1001760,SES01374,2026-05-14T16:04:05Z,KHI,LHE,2026-07-04,1,mobile_web,11
S1006587,SES01181,2026-05-14T16:04:29Z,ISB,KHI,2026-05-17,4,ios,1
S1001402,SES01633,2026-05-14T16:08:51Z,KHI,LHE,2026-07-19,1,mobile_web,17
S1000524,SES02941,2026-05-14T16:09:53Z,LHE,ISB,2026-07-06,1,mobile_web,0
S1007187,SES01005,2026-05-14T16:16:14Z,ISB,SHJ,2026-09-11,1,mobile_web,34
S1005582,SES00379,2026-05-14T16:22:06Z,ISB,PEW,2026-08-25,2,android,45
S1004761,SES02055,2026-05-14T16:25:07Z,ISB,DXB,2026-08-29,3,mobile_web,46
S1003026,SES03002,2026-05-14T16:47:08Z,KHI,DXB,2026-05-26,2,android,22
S1001669,SES02279,2026-05-14T17:02:28Z,KHI,ISB,2026-08-14,4,mobile_web,1
S1007335,SES00618,2026-05-14T17:10:30Z,KHI,ISB,2026-08-16,1,mobile_web,40
S1002198,SES00751,2026-05-14T17:19:53Z,LHE,DXB,2026-07-07,3,desktop,12
S1000564,SES01284,2026-05-14T17:22:21Z,LHR,ISB,2026-06-22,2,mobile_web,41
S1002890,SES02680,2026-05-14T17:34:00Z,KHI,ISB,2026-05-26,1,ios,8
S1006296,SES00295,2026-05-14T17:34:36Z,KHI,LHE,2026-06-06,1,android,2
S1006407,SES00491,2026-05-14T17:42:56Z,KHI,LHE,2026-09-08,4,ios,34
S1001041,SES01316,2026-05-14T17:50:40Z,DXB,KHI,2026-08-18,2,desktop,20
S1006377,SES01041,2026-05-14T17:58:58Z,SHJ,LHE,2026-08-24,1,android,29
S1000098,SES00624,2026-05-14T18:05:35Z,KHI,ISB,2026-07-06,3,android,22
S1007766,SES01440,2026-05-14T18:38:18Z,LHE,JED,2026-08-05,2,desktop,23
S1006420,SES00735,2026-05-14T18:53:27Z,LHE,KHI,2026-07-17,2,desktop,14
S1007655,SES02135,2026-05-14T19:12:30Z,ISB,LHR,2026-05-20,1,ios,9
S1001004,SES00630,2026-05-14T19:15:47Z,ISB,KHI,2026-07-12,2,ios,11
S1007901,SES01085,2026-05-14T19:38:45Z,ISB,KHI,2026-05-21,1,android,16
S1005732,SES00522,2026-05-14T19:45:27Z,KHI,ISB,2026-09-03,1,android,27
S1002984,SES01944,2026-05-14T20:05:53Z,SHJ,LHE,2026-08-05,1,mobile_web,2
S1002677,SES00675,2026-05-14T20:25:44Z,ISB,PEW,2026-07-19,1,android,23
S1005712,SES01751,2026-05-14T20:27:10Z,ISB,SHJ,2026-07-14,4,mobile_web,20
S1001890,SES02336,2026-05-14T20:27:29Z,PEW,DXB,2026-05-21,1,ios,18
S1000360,SES01246,2026-05-14T20:32:33Z,ISB,LHE,2026-06-13,4,mobile_web,8
S1007790,SES01091,2026-05-14T20:37:33Z,ISB,PEW,2026-06-15,1,android,16
S1003774,SES00907,2026-05-14T20:57:07Z,KHI,MUX,2026-08-10,2,desktop,41
S1006673,SES01044,2026-05-14T21:01:56Z,DXB,LHE,2026-07-01,1,android,9
S1002759,SES03305,2026-05-14T21:13:31Z,LHR,ISB,2026-06-26,2,android,17
S1004524,SES01802,2026-05-14T21:19:40Z,KHI,LHE,2026-09-11,1,android,20
S1002945,SES02050,2026-05-14T21:24:23Z,DXB,KHI,2026-06-07,1,ios,21
S1006696,SES02024,2026-05-14T21:36:07Z,KHI,DXB,2026-08-01,1,mobile_web,3
S1006998,SES03221,2026-05-14T21:45:03Z,LHE,ISB,2026-07-24,2,android,9
S1000622,SES00600,2026-05-14T21:48:48Z,LHE,KHI,2026-06-13,2,desktop,27
S1000398,SES02679,2026-05-14T21:50:18Z,LHE,JED,2026-09-08,1,android,21
S1001111,SES00151,2026-05-14T21:51:26Z,KHI,ISB,2026-05-23,3,desktop,7
S1000026,SES00714,2026-05-14T21:55:15Z,KHI,JED,2026-07-03,1,desktop,35
S1004380,SES01497,2026-05-14T21:55:37Z,PEW,DXB,2026-07-14,4,ios,38
S1000679,SES02745,2026-05-14T21:59:29Z,DXB,LHE,2026-08-16,2,ios,30
S1003819,SES00721,2026-05-14T22:10:29Z,ISB,SHJ,2026-06-27,4,android,33
S1001827,SES01995,2026-05-14T22:40:46Z,PEW,SHJ,2026-07-16,1,android,36
S1003062,SES01681,2026-05-14T22:44:04Z,LHE,DXB,2026-07-03,3,android,30
S9557195,SES03127,2026-05-14T22:56:52Z,DXB,ISB,2026-05-26,4,android,31
S1001819,SES00212,2026-05-14T23:10:56Z,KHI,ISB,2026-08-29,1,android,21
S1002510,SES00889,2026-05-14T23:44:39Z,KHI,LHE,2026-06-19,2,desktop,22
S1004979,SES01175,2026-05-14T23:52:24Z,KHI,PEW,2026-05-24,1,desktop,19
S1002774,SES01213,2026-05-14T23:52:59Z,SHJ,KHI,2026-06-26,2,android,24
S1005458,SES00103,2026-05-15T00:01:17Z,ISB,SHJ,2026-05-18,1,mobile_web,42
S1000412,SES01395,2026-05-15T00:25:24Z,LHE,ISB,2026-05-23,2,android,48
S1003950,SES00172,2026-05-15T00:27:35Z,LHE,KHI,2026-06-20,1,android,36
S1001148,SES00643,2026-05-15T00:54:21Z,LHE,DXB,2026-06-27,1,desktop,34
S1001084,SES02479,2026-05-15T00:59:34Z,SHJ,KHI,2026-07-21,1,desktop,5
S1000960,SES01237,2026-05-15T01:15:42Z,KHI,ISB,2026-08-03,3,android,33
S1002666,SES03067,2026-05-15T01:17:32Z,LHE,DXB,2026-08-19,1,bot,41
S1007454,SES01322,2026-05-15T01:18:31Z,KHI,MUX,2026-06-22,2,android,39
S1006211,SES02762,2026-05-15T01:46:14Z,LHE,DXB,2026-05-25,1,desktop,45
S1002763,SES02139,2026-05-15T01:48:07Z,KHI,LHE,2026-08-24,1,android,47
S1006339,SES00029,2026-05-15T01:53:23Z,KHI,LHE,2026-07-04,1,ios,0
S1007418,SES00818,2026-05-15T02:16:31Z,KHI,ISB,2026-08-30,1,mobile_web,4
S1002502,SES00070,2026-05-15T02:21:24Z,ISB,LHE,2026-05-17,4,ios,42
S1003350,SES00905,2026-05-15T02:34:54Z,KHI,DXB,2026-09-01,1,desktop,17
S1006370,SES01624,2026-05-15T02:37:05Z,SHJ,KHI,2026-05-27,1,android,41
S1000875,SES03165,2026-05-15T02:39:02Z,SHJ,LHE,2026-07-17,1,ios,37
S1004887,SES00385,2026-05-15T02:49:56Z,PEW,SHJ,2026-06-15,1,ios,21
S1002663,SES00510,2026-05-15T02:50:22Z,LHE,ISB,2026-08-09,2,desktop,8
S1003315,SES00009,2026-05-15T02:52:12Z,KHI,ISB,2026-06-14,1,mobile_web,22
S1001406,SES03206,2026-05-15T02:53:20Z,DXB,ISB,2026-05-22,1,android,20
S1002490,SES01740,2026-05-15T02:56:13Z,KHI,LHE,2026-09-04,1,android,33
S1004453,SES01143,2026-05-15T03:26:13Z,KHI,ISB,2026-06-09,1,desktop,17
S1002815,SES00233,2026-05-15T03:32:18Z,LHE,KHI,2026-06-06,1,android,15
S1002881,SES00535,2026-05-15T03:33:55Z,KHI,SHJ,2026-06-29,1,desktop,13
S1005100,SES01948,2026-05-15T03:35:32Z,KHI,ISB,2026-09-04,1,android,5
S1001546,SES03323,2026-05-15T03:38:48Z,KHI,MUX,2026-08-02,2,android,42
S1000562,SES00684,2026-05-15T03:39:37Z,SHJ,LHE,2026-08-25,1,desktop,37
S1000183,SES02103,2026-05-15T03:42:15Z,LHE,ISB,2026-07-27,4,desktop,35
S9870888,SES03200,2026-05-15T03:50:21Z,ISB,KHI,2026-07-04,1,desktop,36
S1006853,SES00550,2026-05-15T04:17:08Z,KHI,SHJ,2026-06-11,1,bot,29
S9439299,SES01773,2026-05-15T04:19:47Z,LHE,DXB,2026-06-30,1,desktop,28
S1002569,SES03146,2026-05-15T04:20:50Z,ISB,KHI,2026-07-14,1,android,13
S1001280,SES01889,2026-05-15T04:52:25Z,SHJ,KHI,2026-05-21,3,ios,6
S1002020,SES02762,2026-05-15T05:01:35Z,KHI,MUX,2026-08-04,2,desktop,36
S1007126,SES01354,2026-05-15T05:08:48Z,LHE,KHI,2026-06-15,3,mobile_web,48
S1005931,SES02649,2026-05-15T05:33:37Z,LHE,ISB,2026-09-11,2,android,21
S1001675,SES00969,2026-05-15T05:37:36Z,PEW,SHJ,2026-07-20,1,android,46
S1004833,SES02144,2026-05-15T05:46:43Z,LHE,ISB,2026-06-14,4,desktop,7
S1007943,SES03311,2026-05-15T05:58:37Z,LHE,JED,2026-06-01,1,android,7
S1000392,SES01265,2026-05-15T06:00:01Z,DXB,LHE,2026-07-23,1,android,45
S1007778,SES01378,2026-05-15T06:03:25Z,ISB,SHJ,2026-06-01,1,ios,38
S1000215,SES00732,2026-05-15T06:06:12Z,ISB,KHI,2026-06-09,2,android,44
S1001856,SES02427,2026-05-15T06:19:41Z,ISB,PEW,2026-08-07,4,android,3
S1007113,SES00293,2026-05-15T06:32:37Z,KHI,LHE,2026-05-29,1,android,24
S1005769,SES01743,2026-05-15T06:36:49Z,ISB,KHI,2026-08-23,4,bot,3
S1004898,SES00596,2026-05-15T07:26:43Z,DXB,KHI,2026-07-23,2,desktop,14
S1005510,SES00585,2026-05-15T07:44:31Z,KHI,PEW,2026-07-10,1,bot,18
S1000153,SES00287,2026-05-15T07:54:08Z,KHI,ISB,2026-08-02,1,mobile_web,24
S1006351,SES03290,2026-05-15T08:18:20Z,ISB,DXB,2026-08-29,1,android,14
S1000350,SES03266,2026-05-15T08:29:12Z,KHI,ISB,2026-08-28,2,desktop,37
S1003654,SES02239,2026-05-15T08:30:34Z,KHI,MUX,2026-07-02,2,desktop,27
S1007739,SES00158,2026-05-15T08:34:36Z,LHE,DXB,2026-06-24,1,desktop,33
S1001275,SES01381,2026-05-15T08:39:27Z,KHI,LHE,2026-08-27,2,android,20
S1001882,SES00988,2026-05-15T09:15:02Z,LHE,DXB,2026-06-02,1,android,9
S1002667,SES00402,2026-05-15T09:15:37Z,LHE,KHI,2026-07-18,3,android,38
S1000939,SES02355,2026-05-15T09:32:59Z,DXB,ISB,2026-06-25,1,desktop,15
S1005609,SES03398,2026-05-15T09:33:31Z,KHI,PEW,2026-06-10,1,bot,22
S1006141,SES02150,2026-05-15T09:37:07Z,KHI,LHE,2026-09-03,1,android,23
S1006536,SES01982,2026-05-15T09:49:31Z,KHI,ISB,2026-08-02,1,mobile_web,15
S1005250,SES00112,2026-05-15T09:51:53Z,SHJ,LHE,2026-05-27,1,mobile_web,47
S1002600,SES02144,2026-05-15T10:02:13Z,LHE,DXB,2026-06-22,1,bot,9
S1004785,SES01708,2026-05-15T10:06:01Z,LHE,DXB,2026-05-16,1,android,21
S1002362,SES02285,2026-05-15T10:20:18Z,KHI,MUX,2026-06-11,1,mobile_web,3
S1005924,SES02393,2026-05-15T10:44:05Z,KHI,SKT,2026-08-01,2,ios,47
S1004685,SES02586,2026-05-15T10:57:00Z,ISB,SHJ,2026-07-22,1,ios,15
S1004773,SES02902,2026-05-15T11:01:44Z,KHI,SHJ,2026-08-10,1,android,43
S1007284,SES01035,2026-05-15T11:02:07Z,KHI,LHE,2026-09-11,2,desktop,12
S1005987,SES01303,2026-05-15T11:04:02Z,KHI,LHE,2026-08-17,4,android,39
S1004549,SES02367,2026-05-15T11:05:19Z,KHI,DXB,2026-09-08,1,mobile_web,29
S1002279,SES00709,2026-05-15T11:11:47Z,LHE,DXB,2026-09-12,1,ios,36
S1004392,SES01802,2026-05-15T11:15:20Z,KHI,SHJ,2026-07-24,3,android,21
S1006138,SES02531,2026-05-15T11:33:25Z,KHI,DXB,2026-08-01,2,mobile_web,7
S1007696,SES01507,2026-05-15T11:39:20Z,KHI,LHE,2026-09-05,1,android,15
S1006209,SES00819,2026-05-15T11:51:24Z,KHI,SHJ,2026-05-20,2,ios,21
S1003225,SES03046,2026-05-15T12:00:07Z,DXB,LHE,2026-09-12,2,mobile_web,39
S1006068,SES01658,2026-05-15T12:10:02Z,KHI,SKT,2026-06-15,1,android,35
S1000301,SES01092,2026-05-15T12:23:58Z,KHI,SHJ,2026-05-30,1,android,22
S1005919,SES02643,2026-05-15T12:32:25Z,KHI,JED,2026-07-09,2,mobile_web,2
S1003905,SES02070,2026-05-15T12:41:29Z,LHE,SHJ,2026-07-03,1,android,39
S1002343,SES00257,2026-05-15T12:50:47Z,KHI,UET,2026-09-06,2,android,31
S1003202,SES02395,2026-05-15T13:06:34Z,LHE,SHJ,2026-08-31,2,ios,18
S1000953,SES03099,2026-05-15T13:06:51Z,KHI,LHE,2026-09-08,2,desktop,4
S1002783,SES00473,2026-05-15T13:07:53Z,KHI,DXB,2026-08-29,1,android,26
S1001075,SES01699,2026-05-15T13:49:42Z,LHE,SHJ,2026-06-25,1,android,30
S1000268,SES03210,2026-05-15T13:50:59Z,ISB,SHJ,2026-08-16,3,mobile_web,6
S1004805,SES01166,2026-05-15T13:52:03Z,LHE,KHI,2026-08-11,2,ios,33
S1007726,SES01098,2026-05-15T13:53:33Z,ISB,KHI,2026-07-27,1,ios,15
S1007718,SES01755,2026-05-15T13:58:46Z,SHJ,LHE,2026-05-23,1,android,3
S1007440,SES02357,2026-05-15T14:06:08Z,KHI,SHJ,2026-06-05,1,mobile_web,15
S1005408,SES01063,2026-05-15T14:12:48Z,LHE,ISB,2026-07-02,2,desktop,45
S1002789,SES01065,2026-05-15T14:18:24Z,KHI,LHE,2026-07-20,1,mobile_web,25
S1000872,SES01995,2026-05-15T14:19:45Z,KHI,LHE,2026-07-05,2,mobile_web,14
S1006118,SES01109,2026-05-15T14:35:40Z,KHI,LHE,2026-05-21,1,android,47
S1004062,SES00149,2026-05-15T14:42:20Z,ISB,LHR,2026-06-23,1,desktop,46
S1000813,SES02121,2026-05-15T14:59:14Z,KHI,SKT,2026-07-20,1,desktop,45
S1000451,SES01497,2026-05-15T15:17:03Z,KHI,ISB,2026-09-05,2,bot,44
S1003662,SES00719,2026-05-15T15:30:58Z,PEW,DXB,2026-07-06,1,mobile_web,25
S1001707,SES01439,2026-05-15T15:43:23Z,KHI,DXB,2026-07-06,1,android,25
S1006709,SES01324,2026-05-15T15:45:16Z,KHI,LHE,2026-08-09,3,ios,13
S1000424,SES02994,2026-05-15T15:52:46Z,KHI,ISB,2026-06-12,2,android,5
S1006105,SES01525,2026-05-15T16:01:38Z,ISB,DXB,2026-07-09,2,ios,9
S1006485,SES02948,2026-05-15T16:13:57Z,ISB,PEW,2026-08-24,1,android,9
S1004416,SES02982,2026-05-15T16:15:36Z,ISB,KHI,2026-09-04,3,ios,48
S1007765,SES02771,2026-05-15T16:26:00Z,KHI,MUX,2026-06-20,4,ios,14
S1000638,SES01438,2026-05-15T16:36:29Z,LHE,SHJ,2026-08-14,1,ios,13
S1007910,SES00109,2026-05-15T16:41:15Z,KHI,UET,2026-07-22,2,mobile_web,25
S1003877,SES02671,2026-05-15T16:49:35Z,LHE,ISB,2026-07-15,2,desktop,12
S1003743,SES00249,2026-05-15T16:56:44Z,ISB,PEW,2026-06-26,1,android,42
S1005870,SES03299,2026-05-15T16:56:53Z,LHE,SHJ,2026-06-18,4,ios,5
S1006496,SES03060,2026-05-15T17:01:01Z,DXB,KHI,2026-09-03,2,mobile_web,0
S1004883,SES01251,2026-05-15T17:10:26Z,KHI,LHE,2026-08-13,1,bot,30
S1000476,SES03278,2026-05-15T17:10:38Z,KHI,ISB,2026-06-03,2,android,21
S1001238,SES02435,2026-05-15T17:43:18Z,KHI,LHE,2026-07-09,2,mobile_web,8
S1002324,SES01010,2026-05-15T17:46:23Z,PEW,SHJ,2026-05-20,1,mobile_web,43
S1002215,SES00446,2026-05-15T17:49:56Z,LHR,ISB,2026-09-06,2,android,20
S1000630,SES01183,2026-05-15T17:53:40Z,KHI,PEW,2026-07-14,2,bot,15
S1000681,SES00123,2026-05-15T18:03:49Z,LHE,KHI,2026-07-23,1,android,12
S1000162,SES01434,2026-05-15T18:31:38Z,KHI,ISB,2026-08-25,1,mobile_web,41
S1000530,SES00440,2026-05-15T18:56:15Z,LHE,SHJ,2026-06-02,2,mobile_web,29
S1004946,SES01251,2026-05-15T18:59:27Z,LHE,JED,2026-05-21,1,desktop,32
S1004324,SES02872,2026-05-15T19:08:06Z,KHI,DXB,2026-08-01,1,android,1
S1007433,SES02711,2026-05-15T19:26:33Z,DXB,ISB,2026-05-31,2,android,22
S9334755,SES02458,2026-05-15T19:29:26Z,KHI,ISB,2026-05-26,1,desktop,14
S1000104,SES00166,2026-05-15T19:30:42Z,ISB,SHJ,2026-08-20,2,android,30
S1002165,SES03241,2026-05-15T19:36:42Z,KHI,PEW,2026-09-11,1,android,47
S9181881,SES02929,2026-05-15T19:56:42Z,PEW,DXB,2026-05-24,3,desktop,34
S1000441,SES01533,2026-05-15T20:09:51Z,ISB,PEW,2026-06-21,1,mobile_web,46
S1006557,SES02960,2026-05-15T20:20:11Z,LHE,KHI,2026-09-11,1,android,31
S1004580,SES02677,2026-05-15T20:27:03Z,ISB,LHR,2026-06-03,4,ios,18
S1004309,SES02522,2026-05-15T21:05:25Z,KHI,DXB,2026-06-21,4,android,6
S1004662,SES02946,2026-05-15T21:06:53Z,SHJ,LHE,2026-05-26,1,bot,47
S1004938,SES03103,2026-05-15T21:07:11Z,KHI,PEW,2026-05-19,2,android,15
S1003618,SES00512,2026-05-15T21:13:53Z,KHI,LHE,2026-07-25,1,desktop,43
S1005714,SES00486,2026-05-15T21:22:55Z,ISB,DXB,2026-09-01,1,mobile_web,24
S9516858,SES00719,2026-05-15T21:23:47Z,LHE,KHI,2026-05-30,2,desktop,25
S1002553,SES01774,2026-05-15T21:30:53Z,LHE,ISB,2026-09-10,2,android,36
S1006794,SES01874,2026-05-15T21:35:47Z,LHE,DXB,2026-07-01,3,android,2
S1004735,SES01360,2026-05-15T21:36:04Z,ISB,DXB,2026-07-08,3,android,30
S1000164,SES00824,2026-05-15T21:55:12Z,KHI,SKT,2026-07-20,2,ios,8
S1004980,SES03270,2026-05-15T22:04:08Z,KHI,ISB,2026-07-10,1,android,30
S1004432,SES02338,2026-05-15T22:41:25Z,KHI,DXB,2026-08-26,4,mobile_web,36
S1001754,SES02685,2026-05-15T22:42:26Z,ISB,DXB,2026-07-02,4,desktop,18
S1000651,SES01038,2026-05-15T23:00:52Z,LHE,JED,2026-05-27,1,android,31
S1001174,SES01634,2026-05-15T23:04:12Z,ISB,LHE,2026-06-26,2,android,2
S1003681,SES00841,2026-05-15T23:23:57Z,PEW,DXB,2026-08-29,1,ios,43
S1001164,SES02816,2026-05-15T23:55:12Z,LHE,ISB,2026-09-12,2,mobile_web,24
S1005370,SES00136,2026-05-16T00:04:04Z,LHR,ISB,2026-07-02,1,android,44
S1005422,SES02845,2026-05-16T00:04:35Z,LHE,KHI,2026-07-29,1,desktop,36
S1000937,SES01566,2026-05-16T00:35:23Z,KHI,LHE,2026-07-05,2,android,2
S1007838,SES00024,2026-05-16T00:39:34Z,ISB,LHR,2026-07-19,1,desktop,15
S1001039,SES02040,2026-05-16T00:40:58Z,ISB,KHI,2026-08-20,1,desktop,35
S1001961,SES00955,2026-05-16T00:44:16Z,KHI,DXB,2026-07-14,1,mobile_web,47
S1002453,SES01393,2026-05-16T00:52:18Z,KHI,LHE,2026-07-05,1,android,10
S1004394,SES00721,2026-05-16T00:53:21Z,KHI,ISB,2026-06-10,2,mobile_web,39
S1005864,SES01405,2026-05-16T01:05:29Z,ISB,KHI,2026-06-29,1,android,39
S1004017,SES00810,2026-05-16T01:06:48Z,ISB,SHJ,2026-06-01,4,android,8
S1000040,SES02727,2026-05-16T01:23:55Z,KHI,LHE,2026-05-17,2,mobile_web,48
S1002896,SES01157,2026-05-16T01:27:12Z,LHE,ISB,2026-07-05,2,android,48
S1005723,SES01945,2026-05-16T01:37:34Z,DXB,LHE,2026-08-01,1,android,21
S1004710,SES02543,2026-05-16T01:38:07Z,ISB,LHE,2026-08-17,1,ios,25
S1004047,SES01620,2026-05-16T01:44:01Z,SHJ,KHI,2026-08-22,1,mobile_web,19
S1002740,SES02668,2026-05-16T01:45:19Z,KHI,SHJ,2026-06-16,3,android,39
S1002498,SES01350,2026-05-16T01:51:13Z,ISB,PEW,2026-05-26,2,android,29
S1004610,SES02131,2026-05-16T01:52:15Z,KHI,LHE,2026-09-06,2,android,47
S1003850,SES02734,2026-05-16T01:54:26Z,ISB,PEW,2026-06-10,1,mobile_web,15
S1001646,SES01205,2026-05-16T02:12:00Z,DXB,KHI,2026-08-18,1,ios,44
S1007103,SES02973,2026-05-16T02:16:57Z,DXB,ISB,2026-05-25,2,mobile_web,40
S1006467,SES00979,2026-05-16T02:24:25Z,KHI,MUX,2026-06-11,2,android,13
S9626105,SES00872,2026-05-16T02:28:29Z,KHI,PEW,2026-07-01,2,android,29
S1006610,SES02445,2026-05-16T02:41:51Z,KHI,LHE,2026-08-15,1,mobile_web,28
S1000331,SES03365,2026-05-16T03:55:33Z,ISB,DXB,2026-05-25,1,android,29
S1003897,SES02222,2026-05-16T04:10:55Z,LHR,ISB,2026-08-19,1,android,41
S1002537,SES00610,2026-05-16T04:37:48Z,LHE,ISB,2026-07-07,1,mobile_web,36
S1005514,SES02846,2026-05-16T04:47:00Z,KHI,SHJ,2026-08-09,1,mobile_web,15
S9525285,SES00734,2026-05-16T04:47:59Z,LHR,ISB,2026-06-02,1,desktop,28
S1005768,SES01206,2026-05-16T04:51:25Z,ISB,SHJ,2026-08-31,1,android,44
S1006908,SES01508,2026-05-16T04:57:23Z,LHE,ISB,2026-08-07,1,ios,7
S1001728,SES01358,2026-05-16T04:59:46Z,KHI,DXB,2026-06-12,1,android,28
S1005232,SES02187,2026-05-16T05:03:25Z,KHI,JED,2026-05-18,1,ios,19
S9949274,SES01479,2026-05-16T05:14:50Z,KHI,DXB,2026-05-26,1,android,9
S1000535,SES00663,2026-05-16T05:25:34Z,ISB,SHJ,2026-09-05,1,ios,27
S1002135,SES00124,2026-05-16T05:31:19Z,KHI,SHJ,2026-06-20,2,android,18
S1005587,SES02770,2026-05-16T05:50:56Z,LHE,SHJ,2026-06-21,1,ios,9
S1000696,SES00430,2026-05-16T05:52:11Z,KHI,LHE,2026-07-18,1,desktop,13
S1003455,SES00533,2026-05-16T06:29:49Z,KHI,SHJ,2026-06-04,4,android,45
S1002319,SES03338,2026-05-16T06:51:35Z,KHI,ISB,2026-06-06,2,android,8
S1002328,SES03049,2026-05-16T07:11:41Z,KHI,UET,2026-08-01,1,android,15
S1003251,SES02309,2026-05-16T07:48:59Z,ISB,PEW,2026-05-28,3,desktop,42
S1005228,SES01163,2026-05-16T07:58:22Z,KHI,DXB,2026-06-17,1,ios,31
S1006807,SES02949,2026-05-16T08:02:35Z,KHI,SKT,2026-09-08,2,mobile_web,47
S1007623,SES01238,2026-05-16T08:17:43Z,LHE,SHJ,2026-08-28,1,android,2
S1005271,SES03202,2026-05-16T08:31:20Z,KHI,SHJ,2026-06-26,1,mobile_web,30
S1007709,SES01955,2026-05-16T08:41:27Z,KHI,SKT,2026-09-07,4,android,18
S1000320,SES00982,2026-05-16T09:00:27Z,PEW,DXB,2026-07-12,2,desktop,41
S1007495,SES01516,2026-05-16T09:09:07Z,SHJ,KHI,2026-06-15,3,bot,33
S1001236,SES01040,2026-05-16T09:36:39Z,LHE,ISB,2026-06-14,1,ios,3
S1002606,SES00434,2026-05-16T09:40:04Z,LHR,ISB,2026-07-15,1,bot,15
S1002555,SES02541,2026-05-16T09:49:35Z,ISB,KHI,2026-06-10,3,desktop,4
S1001161,SES03250,2026-05-16T10:09:04Z,PEW,DXB,2026-09-05,1,mobile_web,21
S1005129,SES02872,2026-05-16T10:10:02Z,LHE,ISB,2026-06-05,2,desktop,39
S1004058,SES00174,2026-05-16T10:10:26Z,KHI,DXB,2026-08-07,3,android,30
S9816715,SES02857,2026-05-16T10:15:41Z,ISB,KHI,2026-06-04,1,android,15
S1002988,SES00976,2026-05-16T10:23:01Z,KHI,ISB,2026-09-03,4,ios,30
S1004478,SES00468,2026-05-16T10:35:05Z,ISB,KHI,2026-07-29,1,desktop,20
S1000834,SES00805,2026-05-16T10:49:35Z,KHI,DXB,2026-06-30,4,ios,26
S1007873,SES02623,2026-05-16T10:54:33Z,KHI,MUX,2026-07-05,1,desktop,38
S1000322,SES00240,2026-05-16T10:56:16Z,DXB,LHE,2026-08-13,2,desktop,8
S1003131,SES02902,2026-05-16T11:05:13Z,KHI,ISB,2026-07-09,1,mobile_web,16
S1000534,SES02700,2026-05-16T11:22:47Z,LHE,KHI,2026-08-31,2,desktop,33
S1006901,SES02490,2026-05-16T11:45:29Z,KHI,MUX,2026-06-15,1,ios,1
S1007311,SES02043,2026-05-16T11:46:13Z,KHI,MUX,2026-08-25,1,android,48
S1000735,SES02382,2026-05-16T11:52:04Z,KHI,LHE,2026-09-01,1,android,8
S1006206,SES02675,2026-05-16T11:54:33Z,KHI,ISB,2026-07-03,3,mobile_web,6
S1005613,SES00723,2026-05-16T12:08:39Z,LHE,DXB,2026-07-11,1,mobile_web,20
S9589546,SES01419,2026-05-16T12:23:55Z,KHI,LHE,2026-07-02,3,android,39
S1005008,SES02030,2026-05-16T12:36:53Z,KHI,ISB,2026-09-04,2,mobile_web,15
S1002182,SES00068,2026-05-16T12:40:28Z,SHJ,LHE,2026-09-08,4,mobile_web,33
S1007659,SES01367,2026-05-16T12:57:23Z,KHI,DXB,2026-08-29,1,android,28
S1002441,SES02798,2026-05-16T12:58:24Z,ISB,LHR,2026-05-21,1,android,41
S1004439,SES03187,2026-05-16T13:02:07Z,PEW,DXB,2026-07-29,1,android,15
S1001047,SES00881,2026-05-16T13:13:58Z,ISB,PEW,2026-08-11,1,mobile_web,28
S1002364,SES00897,2026-05-16T13:43:54Z,LHE,KHI,2026-09-13,4,android,25
S1005559,SES02572,2026-05-16T13:48:42Z,KHI,SHJ,2026-08-26,3,android,38
S1001079,SES02559,2026-05-16T13:55:09Z,KHI,ISB,2026-06-04,1,mobile_web,36
S1001946,SES02650,2026-05-16T13:55:58Z,ISB,KHI,2026-08-17,2,android,19
S1006780,SES01622,2026-05-16T14:06:27Z,KHI,LHE,2026-06-11,2,android,20
S1005710,SES01921,2026-05-16T14:23:38Z,ISB,LHR,2026-05-28,3,mobile_web,10
S1002226,SES02045,2026-05-16T14:35:17Z,KHI,LHE,2026-07-24,2,mobile_web,27
S1007384,SES01543,2026-05-16T14:36:53Z,KHI,JED,2026-06-01,2,ios,21
S1001672,SES03353,2026-05-16T14:53:58Z,LHE,SHJ,2026-07-04,3,desktop,44
S1002513,SES01962,2026-05-16T15:20:10Z,ISB,KHI,2026-06-03,1,android,0
S1004531,SES00720,2026-05-16T15:25:32Z,ISB,DXB,2026-08-11,1,mobile_web,8
S1003104,SES02187,2026-05-16T15:50:52Z,KHI,DXB,2026-08-13,2,ios,11
S9124973,SES00301,2026-05-16T15:56:49Z,LHE,KHI,2026-05-18,1,android,9
S9194722,SES00218,2026-05-16T15:57:28Z,LHE,SHJ,2026-07-04,1,desktop,11
S1006613,SES00571,2026-05-16T16:07:51Z,ISB,LHE,2026-08-17,4,android,30
S1005600,SES00101,2026-05-16T16:25:50Z,KHI,LHE,2026-05-31,2,android,23
S1006921,SES00114,2026-05-16T16:27:40Z,KHI,LHE,2026-08-06,1,android,3
S1007541,SES00547,2026-05-16T16:46:44Z,KHI,LHE,2026-07-17,2,desktop,0
S1006107,SES00095,2026-05-16T16:50:51Z,KHI,ISB,2026-09-13,1,android,20
S1004639,SES01239,2026-05-16T16:58:07Z,DXB,KHI,2026-07-15,3,android,18
S1002965,SES02997,2026-05-16T17:00:24Z,LHE,KHI,2026-05-29,1,mobile_web,6
S1002223,SES03251,2026-05-16T17:00:55Z,KHI,ISB,2026-06-18,1,mobile_web,18
S1003993,SES03340,2026-05-16T17:16:12Z,DXB,ISB,2026-06-15,1,android,1
S1001334,SES01975,2026-05-16T17:27:05Z,ISB,SHJ,2026-07-28,1,mobile_web,39
S1000588,SES03256,2026-05-16T17:53:23Z,ISB,SHJ,2026-07-18,1,desktop,12
S1007903,SES02643,2026-05-16T18:01:26Z,KHI,ISB,2026-07-17,4,mobile_web,46
S1003290,SES00785,2026-05-16T18:38:21Z,ISB,KHI,2026-07-23,2,ios,6
S1006079,SES02276,2026-05-16T18:38:48Z,KHI,ISB,2026-06-13,2,desktop,20
S1007784,SES00087,2026-05-16T18:45:35Z,LHE,JED,2026-09-04,1,android,34
S1005207,SES00062,2026-05-16T18:47:26Z,DXB,LHE,2026-07-21,1,android,31
S1002040,SES01149,2026-05-16T19:15:52Z,KHI,ISB,2026-08-29,1,android,48
S1006572,SES02722,2026-05-16T19:19:25Z,KHI,DXB,2026-05-30,1,ios,23
S9481544,SES01434,2026-05-16T19:35:02Z,PEW,DXB,2026-05-26,1,android,23
S1006787,SES02403,2026-05-16T19:43:48Z,ISB,LHE,2026-06-05,1,android,41
S1000803,SES01018,2026-05-16T20:04:16Z,KHI,DXB,2026-07-03,4,android,20
S1003575,SES03047,2026-05-16T20:35:18Z,KHI,SHJ,2026-05-25,2,ios,31
S1005358,SES02736,2026-05-16T20:48:02Z,LHE,DXB,2026-06-21,1,desktop,21
S1003706,SES03219,2026-05-16T20:53:03Z,KHI,ISB,2026-06-08,1,ios,25
S1003012,SES00154,2026-05-16T20:54:54Z,ISB,KHI,2026-06-02,1,mobile_web,9
S9563345,SES02164,2026-05-16T21:32:56Z,KHI,DXB,2026-07-05,2,desktop,9
S1002094,SES01870,2026-05-16T21:51:45Z,KHI,LHE,2026-08-15,2,desktop,42
S1006158,SES00203,2026-05-16T22:34:13Z,KHI,LHE,2026-08-06,2,ios,44
S1007010,SES01402,2026-05-16T22:43:35Z,LHE,KHI,2026-08-11,1,ios,33
S1004452,SES02594,2026-05-16T23:11:47Z,KHI,ISB,2026-08-04,1,ios,8
S1000581,SES00953,2026-05-16T23:13:17Z,LHE,ISB,2026-08-02,1,ios,23
S1000426,SES03259,2026-05-16T23:14:12Z,KHI,MUX,2026-06-26,2,android,15
S1007069,SES00304,2026-05-16T23:34:34Z,KHI,ISB,2026-08-24,1,desktop,16
S1001082,SES00280,2026-05-17T00:24:37Z,DXB,LHE,2026-09-05,2,ios,3
S1002290,SES03281,2026-05-17T00:47:56Z,DXB,ISB,2026-07-18,4,ios,46
S1000238,SES02523,2026-05-17T00:53:51Z,SHJ,KHI,2026-07-12,2,ios,48
S1002210,SES02777,2026-05-17T01:29:36Z,DXB,LHE,2026-07-18,3,ios,0
S1006720,SES02304,2026-05-17T01:29:55Z,DXB,ISB,2026-06-23,2,mobile_web,36
S1005898,SES02566,2026-05-17T01:30:35Z,ISB,PEW,2026-07-23,1,bot,18
S1001160,SES00043,2026-05-17T01:31:38Z,KHI,LHE,2026-06-10,2,ios,0
S1001605,SES03400,2026-05-17T02:11:51Z,KHI,SHJ,2026-06-05,2,mobile_web,4
S1007004,SES00174,2026-05-17T02:28:35Z,ISB,PEW,2026-08-25,1,android,3
S1005558,SES03124,2026-05-17T02:33:31Z,PEW,DXB,2026-08-08,3,desktop,25
S1000988,SES02365,2026-05-17T02:35:00Z,ISB,SHJ,2026-08-15,1,desktop,39
S1007864,SES01487,2026-05-17T02:40:46Z,KHI,ISB,2026-07-21,1,mobile_web,16
S1003317,SES01771,2026-05-17T02:43:11Z,ISB,SHJ,2026-06-02,3,android,17
S1007761,SES02404,2026-05-17T03:00:39Z,ISB,KHI,2026-06-21,2,android,13
S1005236,SES00971,2026-05-17T03:01:55Z,KHI,UET,2026-08-01,2,mobile_web,24
S1000018,SES02031,2026-05-17T03:04:50Z,KHI,ISB,2026-08-02,1,desktop,33
S1001309,SES02418,2026-05-17T03:05:03Z,ISB,SHJ,2026-05-20,1,android,36
S1001772,SES03267,2026-05-17T03:08:57Z,ISB,SHJ,2026-07-16,4,mobile_web,14
S1005749,SES02382,2026-05-17T03:16:16Z,LHE,DXB,2026-09-03,3,desktop,16
S1001969,SES01101,2026-05-17T03:22:40Z,LHE,DXB,2026-07-27,2,ios,48
S1006872,SES00377,2026-05-17T03:36:11Z,PEW,SHJ,2026-07-25,1,android,44
S1004902,SES02913,2026-05-17T03:37:32Z,DXB,KHI,2026-06-06,2,ios,27
S1003084,SES03264,2026-05-17T03:49:11Z,ISB,KHI,2026-08-08,1,desktop,42
S9412201,SES00019,2026-05-17T04:00:02Z,KHI,DXB,2026-07-06,1,desktop,11
S1006404,SES01018,2026-05-17T04:13:06Z,LHE,DXB,2026-05-26,2,android,39
S1006829,SES01652,2026-05-17T04:36:17Z,SHJ,KHI,2026-08-21,1,desktop,24
S1002276,SES03177,2026-05-17T04:42:03Z,KHI,ISB,2026-08-02,3,android,12
S9110603,SES01287,2026-05-17T04:42:43Z,LHE,DXB,2026-05-19,1,desktop,29
S1002168,SES03271,2026-05-17T04:43:27Z,DXB,ISB,2026-08-05,3,android,9
S1005372,SES01132,2026-05-17T04:50:39Z,KHI,UET,2026-08-13,1,android,37
S1005709,SES03157,2026-05-17T05:11:47Z,SHJ,KHI,2026-06-10,1,ios,25
S1000108,SES01585,2026-05-17T06:18:34Z,DXB,LHE,2026-05-22,1,android,10
S1000832,SES00934,2026-05-17T06:20:02Z,KHI,SKT,2026-06-10,1,android,15
S1005992,SES00643,2026-05-17T06:25:00Z,ISB,SHJ,2026-09-10,1,desktop,4
S1001142,SES01300,2026-05-17T06:25:49Z,DXB,LHE,2026-08-19,1,android,21
S1004716,SES01285,2026-05-17T06:56:55Z,SHJ,LHE,2026-07-31,1,mobile_web,34
S1004225,SES02481,2026-05-17T07:17:37Z,KHI,DXB,2026-06-21,1,android,3
S9742169,SES02241,2026-05-17T07:30:39Z,KHI,ISB,2026-05-20,4,android,21
S1003385,SES01276,2026-05-17T07:32:13Z,KHI,SHJ,2026-09-03,4,desktop,24
S1001544,SES02141,2026-05-17T07:49:36Z,ISB,SHJ,2026-08-28,1,android,19
S1007254,SES02773,2026-05-17T08:14:26Z,LHE,ISB,2026-07-01,2,ios,14
S1004051,SES01959,2026-05-17T08:46:43Z,DXB,KHI,2026-07-11,1,desktop,47
S1006585,SES03338,2026-05-17T08:48:41Z,KHI,SHJ,2026-07-09,2,mobile_web,43
S1007773,SES01909,2026-05-17T08:49:37Z,KHI,LHE,2026-07-31,1,android,41
S1003841,SES00243,2026-05-17T09:02:00Z,KHI,MUX,2026-07-26,1,desktop,43
S1007692,SES01812,2026-05-17T09:10:53Z,LHE,SHJ,2026-05-26,1,ios,27
S1005910,SES01235,2026-05-17T09:11:47Z,LHE,SHJ,2026-07-11,3,android,27
S1007094,SES01144,2026-05-17T09:12:24Z,ISB,SHJ,2026-08-08,2,mobile_web,12
S1005026,SES02146,2026-05-17T09:12:32Z,LHE,DXB,2026-07-15,1,mobile_web,31
S1005636,SES02397,2026-05-17T09:15:28Z,ISB,KHI,2026-08-10,3,android,7
S1006730,SES00299,2026-05-17T09:32:47Z,KHI,DXB,2026-09-02,1,desktop,17
S1000315,SES02429,2026-05-17T09:40:39Z,SHJ,LHE,2026-08-20,1,desktop,45
S1000146,SES00663,2026-05-17T09:43:23Z,LHE,DXB,2026-05-19,1,android,4
S1006958,SES01015,2026-05-17T10:07:26Z,ISB,KHI,2026-07-05,3,android,42
S1001172,SES00899,2026-05-17T10:14:07Z,LHE,DXB,2026-05-23,1,android,17
S1002829,SES03103,2026-05-17T10:17:59Z,KHI,PEW,2026-08-14,1,android,36
S1007968,SES02429,2026-05-17T10:46:26Z,LHE,ISB,2026-09-04,2,mobile_web,5
S1001003,SES02719,2026-05-17T11:21:36Z,KHI,SHJ,2026-06-03,2,desktop,2
S1000270,SES02958,2026-05-17T11:35:25Z,KHI,SKT,2026-07-17,1,android,24
S1002806,SES02775,2026-05-17T11:38:57Z,KHI,MUX,2026-05-31,1,ios,25
S1005061,SES01430,2026-05-17T11:47:33Z,ISB,SHJ,2026-06-29,1,desktop,6
S1006691,SES01640,2026-05-17T11:48:32Z,LHE,KHI,2026-05-23,1,android,2
S1001940,SES03339,2026-05-17T13:12:33Z,LHE,DXB,2026-05-25,1,ios,26
S1000862,SES00495,2026-05-17T13:16:15Z,ISB,PEW,2026-09-08,1,desktop,21
S1003253,SES03036,2026-05-17T13:18:08Z,KHI,DXB,2026-06-23,1,mobile_web,36
S1003262,SES01723,2026-05-17T13:22:42Z,KHI,ISB,2026-08-19,3,android,29
S1002519,SES00545,2026-05-17T13:24:19Z,PEW,DXB,2026-07-11,2,ios,5
S1007360,SES02867,2026-05-17T13:36:26Z,KHI,JED,2026-08-16,4,mobile_web,0
S1004064,SES01350,2026-05-17T13:36:27Z,KHI,PEW,2026-08-11,1,android,13
S1006535,SES02271,2026-05-17T13:37:52Z,KHI,LHE,2026-08-14,2,desktop,44
S1006864,SES02516,2026-05-17T13:42:02Z,LHE,ISB,2026-06-01,1,ios,35
S1003816,SES03086,2026-05-17T14:11:55Z,KHI,DXB,2026-06-27,2,mobile_web,20
S1007074,SES01203,2026-05-17T14:17:42Z,KHI,LHE,2026-08-01,1,android,2
S1001487,SES01537,2026-05-17T14:24:06Z,KHI,DXB,2026-07-03,1,desktop,36
S1005462,SES01345,2026-05-17T14:38:05Z,KHI,LHE,2026-06-22,1,mobile_web,32
S1006442,SES02144,2026-05-17T14:47:57Z,DXB,LHE,2026-08-03,1,desktop,10
S1003872,SES01079,2026-05-17T14:50:03Z,KHI,LHE,2026-07-26,2,ios,39
S1002203,SES02546,2026-05-17T14:50:47Z,KHI,PEW,2026-08-01,1,android,48
S1006352,SES00181,2026-05-17T14:53:43Z,LHE,DXB,2026-09-04,2,android,39
S1001319,SES03309,2026-05-17T15:05:22Z,LHE,DXB,2026-08-11,1,android,39
S1007607,SES01461,2026-05-17T15:07:55Z,KHI,SKT,2026-06-10,2,desktop,39
S9160776,SES01882,2026-05-17T15:09:39Z,KHI,LHE,2026-07-05,2,android,39
S1002142,SES02286,2026-05-17T15:12:19Z,LHE,KHI,2026-06-08,4,ios,23
S1001209,SES02758,2026-05-17T16:02:48Z,SHJ,LHE,2026-08-28,2,android,17
S1005907,SES02433,2026-05-17T16:09:15Z,PEW,DXB,2026-08-26,1,mobile_web,25
S1004308,SES02039,2026-05-17T16:12:00Z,LHE,DXB,2026-06-02,2,bot,0
S1002143,SES01478,2026-05-17T16:16:07Z,ISB,DXB,2026-06-04,1,android,3
S1001412,SES00632,2026-05-17T16:32:19Z,KHI,ISB,2026-06-02,3,android,7
S1007592,SES00014,2026-05-17T16:32:50Z,ISB,KHI,2026-09-08,2,bot,40
S1005802,SES02974,2026-05-17T16:46:25Z,LHE,DXB,2026-07-31,2,android,31
S1003528,SES00347,2026-05-17T17:07:16Z,KHI,JED,2026-05-20,1,desktop,34
S1005209,SES02317,2026-05-17T18:19:15Z,KHI,LHE,2026-09-04,1,ios,25
S1001749,SES01858,2026-05-17T18:19:25Z,LHR,ISB,2026-05-21,1,ios,9
S1003797,SES00563,2026-05-17T18:23:12Z,KHI,ISB,2026-08-04,1,desktop,45
S1001156,SES01640,2026-05-17T18:24:12Z,DXB,ISB,2026-08-11,2,ios,32
S1003192,SES02407,2026-05-17T18:28:02Z,KHI,DXB,2026-08-30,3,ios,46
S1000096,SES00847,2026-05-17T18:49:18Z,KHI,SKT,2026-05-21,4,android,6
S1002296,SES01882,2026-05-17T19:06:52Z,ISB,SHJ,2026-07-24,1,android,2
S1000854,SES02519,2026-05-17T19:12:10Z,KHI,ISB,2026-06-06,1,desktop,17
S1002934,SES00810,2026-05-17T19:29:58Z,ISB,SHJ,2026-08-04,3,ios,27
S1000176,SES02836,2026-05-17T19:47:25Z,KHI,LHE,2026-08-05,1,ios,17
S1004154,SES00276,2026-05-17T19:48:18Z,ISB,LHE,2026-08-07,2,mobile_web,24
S1000439,SES00301,2026-05-17T19:56:04Z,ISB,SHJ,2026-07-31,2,android,33
S1000652,SES00290,2026-05-17T20:07:21Z,LHE,KHI,2026-06-27,1,ios,20
S1005882,SES00735,2026-05-17T20:52:44Z,LHE,KHI,2026-07-23,1,android,46
S1004537,SES02261,2026-05-17T20:57:09Z,KHI,ISB,2026-07-31,2,android,38
S1000860,SES01313,2026-05-17T21:13:11Z,SHJ,LHE,2026-06-04,1,desktop,5
S1000830,SES02359,2026-05-17T21:18:12Z,KHI,MUX,2026-07-03,1,android,25
S1007548,SES01912,2026-05-17T21:57:16Z,ISB,KHI,2026-06-19,2,desktop,35
S1000671,SES02449,2026-05-17T22:00:39Z,ISB,DXB,2026-06-28,3,mobile_web,48
S1002009,SES00118,2026-05-17T22:20:32Z,KHI,MUX,2026-08-14,1,android,28
S1003268,SES02012,2026-05-17T22:30:18Z,LHE,JED,2026-06-17,1,desktop,19
S9868234,SES02572,2026-05-17T22:31:27Z,KHI,MUX,2026-05-21,1,android,30
S1005913,SES03177,2026-05-17T22:52:58Z,KHI,LHE,2026-08-10,2,android,4
S9356538,SES00049,2026-05-17T23:00:47Z,ISB,SHJ,2026-07-06,4,desktop,7
S1001710,SES02293,2026-05-17T23:02:07Z,ISB,DXB,2026-05-28,4,mobile_web,15
S1002471,SES03200,2026-05-17T23:09:28Z,LHE,ISB,2026-09-04,1,ios,8
S1005202,SES01834,2026-05-17T23:24:04Z,KHI,MUX,2026-07-06,1,ios,39
S9916448,SES03271,2026-05-17T23:31:00Z,KHI,UET,2026-07-07,1,android,28
S1002178,SES01848,2026-05-17T23:49:26Z,SHJ,LHE,2026-05-22,1,desktop,1
S1003501,SES03162,2026-05-17T23:55:10Z,KHI,MUX,2026-07-11,1,ios,36
S1002545,SES02341,2026-05-18T00:37:14Z,KHI,LHE,2026-07-16,1,android,42
S1002188,SES00517,2026-05-18T00:42:51Z,ISB,SHJ,2026-06-21,2,mobile_web,24
S1003384,SES00166,2026-05-18T00:42:55Z,LHE,SHJ,2026-08-22,4,mobile_web,35
S1006295,SES03043,2026-05-18T00:49:12Z,PEW,SHJ,2026-06-07,1,desktop,40
S1003140,SES02665,2026-05-18T01:04:52Z,KHI,PEW,2026-06-02,1,desktop,40
S1000508,SES01465,2026-05-18T01:20:20Z,KHI,ISB,2026-06-18,1,mobile_web,28
S1001278,SES02274,2026-05-18T01:49:30Z,KHI,ISB,2026-06-20,1,bot,5
S1003610,SES00657,2026-05-18T02:00:06Z,LHE,KHI,2026-08-28,1,mobile_web,33
S1003845,SES01614,2026-05-18T02:18:32Z,KHI,ISB,2026-08-19,2,mobile_web,17
S1005197,SES02332,2026-05-18T02:20:28Z,KHI,ISB,2026-07-22,1,mobile_web,37
S1005578,SES01004,2026-05-18T02:34:16Z,LHE,KHI,2026-07-13,1,android,26
S1004075,SES03090,2026-05-18T02:47:26Z,KHI,ISB,2026-06-18,1,mobile_web,40
S1007355,SES01777,2026-05-18T02:51:35Z,DXB,KHI,2026-07-18,2,ios,20
S1007755,SES00999,2026-05-18T02:56:40Z,KHI,DXB,2026-06-05,1,mobile_web,32
S1003324,SES02024,2026-05-18T03:18:01Z,LHE,JED,2026-09-10,4,ios,26
S1007983,SES00655,2026-05-18T03:36:12Z,LHE,DXB,2026-07-25,2,bot,29
S1006160,SES01497,2026-05-18T03:42:11Z,KHI,JED,2026-07-13,1,desktop,30
S1001305,SES00117,2026-05-18T03:46:17Z,LHE,DXB,2026-05-24,1,ios,30
S1007073,SES02993,2026-05-18T03:49:26Z,DXB,ISB,2026-07-15,1,android,36
S1007014,SES02700,2026-05-18T03:59:08Z,SHJ,KHI,2026-08-16,1,android,27
S1000708,SES00625,2026-05-18T04:15:52Z,LHE,DXB,2026-09-01,4,mobile_web,1
S1001921,SES00379,2026-05-18T04:18:26Z,LHE,DXB,2026-07-11,1,android,30
S1004927,SES02174,2026-05-18T04:21:08Z,SHJ,LHE,2026-06-29,1,desktop,6
S1000545,SES00355,2026-05-18T04:31:15Z,LHE,SHJ,2026-08-17,1,ios,30
S1005692,SES01571,2026-05-18T04:35:37Z,KHI,ISB,2026-06-26,2,android,18
S1000200,SES02826,2026-05-18T04:39:53Z,SHJ,KHI,2026-09-10,1,android,41
S1001045,SES02061,2026-05-18T05:10:05Z,KHI,SKT,2026-05-21,1,android,36
S1004626,SES00523,2026-05-18T05:19:09Z,SHJ,LHE,2026-08-15,1,android,20
S1005490,SES02873,2026-05-18T05:24:05Z,SHJ,LHE,2026-07-31,1,desktop,37
S1006116,SES00403,2026-05-18T05:40:03Z,LHE,SHJ,2026-07-01,1,android,10
S1007795,SES02059,2026-05-18T05:53:04Z,ISB,LHE,2026-05-29,2,ios,2
S1000054,SES00920,2026-05-18T05:53:21Z,ISB,SHJ,2026-07-29,2,desktop,18
S1005170,SES03150,2026-05-18T06:05:54Z,LHE,KHI,2026-09-06,2,mobile_web,30
S1001139,SES00263,2026-05-18T06:09:52Z,KHI,SKT,2026-06-26,2,mobile_web,29
S1004302,SES01191,2026-05-18T06:26:59Z,DXB,LHE,2026-07-26,1,android,42
S1002454,SES02905,2026-05-18T06:27:49Z,DXB,LHE,2026-05-25,2,android,0
S1004677,SES02408,2026-05-18T06:38:34Z,KHI,LHE,2026-08-13,2,android,22
S1007922,SES01706,2026-05-18T06:44:51Z,KHI,LHE,2026-07-29,1,bot,19
S1004082,SES00032,2026-05-18T07:10:46Z,LHE,KHI,2026-05-20,1,android,6
S1007673,SES02267,2026-05-18T07:11:39Z,KHI,MUX,2026-05-28,2,android,19
S1000797,SES02300,2026-05-18T07:44:59Z,SHJ,LHE,2026-08-02,2,android,26
S1007449,SES02499,2026-05-18T08:04:10Z,KHI,UET,2026-08-21,2,android,43
S9283906,SES00351,2026-05-18T08:12:45Z,LHE,DXB,2026-05-27,2,desktop,9
S1003112,SES01354,2026-05-18T08:20:32Z,PEW,SHJ,2026-06-06,3,ios,31
S1007299,SES02803,2026-05-18T08:27:23Z,KHI,SKT,2026-08-23,1,mobile_web,9
S1007242,SES00571,2026-05-18T08:43:25Z,KHI,SHJ,2026-08-03,4,mobile_web,40
S1003003,SES00233,2026-05-18T08:44:11Z,DXB,LHE,2026-07-29,1,desktop,0
S1000913,SES01499,2026-05-18T09:00:08Z,KHI,DXB,2026-05-23,1,desktop,10
S9181796,SES01556,2026-05-18T09:07:16Z,KHI,LHE,2026-07-08,3,android,24
S1001997,SES02066,2026-05-18T09:18:07Z,LHE,DXB,2026-07-01,1,android,3
S1000106,SES00446,2026-05-18T09:26:28Z,ISB,LHE,2026-08-22,3,android,31
S1006607,SES00614,2026-05-18T09:26:49Z,LHE,JED,2026-08-25,2,mobile_web,7
S1000328,SES00394,2026-05-18T09:27:54Z,KHI,DXB,2026-07-15,1,android,8
S1004547,SES01534,2026-05-18T09:32:37Z,LHE,ISB,2026-09-14,3,mobile_web,19
S1007006,SES01043,2026-05-18T09:35:48Z,KHI,LHE,2026-09-12,4,android,23
S9565225,SES03231,2026-05-18T09:50:56Z,ISB,LHR,2026-06-05,1,android,28
S1007870,SES02029,2026-05-18T09:51:40Z,LHE,DXB,2026-06-10,1,mobile_web,22
S1004290,SES00043,2026-05-18T10:04:31Z,KHI,LHE,2026-08-06,1,ios,21
S1001647,SES01490,2026-05-18T10:14:51Z,ISB,KHI,2026-09-03,1,android,30
S1005662,SES02057,2026-05-18T10:48:56Z,KHI,MUX,2026-09-14,1,ios,0
S1000775,SES02457,2026-05-18T10:55:57Z,KHI,ISB,2026-06-21,2,desktop,43
S1001567,SES02248,2026-05-18T10:59:28Z,LHE,KHI,2026-08-19,4,android,45
S1006076,SES03043,2026-05-18T11:17:32Z,ISB,KHI,2026-08-24,1,ios,35
S1004228,SES00666,2026-05-18T11:31:38Z,LHE,DXB,2026-07-30,1,bot,21
S1001117,SES02370,2026-05-18T11:37:00Z,KHI,ISB,2026-05-20,1,android,17
S1003835,SES03320,2026-05-18T11:51:21Z,ISB,PEW,2026-05-24,3,android,15
S1005433,SES00683,2026-05-18T11:56:05Z,LHE,SHJ,2026-08-30,4,android,24
S1000637,SES00229,2026-05-18T11:59:38Z,KHI,ISB,2026-07-25,1,desktop,44
S1006729,SES00405,2026-05-18T12:10:07Z,PEW,SHJ,2026-07-18,2,android,33
S1006640,SES01417,2026-05-18T12:40:00Z,ISB,KHI,2026-06-24,4,desktop,35
S1000764,SES01220,2026-05-18T12:40:14Z,ISB,KHI,2026-09-05,1,android,32
S1004824,SES02697,2026-05-18T12:50:13Z,KHI,DXB,2026-05-20,1,mobile_web,0
S1000967,SES02875,2026-05-18T12:52:31Z,KHI,DXB,2026-08-31,1,desktop,16
S1001727,SES02322,2026-05-18T13:01:08Z,SHJ,KHI,2026-07-26,1,android,34
S1005454,SES02289,2026-05-18T13:13:46Z,KHI,DXB,2026-09-03,1,android,27
S1005240,SES01247,2026-05-18T13:15:01Z,LHE,ISB,2026-06-22,2,android,25
S1001573,SES01368,2026-05-18T13:47:05Z,KHI,ISB,2026-07-17,1,android,14
S9260087,SES00226,2026-05-18T13:47:41Z,KHI,MUX,2026-06-03,3,desktop,30
S1002078,SES03342,2026-05-18T13:49:03Z,KHI,ISB,2026-07-08,4,bot,7
S1007377,SES02069,2026-05-18T14:08:20Z,KHI,PEW,2026-09-07,1,mobile_web,48
S1004933,SES01906,2026-05-18T14:12:41Z,KHI,PEW,2026-06-29,2,android,41
S1007625,SES01817,2026-05-18T14:30:36Z,DXB,KHI,2026-05-31,1,desktop,31
S1005761,SES02236,2026-05-18T14:33:27Z,ISB,DXB,2026-06-03,1,desktop,0
S1000064,SES02219,2026-05-18T14:44:38Z,KHI,DXB,2026-08-05,3,android,41
S1003961,SES02085,2026-05-18T14:49:10Z,KHI,ISB,2026-08-27,1,mobile_web,17
S1000793,SES01983,2026-05-18T14:52:49Z,LHE,KHI,2026-07-20,1,android,21
S9793303,SES00993,2026-05-18T15:11:54Z,KHI,DXB,2026-06-03,1,android,9
S1005579,SES00452,2026-05-18T15:13:23Z,KHI,JED,2026-06-01,2,mobile_web,5
S1002799,SES02930,2026-05-18T15:35:29Z,ISB,PEW,2026-07-14,1,android,26
S1007155,SES01067,2026-05-18T15:35:43Z,KHI,MUX,2026-08-27,2,mobile_web,6
S1002426,SES01212,2026-05-18T15:57:53Z,KHI,LHE,2026-08-21,4,android,21
S1003608,SES01809,2026-05-18T16:05:09Z,KHI,LHE,2026-08-08,1,ios,30
S1005659,SES02434,2026-05-18T16:05:43Z,LHE,DXB,2026-06-23,1,ios,28
S1002155,SES01721,2026-05-18T16:13:58Z,KHI,LHE,2026-05-22,2,android,17
S1006935,SES02815,2026-05-18T16:15:23Z,ISB,KHI,2026-05-29,2,desktop,30
S1005945,SES00333,2026-05-18T16:34:28Z,LHE,DXB,2026-06-19,2,ios,7
S1003398,SES00693,2026-05-18T16:46:55Z,KHI,LHE,2026-08-14,2,android,46
S1001639,SES03137,2026-05-18T16:53:23Z,LHE,DXB,2026-07-13,3,android,26
S1000519,SES03159,2026-05-18T16:58:58Z,KHI,ISB,2026-09-13,1,android,7
S1004744,SES03109,2026-05-18T17:01:10Z,PEW,SHJ,2026-07-06,1,android,36
S1007099,SES00278,2026-05-18T17:01:30Z,ISB,SHJ,2026-07-30,1,android,17
S1005515,SES00651,2026-05-18T17:24:04Z,KHI,LHE,2026-09-01,2,mobile_web,38
S1006198,SES03339,2026-05-18T17:24:40Z,ISB,SHJ,2026-09-01,1,android,47
S1001223,SES01248,2026-05-18T17:26:45Z,SHJ,KHI,2026-06-17,1,desktop,8
S1004038,SES01209,2026-05-18T18:04:34Z,KHI,ISB,2026-06-05,2,android,41
S1005079,SES03222,2026-05-18T18:21:47Z,LHR,ISB,2026-07-01,1,android,24
S1007137,SES02017,2026-05-18T18:40:24Z,KHI,ISB,2026-06-04,1,bot,31
S1005040,SES00381,2026-05-18T18:45:13Z,KHI,LHE,2026-07-02,1,android,12
S1006392,SES02573,2026-05-18T18:48:36Z,PEW,SHJ,2026-09-01,1,android,10
S1006823,SES01822,2026-05-18T19:00:29Z,KHI,DXB,2026-06-28,1,android,10
S1002786,SES00010,2026-05-18T19:24:35Z,LHE,ISB,2026-06-01,1,android,34
S1000219,SES02621,2026-05-18T19:26:27Z,PEW,DXB,2026-08-25,2,mobile_web,32
S1003994,SES00559,2026-05-18T19:27:35Z,KHI,DXB,2026-08-26,1,desktop,25
S9285088,SES00774,2026-05-18T19:57:12Z,KHI,SHJ,2026-09-07,1,android,6
S1006477,SES03120,2026-05-18T19:58:05Z,KHI,LHE,2026-06-22,1,android,30
S1002538,SES01841,2026-05-18T20:10:23Z,KHI,LHE,2026-07-16,3,mobile_web,37
S1003735,SES02369,2026-05-18T20:19:35Z,KHI,MUX,2026-06-03,2,android,43
S1002434,SES02149,2026-05-18T20:27:11Z,ISB,KHI,2026-08-06,1,mobile_web,25
S1003549,SES00298,2026-05-18T20:31:51Z,ISB,KHI,2026-09-11,1,android,30
S1004226,SES02262,2026-05-18T20:40:23Z,PEW,DXB,2026-06-07,1,android,15
S1006267,SES03149,2026-05-18T20:43:13Z,LHE,ISB,2026-06-21,1,bot,44
S1001121,SES02352,2026-05-18T21:17:17Z,LHE,DXB,2026-09-12,1,mobile_web,40
S1000999,SES00951,2026-05-18T21:31:59Z,KHI,DXB,2026-09-05,2,android,7
S1003623,SES00975,2026-05-18T21:33:43Z,LHR,ISB,2026-08-29,1,desktop,12
S1007198,SES00833,2026-05-18T21:43:57Z,ISB,PEW,2026-05-21,1,desktop,16
S1004106,SES02679,2026-05-18T21:48:09Z,ISB,KHI,2026-07-24,1,ios,37
S1005957,SES01323,2026-05-18T21:57:12Z,ISB,KHI,2026-05-21,2,ios,30
S1004455,SES00397,2026-05-18T22:50:04Z,ISB,PEW,2026-06-22,1,android,0
S1000847,SES00034,2026-05-18T23:04:10Z,KHI,ISB,2026-08-19,1,android,13
S1001507,SES02238,2026-05-18T23:20:55Z,DXB,LHE,2026-06-21,1,desktop,25
S1006876,SES01736,2026-05-18T23:29:27Z,LHE,DXB,2026-05-29,1,ios,30
S1000365,SES01366,2026-05-18T23:33:49Z,ISB,PEW,2026-05-19,1,mobile_web,5
S1004343,SES01791,2026-05-18T23:35:37Z,LHE,KHI,2026-07-04,1,mobile_web,1
S1001568,SES02001,2026-05-18T23:37:01Z,KHI,LHE,2026-08-26,2,android,22
S1002968,SES01224,2026-05-18T23:39:35Z,KHI,ISB,2026-09-02,1,mobile_web,5
S1002835,SES03224,2026-05-18T23:43:23Z,DXB,KHI,2026-08-27,1,ios,5
S1001253,SES00502,2026-05-18T23:49:16Z,SHJ,KHI,2026-08-07,2,mobile_web,17
S1005148,SES00316,2026-05-18T23:56:50Z,KHI,SHJ,2026-05-22,1,android,32
S1005330,SES03203,2026-05-18T23:58:27Z,LHE,DXB,2026-09-10,1,ios,47
S1001434,SES01566,2026-05-18T23:59:36Z,PEW,SHJ,2026-09-14,2,desktop,23
S1001195,SES02011,2026-05-19T00:10:06Z,KHI,LHE,2026-07-31,1,android,28
S1003495,SES00791,2026-05-19T00:19:17Z,KHI,DXB,2026-09-15,2,desktop,20
S1001413,SES00414,2026-05-19T00:41:46Z,KHI,MUX,2026-07-20,2,android,39
S1003252,SES02853,2026-05-19T00:51:11Z,ISB,PEW,2026-06-08,2,bot,28
S1004430,SES01110,2026-05-19T01:01:19Z,KHI,LHE,2026-09-08,3,android,6
S1003652,SES03189,2026-05-19T01:19:57Z,ISB,KHI,2026-09-05,3,android,25
S1002195,SES01961,2026-05-19T01:21:47Z,LHE,KHI,2026-05-28,3,desktop,9
S1007476,SES01732,2026-05-19T01:40:08Z,KHI,SHJ,2026-09-06,1,ios,42
S1001621,SES01027,2026-05-19T01:40:47Z,DXB,KHI,2026-06-10,2,mobile_web,9
S1004907,SES03031,2026-05-19T02:18:07Z,ISB,SHJ,2026-07-12,1,ios,45
S1006994,SES00782,2026-05-19T02:38:09Z,DXB,ISB,2026-07-27,1,mobile_web,42
S1004155,SES00279,2026-05-19T02:54:06Z,KHI,ISB,2026-09-09,1,ios,2
S1001840,SES01861,2026-05-19T03:01:00Z,LHE,KHI,2026-06-08,1,android,5
S1006470,SES01468,2026-05-19T04:02:19Z,LHE,KHI,2026-06-20,2,android,6
S1007913,SES03338,2026-05-19T04:03:05Z,LHE,ISB,2026-06-08,3,desktop,30
S1005086,SES01889,2026-05-19T04:08:02Z,KHI,DXB,2026-05-30,2,android,27
S9958371,SES00250,2026-05-19T04:09:24Z,LHE,DXB,2026-05-30,4,android,25
S1004581,SES02754,2026-05-19T04:11:05Z,ISB,SHJ,2026-09-10,2,desktop,46
S1004103,SES02466,2026-05-19T04:11:24Z,KHI,LHE,2026-08-03,1,ios,15
S1003303,SES01363,2026-05-19T04:17:14Z,KHI,SHJ,2026-08-25,1,android,23
S1001504,SES02071,2026-05-19T04:19:57Z,KHI,DXB,2026-07-13,1,bot,29
S1007322,SES01791,2026-05-19T04:22:57Z,LHE,JED,2026-09-05,1,bot,41
S1004276,SES03108,2026-05-19T04:35:41Z,KHI,ISB,2026-06-06,2,ios,28
S9618336,SES01707,2026-05-19T04:38:57Z,KHI,LHE,2026-07-06,1,desktop,16
S1005316,SES01923,2026-05-19T04:44:24Z,KHI,UET,2026-09-05,1,android,1
S1006797,SES00349,2026-05-19T05:00:41Z,KHI,SKT,2026-08-24,1,android,48
S1005321,SES01203,2026-05-19T05:00:54Z,LHE,JED,2026-09-08,2,mobile_web,10
S1007720,SES02221,2026-05-19T05:10:23Z,KHI,ISB,2026-09-14,1,desktop,36
S1003690,SES02984,2026-05-19T05:43:16Z,LHE,DXB,2026-08-11,2,android,34
S1000129,SES03224,2026-05-19T05:54:15Z,SHJ,KHI,2026-09-02,2,android,39
S1001933,SES01814,2026-05-19T06:06:12Z,ISB,DXB,2026-06-17,1,desktop,26
S1005425,SES00450,2026-05-19T06:08:44Z,ISB,KHI,2026-08-19,2,android,6
S1005774,SES02454,2026-05-19T06:21:23Z,KHI,LHE,2026-09-11,1,desktop,20
S1007372,SES02218,2026-05-19T06:30:36Z,ISB,SHJ,2026-07-26,3,desktop,41
S1001299,SES00094,2026-05-19T06:38:03Z,KHI,DXB,2026-05-21,2,mobile_web,37
S1006956,SES01916,2026-05-19T07:01:06Z,ISB,KHI,2026-07-27,2,android,28
S1004635,SES03198,2026-05-19T07:05:37Z,KHI,JED,2026-08-13,1,mobile_web,20
S1005711,SES01877,2026-05-19T07:09:16Z,LHE,JED,2026-06-02,1,ios,10
S1006310,SES03282,2026-05-19T07:16:16Z,KHI,LHE,2026-07-15,3,mobile_web,17
S1005399,SES00846,2026-05-19T07:26:30Z,ISB,SHJ,2026-09-15,2,android,15
S1005098,SES02448,2026-05-19T07:39:47Z,KHI,SKT,2026-06-30,1,ios,26
S1000300,SES02934,2026-05-19T08:00:16Z,DXB,KHI,2026-08-23,1,mobile_web,16
S9694269,SES03265,2026-05-19T08:14:29Z,ISB,SHJ,2026-07-09,2,desktop,37
S1000613,SES00707,2026-05-19T08:31:39Z,KHI,SKT,2026-08-17,1,ios,40
S1002077,SES01891,2026-05-19T08:41:41Z,LHE,KHI,2026-07-09,1,desktop,42
S1004527,SES02243,2026-05-19T09:23:30Z,ISB,DXB,2026-08-08,2,android,15
S1005939,SES03271,2026-05-19T09:32:05Z,KHI,LHE,2026-08-03,1,android,2
S1000084,SES00229,2026-05-19T09:33:55Z,LHE,DXB,2026-09-03,1,mobile_web,39
S1001454,SES01862,2026-05-19T09:52:16Z,LHE,DXB,2026-06-12,1,desktop,41
S1006192,SES03115,2026-05-19T09:58:52Z,LHE,KHI,2026-09-08,1,ios,27
S1003327,SES03348,2026-05-19T10:05:58Z,KHI,ISB,2026-06-07,1,android,45
S1006750,SES00349,2026-05-19T10:07:33Z,LHE,ISB,2026-07-05,1,android,38
S1006547,SES01237,2026-05-19T10:25:34Z,ISB,DXB,2026-07-10,3,android,41
S1006471,SES00692,2026-05-19T11:06:29Z,KHI,SHJ,2026-06-19,1,mobile_web,7
S1007972,SES00983,2026-05-19T11:08:25Z,KHI,MUX,2026-06-22,1,android,12
S1004341,SES00985,2026-05-19T11:15:32Z,KHI,SHJ,2026-07-25,1,android,41
S1007670,SES03208,2026-05-19T11:20:40Z,ISB,SHJ,2026-07-22,2,mobile_web,38
S1004809,SES03171,2026-05-19T11:48:22Z,LHE,DXB,2026-08-15,1,android,26
S1001816,SES03349,2026-05-19T12:01:00Z,LHE,SHJ,2026-07-25,1,desktop,36
S1003449,SES02845,2026-05-19T12:08:14Z,SHJ,LHE,2026-08-29,2,desktop,44
S1004235,SES01396,2026-05-19T12:12:11Z,KHI,ISB,2026-08-13,2,android,45
S1004900,SES02450,2026-05-19T12:15:39Z,SHJ,KHI,2026-07-11,1,mobile_web,40
S9904090,SES00446,2026-05-19T12:28:13Z,KHI,MUX,2026-05-25,1,android,18
S1000811,SES02923,2026-05-19T12:32:27Z,ISB,LHE,2026-09-12,3,android,26
S1001122,SES02953,2026-05-19T12:36:39Z,DXB,KHI,2026-08-14,4,desktop,21
S1006413,SES02988,2026-05-19T13:03:28Z,KHI,ISB,2026-05-21,2,android,1
S1004630,SES02470,2026-05-19T13:06:58Z,LHE,ISB,2026-05-28,1,desktop,10
S1005481,SES00597,2026-05-19T13:37:10Z,KHI,LHE,2026-05-28,2,android,22
S1007847,SES02914,2026-05-19T13:53:26Z,KHI,LHE,2026-06-12,1,mobile_web,19
S1000255,SES00518,2026-05-19T13:54:22Z,LHE,DXB,2026-08-03,1,android,30
S1002470,SES03253,2026-05-19T13:56:30Z,KHI,ISB,2026-06-08,1,mobile_web,43
S1005343,SES01009,2026-05-19T14:22:54Z,KHI,ISB,2026-06-26,2,desktop,3
S1006241,SES01320,2026-05-19T14:34:22Z,KHI,ISB,2026-05-25,2,bot,27
S1002151,SES00221,2026-05-19T14:49:59Z,KHI,LHE,2026-06-18,1,android,43
S1003653,SES01383,2026-05-19T14:54:42Z,LHE,JED,2026-07-02,1,desktop,25
S1006553,SES02081,2026-05-19T15:13:39Z,SHJ,LHE,2026-08-06,4,ios,21
S1006294,SES01979,2026-05-19T15:26:28Z,DXB,LHE,2026-08-20,2,desktop,25
S1003582,SES02174,2026-05-19T15:27:37Z,KHI,LHE,2026-06-07,2,desktop,44
S1000568,SES03175,2026-05-19T15:36:53Z,LHE,ISB,2026-08-03,1,android,31
S1000275,SES02172,2026-05-19T16:00:47Z,ISB,LHE,2026-07-08,1,android,37
S1002707,SES01652,2026-05-19T16:01:09Z,ISB,KHI,2026-09-06,1,mobile_web,18
S1007793,SES00154,2026-05-19T16:06:03Z,LHE,DXB,2026-07-22,1,ios,39
S1006721,SES01194,2026-05-19T16:42:03Z,ISB,LHR,2026-07-16,2,mobile_web,16
S1007907,SES01068,2026-05-19T16:48:37Z,KHI,ISB,2026-08-25,3,android,5
S1000789,SES00694,2026-05-19T16:49:00Z,LHE,KHI,2026-08-19,1,ios,12
S1000048,SES00554,2026-05-19T16:54:24Z,ISB,KHI,2026-06-19,1,desktop,12
S1000295,SES00885,2026-05-19T16:58:49Z,PEW,DXB,2026-09-10,1,android,46
S1000035,SES01218,2026-05-19T17:05:05Z,DXB,KHI,2026-08-26,1,android,36
S1000341,SES01462,2026-05-19T17:08:12Z,KHI,ISB,2026-07-22,4,ios,1
S9467841,SES02446,2026-05-19T17:26:10Z,LHE,KHI,2026-05-29,4,desktop,28
S1007722,SES03146,2026-05-19T17:33:27Z,LHE,ISB,2026-06-13,4,mobile_web,47
S1006166,SES02737,2026-05-19T17:57:41Z,KHI,SHJ,2026-08-18,1,desktop,7
S1005373,SES01229,2026-05-19T17:58:01Z,KHI,SKT,2026-07-03,2,desktop,5
S1003987,SES00013,2026-05-19T18:03:10Z,PEW,SHJ,2026-07-26,1,android,27
S1003828,SES01233,2026-05-19T18:05:10Z,PEW,DXB,2026-07-12,4,android,5
S1007388,SES02517,2026-05-19T18:30:23Z,ISB,SHJ,2026-07-21,2,android,18
S1000042,SES02684,2026-05-19T18:51:10Z,ISB,SHJ,2026-07-06,1,android,31
S1006135,SES01174,2026-05-19T18:55:32Z,LHE,JED,2026-06-11,2,ios,15
S1005286,SES02938,2026-05-19T18:58:13Z,KHI,MUX,2026-08-20,2,ios,9
S1000606,SES01285,2026-05-19T19:01:12Z,KHI,ISB,2026-07-10,1,android,22
S1003182,SES00987,2026-05-19T19:02:45Z,KHI,MUX,2026-06-02,1,android,48
S1000186,SES01490,2026-05-19T19:15:45Z,KHI,MUX,2026-08-15,1,android,29
S1004836,SES02584,2026-05-19T19:43:07Z,LHE,ISB,2026-09-15,1,android,29
S1005097,SES01147,2026-05-19T20:04:17Z,ISB,SHJ,2026-09-04,4,android,45
S1004668,SES00021,2026-05-19T20:30:02Z,KHI,ISB,2026-08-10,1,android,27
S1007519,SES00244,2026-05-19T20:31:46Z,DXB,LHE,2026-08-23,1,android,26
S1002261,SES01075,2026-05-19T20:34:40Z,LHE,DXB,2026-06-24,1,mobile_web,8
S1006347,SES02992,2026-05-19T20:44:22Z,KHI,ISB,2026-06-18,1,android,47
S1005461,SES02858,2026-05-19T21:02:17Z,PEW,DXB,2026-07-10,1,android,25
S1005652,SES02583,2026-05-19T21:02:22Z,ISB,SHJ,2026-07-31,2,android,20
S1006201,SES00429,2026-05-19T21:04:25Z,SHJ,LHE,2026-07-25,2,desktop,41
S1007949,SES02720,2026-05-19T21:06:49Z,LHE,ISB,2026-07-18,1,android,7
S1007645,SES01578,2026-05-19T21:09:29Z,ISB,SHJ,2026-07-17,4,android,14
S1001912,SES01450,2026-05-19T21:19:26Z,LHE,ISB,2026-08-30,3,android,31
S1002528,SES01283,2026-05-19T21:25:28Z,PEW,DXB,2026-09-10,2,ios,29
S1007140,SES00973,2026-05-19T21:36:06Z,ISB,LHR,2026-09-10,3,android,7
S1007151,SES00449,2026-05-19T21:41:26Z,ISB,KHI,2026-07-20,2,ios,8
S1007123,SES00769,2026-05-19T21:47:16Z,DXB,ISB,2026-06-09,4,mobile_web,30
S1005734,SES03223,2026-05-19T21:48:46Z,ISB,DXB,2026-08-18,4,desktop,17
S1004782,SES00860,2026-05-19T21:50:50Z,ISB,SHJ,2026-09-01,1,desktop,36
S1002747,SES02849,2026-05-19T21:55:17Z,ISB,PEW,2026-09-08,3,mobile_web,21
S1001717,SES03252,2026-05-19T21:59:31Z,KHI,MUX,2026-08-15,1,android,31
S1000731,SES02753,2026-05-19T22:21:59Z,KHI,ISB,2026-09-07,1,ios,6
S1004042,SES02523,2026-05-19T22:41:53Z,KHI,ISB,2026-09-16,4,desktop,34
S1000237,SES02076,2026-05-19T22:53:30Z,KHI,ISB,2026-07-12,2,android,29
S1004404,SES00421,2026-05-19T23:01:59Z,LHE,KHI,2026-05-26,1,mobile_web,3
S1004045,SES02321,2026-05-19T23:03:23Z,LHE,ISB,2026-07-27,1,desktop,5
S1002181,SES01370,2026-05-19T23:11:36Z,KHI,LHE,2026-08-24,1,android,34
S1001522,SES03135,2026-05-19T23:15:37Z,ISB,SHJ,2026-07-26,1,desktop,48
S1004486,SES03202,2026-05-19T23:26:46Z,LHE,ISB,2026-06-05,1,android,37
S1007995,SES01748,2026-05-19T23:48:09Z,LHE,DXB,2026-09-04,1,ios,5
S1000028,SES01974,2026-05-19T23:48:19Z,LHE,KHI,2026-08-21,2,mobile_web,0
S1006511,SES00057,2026-05-19T23:48:31Z,LHE,KHI,2026-05-28,2,mobile_web,30
S1003258,SES02266,2026-05-19T23:48:48Z,ISB,KHI,2026-06-23,4,mobile_web,25
S1007767,SES03246,2026-05-19T23:50:49Z,ISB,LHE,2026-05-30,1,android,20
S9751248,SES03312,2026-05-19T23:58:26Z,ISB,SHJ,2026-05-27,1,desktop,23
S1006537,SES03216,2026-05-20T00:14:43Z,PEW,SHJ,2026-05-28,2,ios,42
S1005703,SES01646,2026-05-20T00:15:16Z,ISB,SHJ,2026-08-06,3,ios,40
S1007257,SES02879,2026-05-20T00:24:25Z,KHI,DXB,2026-06-29,2,mobile_web,31
S1001671,SES03231,2026-05-20T00:30:43Z,LHE,KHI,2026-09-16,3,android,42
S1004400,SES00177,2026-05-20T00:34:59Z,LHE,DXB,2026-06-26,1,mobile_web,25
S1000969,SES03365,2026-05-20T00:35:12Z,PEW,DXB,2026-09-07,1,android,19
S1004378,SES02024,2026-05-20T00:37:24Z,ISB,KHI,2026-08-11,1,android,0
S9115473,SES01803,2026-05-20T00:41:26Z,LHE,JED,2026-06-07,1,desktop,38
S9219002,SES02611,2026-05-20T00:43:47Z,KHI,LHE,2026-07-09,2,desktop,14
S1001654,SES00772,2026-05-20T01:07:19Z,SHJ,KHI,2026-07-30,2,ios,35
S1001432,SES00346,2026-05-20T01:15:09Z,ISB,DXB,2026-09-13,3,ios,3
S1006271,SES02790,2026-05-20T01:16:13Z,ISB,KHI,2026-09-08,3,mobile_web,20
S1000032,SES00982,2026-05-20T01:17:57Z,KHI,LHE,2026-09-03,3,desktop,47
S1002359,SES02998,2026-05-20T01:27:36Z,KHI,LHE,2026-08-19,1,mobile_web,24
S1003607,SES03082,2026-05-20T01:49:08Z,LHE,JED,2026-08-06,1,android,2
S1005056,SES00085,2026-05-20T01:58:45Z,DXB,ISB,2026-08-06,1,android,45
S1001283,SES02881,2026-05-20T02:14:23Z,LHE,ISB,2026-05-26,4,bot,34
S1000257,SES02367,2026-05-20T02:24:25Z,ISB,KHI,2026-07-25,1,mobile_web,30
S1005550,SES00050,2026-05-20T02:40:14Z,LHE,KHI,2026-06-14,2,desktop,6
S1003964,SES02576,2026-05-20T03:21:10Z,LHE,DXB,2026-07-12,1,desktop,11
S1005474,SES02368,2026-05-20T03:35:13Z,LHE,SHJ,2026-06-06,3,ios,11
S1005432,SES02728,2026-05-20T03:44:11Z,SHJ,LHE,2026-05-22,1,android,28
S1001591,SES00834,2026-05-20T03:47:58Z,KHI,PEW,2026-08-10,3,desktop,14
S1005501,SES00989,2026-05-20T04:03:01Z,ISB,SHJ,2026-07-14,1,desktop,30
S1002820,SES01979,2026-05-20T04:14:38Z,DXB,ISB,2026-08-18,1,android,19
S1004554,SES02990,2026-05-20T04:32:28Z,DXB,KHI,2026-08-28,1,android,44
S1005282,SES00103,2026-05-20T04:33:03Z,ISB,PEW,2026-07-12,1,android,26
S1001640,SES01655,2026-05-20T05:03:27Z,SHJ,KHI,2026-07-17,3,desktop,36
S1003064,SES02346,2026-05-20T05:04:47Z,ISB,SHJ,2026-07-05,1,desktop,32
S1006900,SES02006,2026-05-20T05:49:53Z,KHI,SKT,2026-09-08,1,android,39
S1007872,SES01437,2026-05-20T06:18:50Z,KHI,ISB,2026-07-26,1,android,31
S1007052,SES00153,2026-05-20T06:23:23Z,LHE,DXB,2026-09-10,2,ios,18
S1006834,SES02874,2026-05-20T06:29:47Z,ISB,SHJ,2026-09-13,2,android,11
S1005465,SES02548,2026-05-20T06:32:44Z,LHE,KHI,2026-06-17,1,mobile_web,33
S1002248,SES02601,2026-05-20T06:38:33Z,KHI,MUX,2026-07-25,3,desktop,23
S1000296,SES00455,2026-05-20T06:41:53Z,KHI,ISB,2026-09-12,2,android,4
S1000289,SES02201,2026-05-20T06:46:49Z,KHI,LHE,2026-08-29,1,desktop,40
S1001096,SES02718,2026-05-20T06:47:45Z,KHI,UET,2026-08-20,1,android,12
S1004345,SES01756,2026-05-20T06:53:02Z,PEW,SHJ,2026-08-14,2,desktop,28
S1006376,SES03124,2026-05-20T07:11:33Z,SHJ,KHI,2026-08-12,3,android,39
S1000213,SES02971,2026-05-20T07:24:11Z,DXB,ISB,2026-09-15,1,android,9
S1005476,SES01677,2026-05-20T07:27:46Z,SHJ,KHI,2026-08-06,2,ios,38
S9361365,SES00199,2026-05-20T07:31:46Z,LHE,KHI,2026-05-31,2,desktop,39
S1000629,SES03033,2026-05-20T07:57:45Z,KHI,ISB,2026-05-22,1,android,1
S1004397,SES01824,2026-05-20T07:58:41Z,ISB,KHI,2026-06-18,1,desktop,14
S1002623,SES02750,2026-05-20T08:15:55Z,ISB,SHJ,2026-09-01,4,ios,5
S1002931,SES01545,2026-05-20T08:19:51Z,PEW,DXB,2026-08-29,1,mobile_web,28
S1004021,SES00636,2026-05-20T08:45:33Z,LHE,KHI,2026-09-12,3,desktop,32
S1000599,SES02940,2026-05-20T08:52:43Z,SHJ,KHI,2026-08-05,2,ios,8
S1007979,SES03111,2026-05-20T08:58:55Z,PEW,SHJ,2026-09-02,1,android,32
S1007304,SES02534,2026-05-20T09:02:18Z,KHI,SHJ,2026-06-19,2,android,32
S1007189,SES02333,2026-05-20T09:35:41Z,LHE,KHI,2026-08-04,1,desktop,32
S1006497,SES00465,2026-05-20T09:36:55Z,LHE,DXB,2026-09-10,3,desktop,38
S1006707,SES00433,2026-05-20T09:46:35Z,KHI,MUX,2026-07-16,1,android,17
S1003840,SES00455,2026-05-20T09:49:00Z,KHI,ISB,2026-06-27,1,ios,39
S1007457,SES03341,2026-05-20T09:59:40Z,KHI,ISB,2026-08-19,1,ios,17
S1001588,SES02897,2026-05-20T10:22:37Z,KHI,LHE,2026-09-05,1,android,40
S1001063,SES00581,2026-05-20T10:39:05Z,KHI,MUX,2026-08-07,1,ios,29
S1003328,SES00401,2026-05-20T10:48:14Z,PEW,SHJ,2026-08-29,1,desktop,44
S1000425,SES00023,2026-05-20T10:50:03Z,KHI,ISB,2026-06-06,1,desktop,37
S1002838,SES00413,2026-05-20T10:59:35Z,KHI,SKT,2026-09-09,2,android,27
S1000374,SES01554,2026-05-20T11:01:02Z,LHE,KHI,2026-08-09,1,android,43
S9512285,SES01188,2026-05-20T11:04:26Z,SHJ,KHI,2026-09-12,6,desktop,33
S1000927,SES02048,2026-05-20T11:20:20Z,PEW,DXB,2026-08-17,2,android,5
S1001050,SES02990,2026-05-20T11:21:37Z,KHI,ISB,2026-05-29,3,android,27
S1002544,SES02540,2026-05-20T11:21:58Z,KHI,ISB,2026-09-14,1,desktop,39
S1004631,SES01988,2026-05-20T11:25:38Z,SHJ,LHE,2026-09-03,2,android,1
S1007447,SES01663,2026-05-20T12:19:32Z,LHE,SHJ,2026-08-11,1,android,42
S1006390,SES02875,2026-05-20T12:23:47Z,KHI,MUX,2026-08-16,4,android,5
S1007756,SES01865,2026-05-20T12:30:02Z,LHE,DXB,2026-08-18,1,ios,4
S9238298,SES00703,2026-05-20T12:35:13Z,KHI,DXB,2026-05-26,2,desktop,36
S1004687,SES01928,2026-05-20T12:43:07Z,PEW,DXB,2026-06-16,4,android,34
S1007717,SES01284,2026-05-20T12:48:12Z,ISB,PEW,2026-09-03,2,android,5
S1003602,SES02546,2026-05-20T12:57:15Z,ISB,KHI,2026-09-03,1,android,30
S1007843,SES01361,2026-05-20T12:58:39Z,SHJ,KHI,2026-07-10,4,android,28
S1005845,SES00787,2026-05-20T13:35:05Z,KHI,ISB,2026-06-29,1,ios,17
S1006995,SES01530,2026-05-20T13:38:45Z,LHE,DXB,2026-06-20,2,bot,6
S1002229,SES00218,2026-05-20T14:02:29Z,KHI,SHJ,2026-08-12,1,mobile_web,36
S1001587,SES01723,2026-05-20T14:14:27Z,ISB,KHI,2026-08-25,1,android,30
S1003358,SES00842,2026-05-20T14:32:33Z,ISB,KHI,2026-08-10,1,android,6
S1002242,SES02750,2026-05-20T14:37:06Z,KHI,LHE,2026-06-22,2,desktop,30
S1007774,SES01191,2026-05-20T15:01:10Z,KHI,ISB,2026-06-26,1,ios,19
S1003250,SES03357,2026-05-20T15:05:38Z,KHI,ISB,2026-07-08,1,ios,15
S1001915,SES03284,2026-05-20T15:28:24Z,ISB,PEW,2026-08-30,1,android,9
S1004629,SES00026,2026-05-20T15:41:17Z,KHI,ISB,2026-07-13,2,mobile_web,8
S1001657,SES00122,2026-05-20T15:44:28Z,KHI,SKT,2026-09-05,1,ios,27
S1004382,SES00367,2026-05-20T15:56:56Z,ISB,KHI,2026-06-11,1,desktop,11
S1006519,SES02409,2026-05-20T16:17:00Z,LHE,SHJ,2026-08-30,4,bot,21
S1004892,SES02380,2026-05-20T16:17:20Z,KHI,MUX,2026-09-09,2,mobile_web,18
S1005806,SES01293,2026-05-20T16:34:48Z,LHE,ISB,2026-09-15,1,bot,6
S1006588,SES01470,2026-05-20T16:51:41Z,ISB,SHJ,2026-05-21,1,android,12
S1004540,SES01937,2026-05-20T16:51:58Z,KHI,LHE,2026-09-04,1,bot,26
S1005785,SES02493,2026-05-20T17:10:55Z,KHI,ISB,2026-06-17,3,android,22
S1005605,SES01682,2026-05-20T17:11:19Z,PEW,DXB,2026-06-21,3,desktop,1
S1007228,SES01423,2026-05-20T17:13:05Z,ISB,KHI,2026-08-02,1,android,20
S9543349,SES00242,2026-05-20T17:15:00Z,ISB,KHI,2026-06-08,2,desktop,16
S1006783,SES01057,2026-05-20T17:18:18Z,KHI,PEW,2026-09-13,1,android,8
S1001407,SES02189,2026-05-20T17:37:48Z,DXB,KHI,2026-06-18,2,android,5
S1004440,SES02822,2026-05-20T17:55:04Z,KHI,ISB,2026-05-28,3,android,46
S1007182,SES00111,2026-05-20T18:00:35Z,KHI,ISB,2026-08-30,1,mobile_web,30
S1002832,SES02241,2026-05-20T18:26:41Z,SHJ,KHI,2026-07-17,4,desktop,13
S1004660,SES00533,2026-05-20T19:02:24Z,LHE,KHI,2026-09-07,4,android,23
S1001794,SES00547,2026-05-20T19:18:21Z,KHI,ISB,2026-07-23,4,desktop,9
S1001530,SES00177,2026-05-20T19:19:15Z,KHI,DXB,2026-08-31,2,android,36
S1002720,SES01034,2026-05-20T19:22:16Z,KHI,SKT,2026-06-30,2,desktop,27
S1006786,SES01831,2026-05-20T19:54:27Z,DXB,KHI,2026-06-02,4,mobile_web,23
S1004244,SES03185,2026-05-20T19:55:27Z,SHJ,KHI,2026-07-09,1,ios,9
S1005648,SES02273,2026-05-20T20:04:41Z,ISB,LHE,2026-06-11,2,ios,5
S1003860,SES02389,2026-05-20T20:04:49Z,KHI,LHE,2026-07-03,1,android,46
S1007656,SES02025,2026-05-20T20:06:32Z,ISB,DXB,2026-07-12,2,android,38
S1001306,SES00131,2026-05-20T20:19:38Z,LHE,JED,2026-07-03,1,desktop,43
S1002583,SES00438,2026-05-20T20:30:30Z,LHE,ISB,2026-07-20,1,android,29
S1002478,SES02494,2026-05-20T20:44:39Z,KHI,LHE,2026-08-04,1,mobile_web,11
S1002857,SES00417,2026-05-20T20:50:26Z,PEW,DXB,2026-08-31,4,ios,17
S1004506,SES01833,2026-05-20T20:59:36Z,KHI,PEW,2026-07-27,1,android,20
S1005299,SES01676,2026-05-20T21:02:42Z,PEW,SHJ,2026-07-21,4,desktop,39
S1005375,SES00346,2026-05-20T21:18:57Z,KHI,LHE,2026-06-13,4,mobile_web,1
S1005777,SES03312,2026-05-20T21:21:21Z,KHI,LHE,2026-07-12,2,desktop,18
S1007389,SES01384,2026-05-20T21:21:51Z,LHE,KHI,2026-06-06,1,mobile_web,47
S9585379,SES00521,2026-05-20T21:45:59Z,KHI,LHE,2026-05-25,1,desktop,7
S1000397,SES02060,2026-05-20T22:08:01Z,LHE,ISB,2026-05-21,2,android,21
S1005521,SES00587,2026-05-20T22:17:49Z,KHI,LHE,2026-06-24,2,android,2
S1004742,SES03144,2026-05-20T22:22:58Z,DXB,KHI,2026-07-13,1,desktop,27
S1003766,SES00907,2026-05-20T22:25:30Z,KHI,ISB,2026-07-07,1,android,3
S1000533,SES00491,2026-05-20T22:30:37Z,DXB,LHE,2026-09-16,1,ios,7
S9446567,SES00242,2026-05-20T22:34:41Z,DXB,ISB,2026-06-10,1,desktop,35
S1001596,SES01331,2026-05-20T22:35:16Z,KHI,LHE,2026-08-31,1,android,24
S1001424,SES01277,2026-05-20T23:13:31Z,ISB,KHI,2026-09-12,1,android,34
S1006395,SES03376,2026-05-20T23:36:22Z,ISB,DXB,2026-07-13,2,android,32
S1000095,SES03245,2026-05-20T23:41:39Z,DXB,KHI,2026-07-31,1,ios,12
S1002681,SES03157,2026-05-20T23:50:24Z,KHI,DXB,2026-06-09,4,desktop,5
S1001415,SES02414,2026-05-21T00:01:53Z,PEW,SHJ,2026-08-26,3,android,16
S1003908,SES00154,2026-05-21T00:02:46Z,KHI,LHE,2026-05-31,2,desktop,30
S1002914,SES01631,2026-05-21T00:10:57Z,LHE,ISB,2026-06-26,2,android,32
S1001068,SES02725,2026-05-21T00:15:15Z,LHE,DXB,2026-06-17,1,desktop,24
S1005818,SES02946,2026-05-21T00:24:21Z,KHI,LHE,2026-06-30,4,android,5
S1004543,SES00779,2026-05-21T00:37:32Z,KHI,MUX,2026-05-26,1,mobile_web,32
S1001959,SES02814,2026-05-21T00:44:31Z,ISB,DXB,2026-06-15,1,desktop,40
S1005565,SES02116,2026-05-21T00:56:09Z,ISB,SHJ,2026-07-02,1,desktop,7
S1003510,SES00725,2026-05-21T00:58:28Z,PEW,SHJ,2026-08-22,3,desktop,46
S1003213,SES02534,2026-05-21T01:07:55Z,ISB,LHE,2026-07-17,1,android,28
S1001116,SES00292,2026-05-21T01:14:15Z,KHI,SHJ,2026-07-30,2,android,42
S1005622,SES01323,2026-05-21T01:16:55Z,ISB,SHJ,2026-06-01,4,desktop,4
S1007693,SES02628,2026-05-21T01:18:33Z,LHE,ISB,2026-06-27,1,desktop,31
S1005484,SES02466,2026-05-21T01:19:58Z,SHJ,LHE,2026-09-04,1,ios,5
S1006711,SES00744,2026-05-21T01:41:22Z,LHE,ISB,2026-05-29,2,ios,16
S1004131,SES01157,2026-05-21T01:43:44Z,ISB,SHJ,2026-06-10,1,ios,0
S1003237,SES01418,2026-05-21T01:43:58Z,KHI,DXB,2026-08-05,1,android,15
S1005874,SES01985,2026-05-21T01:52:03Z,ISB,PEW,2026-08-09,1,android,35
S1000597,SES02185,2026-05-21T01:54:14Z,KHI,ISB,2026-05-25,4,bot,1
S1003900,SES03026,2026-05-21T01:59:25Z,ISB,KHI,2026-06-12,2,bot,17
S1002735,SES00494,2026-05-21T02:01:18Z,KHI,ISB,2026-05-30,2,android,4
S1000704,SES03083,2026-05-21T02:13:34Z,KHI,MUX,2026-08-21,4,android,45
S1000686,SES00946,2026-05-21T02:26:48Z,KHI,LHE,2026-06-25,1,mobile_web,15
S1002134,SES00853,2026-05-21T02:39:54Z,ISB,PEW,2026-07-12,1,android,45
S1006815,SES00172,2026-05-21T02:43:12Z,KHI,ISB,2026-07-31,1,ios,25
S1005854,SES02554,2026-05-21T02:48:19Z,LHE,KHI,2026-07-11,1,android,13
S1006769,SES03394,2026-05-21T03:08:11Z,LHE,KHI,2026-05-22,1,desktop,10
S1004118,SES00475,2026-05-21T03:22:31Z,KHI,SHJ,2026-07-24,1,desktop,43
S1002321,SES01003,2026-05-21T03:24:25Z,KHI,LHE,2026-08-16,1,android,20
S1000371,SES03376,2026-05-21T03:45:36Z,LHE,DXB,2026-09-14,1,mobile_web,35
S1005921,SES00847,2026-05-21T04:01:59Z,KHI,LHE,2026-06-14,1,android,3
S1005225,SES03116,2026-05-21T04:08:10Z,KHI,LHE,2026-07-10,1,android,12
S1002199,SES03263,2026-05-21T04:08:42Z,ISB,DXB,2026-06-26,2,desktop,33
S1000254,SES02916,2026-05-21T04:16:49Z,ISB,SHJ,2026-06-22,3,android,15
S1001583,SES00675,2026-05-21T04:41:47Z,ISB,SHJ,2026-06-03,3,desktop,47
S1002776,SES00657,2026-05-21T05:14:42Z,KHI,LHE,2026-09-09,2,desktop,33
S1006337,SES00820,2026-05-21T05:44:03Z,KHI,ISB,2026-06-23,1,desktop,13
S1003594,SES03267,2026-05-21T05:52:28Z,ISB,LHE,2026-08-03,1,ios,30
S1006532,SES03056,2026-05-21T06:15:20Z,LHE,ISB,2026-07-18,2,mobile_web,21
S1007561,SES03197,2026-05-21T06:20:40Z,DXB,LHE,2026-09-11,1,desktop,18
S1006026,SES00217,2026-05-21T06:43:45Z,KHI,SHJ,2026-09-03,1,desktop,27
S1003684,SES03207,2026-05-21T07:06:19Z,KHI,MUX,2026-08-07,1,desktop,47
S1007115,SES02874,2026-05-21T07:11:27Z,KHI,SKT,2026-06-12,1,desktop,37
S9174822,SES02023,2026-05-21T07:21:07Z,KHI,ISB,2026-06-05,1,desktop,21
S1005984,SES00037,2026-05-21T07:55:40Z,ISB,KHI,2026-08-23,1,desktop,22
S1000993,SES01265,2026-05-21T08:08:47Z,ISB,KHI,2026-07-13,1,android,11
S1002424,SES00391,2026-05-21T08:11:04Z,PEW,DXB,2026-07-16,3,android,21
S1000302,SES00835,2026-05-21T08:18:10Z,ISB,LHR,2026-08-03,1,android,33
S1007662,SES00210,2026-05-21T08:43:21Z,ISB,LHR,2026-06-07,3,ios,48
S1001597,SES02325,2026-05-21T08:45:22Z,LHE,ISB,2026-09-12,1,android,30
S1000672,SES02080,2026-05-21T08:47:19Z,KHI,SHJ,2026-09-12,1,android,36
S1000645,SES01507,2026-05-21T08:58:19Z,PEW,DXB,2026-06-05,1,mobile_web,17
S1007324,SES02994,2026-05-21T09:09:26Z,KHI,PEW,2026-09-16,2,mobile_web,17
S1003871,SES01553,2026-05-21T09:11:58Z,KHI,LHE,2026-06-19,4,android,33
S9144074,SES00822,2026-05-21T09:28:21Z,PEW,DXB,2026-06-05,1,android,27
S1002275,SES00539,2026-05-21T09:28:58Z,ISB,PEW,2026-07-30,1,desktop,9
S9243213,SES03364,2026-05-21T09:37:44Z,LHE,KHI,2026-05-30,1,android,17
S1003030,SES00142,2026-05-21T10:52:13Z,LHE,ISB,2026-09-02,1,desktop,5
S1003545,SES01275,2026-05-21T11:07:50Z,KHI,SHJ,2026-06-16,1,ios,43
S1003405,SES02920,2026-05-21T11:11:20Z,ISB,DXB,2026-06-23,3,android,4
S1004647,SES03348,2026-05-21T11:19:49Z,KHI,LHE,2026-07-26,1,mobile_web,24
S1004733,SES03232,2026-05-21T11:19:50Z,KHI,LHE,2026-06-14,1,android,17
S1005544,SES02373,2026-05-21T11:35:36Z,KHI,ISB,2026-08-20,2,android,31
S1004606,SES00825,2026-05-21T11:38:00Z,KHI,MUX,2026-08-29,1,ios,48
S1006394,SES02971,2026-05-21T11:48:32Z,LHE,DXB,2026-08-30,1,ios,17
S1005290,SES03375,2026-05-21T11:49:20Z,ISB,KHI,2026-07-16,3,android,46
S1005308,SES02554,2026-05-21T12:16:09Z,KHI,DXB,2026-08-31,2,ios,20
S9400239,SES01737,2026-05-21T12:16:20Z,LHE,SHJ,2026-09-09,1,desktop,8
S1004865,SES03040,2026-05-21T12:25:25Z,LHE,JED,2026-06-30,3,mobile_web,41
S1002941,SES01682,2026-05-21T12:28:59Z,LHE,JED,2026-08-08,1,mobile_web,39
S1005788,SES02986,2026-05-21T12:32:34Z,KHI,SHJ,2026-09-18,1,mobile_web,7
S1006886,SES00885,2026-05-21T13:03:42Z,KHI,LHE,2026-08-09,2,android,37
S1001929,SES02308,2026-05-21T13:17:11Z,KHI,MUX,2026-05-24,1,desktop,15
S9752993,SES02370,2026-05-21T13:35:50Z,PEW,SHJ,2026-06-09,1,desktop,5
S1006601,SES02861,2026-05-21T13:37:38Z,LHE,SHJ,2026-06-20,1,desktop,40
S1006841,SES03023,2026-05-21T13:38:19Z,DXB,KHI,2026-06-04,1,ios,31
S1002782,SES02331,2026-05-21T13:41:13Z,LHE,KHI,2026-09-05,2,ios,39
S1006929,SES00446,2026-05-21T13:47:25Z,KHI,ISB,2026-09-02,2,android,0
S1000802,SES00679,2026-05-21T13:48:55Z,LHE,DXB,2026-06-25,4,android,46
S1007188,SES00147,2026-05-21T13:49:17Z,KHI,MUX,2026-06-10,1,mobile_web,45
S1003941,SES01005,2026-05-21T14:00:32Z,ISB,PEW,2026-07-06,3,desktop,1
S1006905,SES00773,2026-05-21T14:22:50Z,PEW,SHJ,2026-08-28,1,ios,31
S1001242,SES00121,2026-05-21T14:23:06Z,ISB,KHI,2026-07-10,1,ios,42
S1006816,SES00494,2026-05-21T14:26:38Z,KHI,SKT,2026-06-16,1,android,12
S1001704,SES03242,2026-05-21T14:41:59Z,DXB,ISB,2026-06-13,4,android,7
S1000069,SES02453,2026-05-21T14:57:08Z,KHI,ISB,2026-06-07,3,desktop,32
S1003107,SES01484,2026-05-21T15:15:44Z,KHI,ISB,2026-06-16,2,android,18
S1001748,SES00347,2026-05-21T15:16:47Z,KHI,PEW,2026-07-11,2,ios,6
S1000008,SES02592,2026-05-21T15:17:01Z,SHJ,KHI,2026-09-13,3,mobile_web,45
S1002614,SES00574,2026-05-21T15:52:25Z,ISB,KHI,2026-06-20,2,desktop,4
S1007886,SES01344,2026-05-21T15:59:09Z,DXB,ISB,2026-08-09,4,ios,6
S1007464,SES02141,2026-05-21T16:41:27Z,ISB,KHI,2026-08-10,1,desktop,48
S1002263,SES00646,2026-05-21T16:47:00Z,PEW,SHJ,2026-07-21,1,android,3
S1000266,SES02308,2026-05-21T16:51:53Z,KHI,LHE,2026-09-06,1,android,34
S1001185,SES01617,2026-05-21T17:03:40Z,KHI,ISB,2026-09-18,2,android,14
S1004056,SES00571,2026-05-21T17:13:17Z,ISB,KHI,2026-06-13,2,mobile_web,33
S1000692,SES03016,2026-05-21T17:14:14Z,DXB,LHE,2026-06-06,4,mobile_web,38
S1003733,SES02371,2026-05-21T17:35:35Z,LHE,DXB,2026-07-29,1,android,29
S1002481,SES02880,2026-05-21T18:16:54Z,LHE,JED,2026-07-20,2,android,5
S1001972,SES00092,2026-05-21T18:37:31Z,KHI,LHE,2026-06-11,1,android,23
S1002113,SES02838,2026-05-21T18:44:18Z,ISB,SHJ,2026-07-03,1,android,7
S1003709,SES01770,2026-05-21T18:49:31Z,PEW,DXB,2026-09-17,3,android,36
S1005820,SES01203,2026-05-21T18:53:42Z,LHE,SHJ,2026-08-17,1,mobile_web,20
S1001049,SES00723,2026-05-21T19:07:13Z,LHE,ISB,2026-06-19,1,android,5
S1007798,SES00066,2026-05-21T19:18:31Z,LHE,JED,2026-05-23,1,android,11
S1007038,SES01495,2026-05-21T19:20:58Z,LHE,ISB,2026-05-27,1,android,23
S1007782,SES02912,2026-05-21T19:27:27Z,KHI,UET,2026-09-04,3,ios,9
S1002100,SES00664,2026-05-21T19:33:32Z,PEW,SHJ,2026-09-02,1,mobile_web,41
S1005773,SES02375,2026-05-21T19:34:17Z,DXB,LHE,2026-09-11,1,android,40
S1000790,SES01763,2026-05-21T19:35:40Z,SHJ,LHE,2026-09-07,3,bot,40
S1001555,SES00800,2026-05-21T19:39:33Z,LHE,KHI,2026-07-06,4,mobile_web,26
S1007586,SES00988,2026-05-21T19:47:49Z,KHI,MUX,2026-08-03,2,android,46
S9750687,SES01198,2026-05-21T20:06:22Z,KHI,SHJ,2026-05-24,2,desktop,7
S1001256,SES00262,2026-05-21T20:13:48Z,ISB,SHJ,2026-08-31,1,mobile_web,1
S1001842,SES00592,2026-05-21T20:20:07Z,SHJ,KHI,2026-08-13,1,android,18
S1003904,SES00746,2026-05-21T20:24:37Z,LHE,SHJ,2026-06-06,3,ios,15
S1002062,SES02727,2026-05-21T20:27:13Z,LHE,KHI,2026-07-27,4,desktop,5
S1006576,SES00739,2026-05-21T20:42:58Z,PEW,SHJ,2026-05-23,1,mobile_web,46
S1002281,SES02013,2026-05-21T20:46:28Z,KHI,SHJ,2026-06-21,1,android,1
S1006078,SES03302,2026-05-21T20:50:00Z,DXB,ISB,2026-06-22,1,mobile_web,18
S1005990,SES00990,2026-05-21T20:51:26Z,ISB,KHI,2026-06-13,1,android,43
S1001939,SES00755,2026-05-21T20:52:14Z,LHE,KHI,2026-07-13,1,android,36
S1005574,SES01734,2026-05-21T21:05:30Z,ISB,SHJ,2026-05-22,1,mobile_web,15
S1006844,SES01987,2026-05-21T21:09:48Z,KHI,LHE,2026-06-02,1,android,16
S1007728,SES00697,2026-05-21T21:23:42Z,LHE,DXB,2026-06-12,3,ios,44
S1002532,SES01061,2026-05-21T21:29:06Z,ISB,KHI,2026-08-03,3,android,22
S1006301,SES01819,2026-05-21T21:31:32Z,LHE,DXB,2026-08-23,3,android,43
S1000068,SES03009,2026-05-21T21:53:31Z,ISB,LHE,2026-09-09,4,mobile_web,45
S1007479,SES02427,2026-05-21T21:59:50Z,KHI,ISB,2026-06-07,2,bot,29
S1000536,SES01877,2026-05-21T22:00:15Z,KHI,ISB,2026-08-01,2,ios,13
S1007589,SES02913,2026-05-21T22:16:12Z,KHI,DXB,2026-07-16,3,desktop,22
S1004460,SES01760,2026-05-21T22:24:55Z,DXB,ISB,2026-08-02,1,android,14
S1003075,SES03150,2026-05-21T22:30:16Z,KHI,UET,2026-06-09,3,android,22
S1003462,SES01351,2026-05-21T22:39:28Z,KHI,MUX,2026-07-28,1,desktop,13
S1004340,SES00866,2026-05-21T22:39:45Z,DXB,ISB,2026-05-31,1,android,19
S1001136,SES02919,2026-05-21T22:44:21Z,KHI,LHE,2026-06-28,4,desktop,35
S1006473,SES03093,2026-05-21T22:59:07Z,DXB,LHE,2026-09-14,1,android,25
S1000347,SES03116,2026-05-21T23:17:45Z,PEW,SHJ,2026-06-10,1,desktop,8
S1000605,SES02407,2026-05-21T23:35:15Z,KHI,LHE,2026-07-14,1,ios,17
S1003931,SES00897,2026-05-21T23:52:32Z,KHI,DXB,2026-05-22,4,android,10
S1002869,SES01566,2026-05-21T23:55:30Z,LHE,DXB,2026-09-02,2,android,2
S1001440,SES00379,2026-05-21T23:58:14Z,KHI,UET,2026-08-12,3,android,31
S1001743,SES01533,2026-05-21T23:59:48Z,PEW,SHJ,2026-06-13,1,android,19
S1001361,SES00147,2026-05-22T00:35:27Z,PEW,DXB,2026-07-27,2,mobile_web,30
S1003353,SES02172,2026-05-22T00:45:20Z,KHI,ISB,2026-08-22,1,android,1
S1005384,SES00021,2026-05-22T00:50:12Z,DXB,ISB,2026-08-15,1,android,27
S1001916,SES00870,2026-05-22T00:51:52Z,PEW,DXB,2026-06-21,1,mobile_web,39
S1004328,SES03014,2026-05-22T00:59:55Z,LHE,ISB,2026-05-26,1,desktop,21
S1006913,SES01307,2026-05-22T01:11:31Z,LHE,JED,2026-08-29,3,android,29
S1003560,SES02841,2026-05-22T01:13:31Z,SHJ,LHE,2026-09-18,1,android,35
S1003700,SES03354,2026-05-22T01:18:22Z,PEW,SHJ,2026-09-11,2,android,22
S1003596,SES02337,2026-05-22T01:34:56Z,PEW,DXB,2026-06-09,1,android,46
S1006238,SES02662,2026-05-22T01:37:52Z,KHI,ISB,2026-08-21,4,android,20
S1004723,SES01277,2026-05-22T01:40:25Z,KHI,LHE,2026-06-26,2,android,19
S1004812,SES02634,2026-05-22T01:49:49Z,LHE,DXB,2026-06-25,1,android,37
S1003889,SES02868,2026-05-22T02:03:28Z,LHE,ISB,2026-06-25,2,desktop,9
S1000799,SES01418,2026-05-22T02:15:43Z,PEW,SHJ,2026-07-23,1,desktop,33
S1000810,SES02661,2026-05-22T02:16:01Z,PEW,DXB,2026-06-13,1,desktop,9
S1007438,SES02927,2026-05-22T02:31:34Z,KHI,SKT,2026-05-26,1,desktop,21
S1006743,SES02141,2026-05-22T02:38:23Z,KHI,LHE,2026-07-30,1,android,2
S1002865,SES00181,2026-05-22T02:45:43Z,LHE,DXB,2026-05-28,2,ios,41
S1001624,SES03043,2026-05-22T02:52:33Z,ISB,PEW,2026-07-29,2,mobile_web,30
S1005025,SES02601,2026-05-22T03:26:27Z,PEW,SHJ,2026-08-20,3,android,22
S1001307,SES00655,2026-05-22T03:32:23Z,DXB,ISB,2026-09-04,1,mobile_web,9
S1001862,SES03122,2026-05-22T03:32:40Z,PEW,SHJ,2026-06-21,1,android,29
S1002235,SES00821,2026-05-22T03:44:33Z,ISB,KHI,2026-08-16,1,android,15
S1003279,SES00811,2026-05-22T03:45:31Z,KHI,DXB,2026-05-24,3,bot,40
S1005877,SES00812,2026-05-22T03:56:48Z,KHI,ISB,2026-09-06,1,android,44
S9938095,SES00823,2026-05-22T04:14:36Z,LHE,DXB,2026-05-30,4,android,13
S1005494,SES00717,2026-05-22T04:16:23Z,LHE,ISB,2026-06-20,2,desktop,10
S1004022,SES02753,2026-05-22T04:16:32Z,KHI,SKT,2026-05-30,2,android,46
S1007081,SES00649,2026-05-22T04:19:04Z,ISB,PEW,2026-08-05,4,mobile_web,33
S1007352,SES00783,2026-05-22T04:22:48Z,KHI,ISB,2026-08-14,2,desktop,22
S1004133,SES01506,2026-05-22T04:40:34Z,KHI,DXB,2026-06-04,1,android,32
S1000076,SES01900,2026-05-22T04:42:27Z,KHI,LHE,2026-08-01,3,android,9
S1005283,SES01318,2026-05-22T04:42:57Z,LHE,DXB,2026-09-13,1,ios,42
S1007484,SES01498,2026-05-22T04:47:14Z,DXB,ISB,2026-08-16,3,ios,41
S1006870,SES00013,2026-05-22T04:47:34Z,PEW,SHJ,2026-07-02,2,mobile_web,21
S1005243,SES00652,2026-05-22T05:07:11Z,KHI,MUX,2026-08-02,4,mobile_web,32
S1005547,SES02988,2026-05-22T05:09:13Z,KHI,ISB,2026-07-11,4,desktop,11
S1002147,SES03271,2026-05-22T05:17:36Z,KHI,MUX,2026-07-29,3,ios,21
S1000495,SES00742,2026-05-22T05:23:51Z,KHI,UET,2026-07-03,1,android,10
S1002823,SES03169,2026-05-22T05:36:50Z,ISB,KHI,2026-08-03,3,desktop,47
S1000271,SES01949,2026-05-22T05:37:41Z,ISB,SHJ,2026-06-11,1,android,24
S1001745,SES00284,2026-05-22T05:53:31Z,KHI,ISB,2026-05-28,1,bot,36
S1003021,SES02373,2026-05-22T06:01:50Z,LHE,SHJ,2026-06-12,2,android,24
S1002821,SES00537,2026-05-22T06:23:35Z,PEW,DXB,2026-09-13,3,desktop,18
S1004684,SES00720,2026-05-22T06:56:31Z,ISB,KHI,2026-06-01,3,android,30
S1001134,SES01475,2026-05-22T06:58:55Z,KHI,JED,2026-09-12,1,desktop,26
S1000717,SES03380,2026-05-22T07:00:13Z,LHE,DXB,2026-08-27,1,desktop,0
S1000291,SES01854,2026-05-22T07:02:22Z,DXB,LHE,2026-07-09,1,desktop,11
S1006683,SES03209,2026-05-22T07:13:52Z,KHI,ISB,2026-08-20,1,bot,43
S1007680,SES00935,2026-05-22T07:40:24Z,KHI,SHJ,2026-06-12,1,ios,9
S1006806,SES00841,2026-05-22T07:46:00Z,ISB,PEW,2026-06-08,4,android,16
S1007559,SES01227,2026-05-22T07:56:06Z,ISB,SHJ,2026-06-14,3,ios,36
S1002585,SES00558,2026-05-22T08:18:43Z,KHI,LHE,2026-06-19,2,android,22
S1004253,SES00627,2026-05-22T08:41:12Z,KHI,LHE,2026-06-08,1,desktop,48
S1004243,SES00255,2026-05-22T08:43:49Z,ISB,SHJ,2026-08-02,1,android,4
S1007521,SES01042,2026-05-22T08:49:36Z,ISB,KHI,2026-09-16,1,bot,28
S1001934,SES00132,2026-05-22T09:08:01Z,SHJ,LHE,2026-06-02,1,android,36
S1001163,SES00486,2026-05-22T09:23:21Z,DXB,KHI,2026-08-12,1,mobile_web,7
S1000091,SES01978,2026-05-22T09:27:28Z,ISB,SHJ,2026-05-24,1,desktop,46
S1002880,SES02978,2026-05-22T09:29:36Z,LHE,DXB,2026-07-22,1,android,16
S1005691,SES03369,2026-05-22T09:32:42Z,KHI,LHE,2026-06-29,2,android,10
S1001008,SES03341,2026-05-22T09:35:12Z,KHI,LHE,2026-09-11,1,desktop,46
S1007215,SES02422,2026-05-22T09:38:18Z,KHI,ISB,2026-07-13,1,ios,19
S1003538,SES02338,2026-05-22T10:20:54Z,KHI,SKT,2026-08-08,1,mobile_web,46
S1000851,SES01687,2026-05-22T10:26:40Z,KHI,SKT,2026-08-14,3,desktop,43
S1000840,SES03089,2026-05-22T11:15:02Z,ISB,SHJ,2026-09-14,3,android,14
S1001212,SES01602,2026-05-22T11:32:09Z,ISB,KHI,2026-09-15,1,ios,4
S1003756,SES02767,2026-05-22T11:36:41Z,KHI,MUX,2026-08-09,1,mobile_web,29
S1001324,SES01040,2026-05-22T11:51:48Z,KHI,DXB,2026-06-09,4,android,42
S1004999,SES01618,2026-05-22T12:20:26Z,PEW,SHJ,2026-07-24,1,mobile_web,11
S1006060,SES02177,2026-05-22T12:26:30Z,ISB,DXB,2026-07-11,1,android,47
S1004602,SES00367,2026-05-22T12:28:45Z,LHE,SHJ,2026-08-25,1,android,43
S1006239,SES00370,2026-05-22T12:35:46Z,ISB,DXB,2026-08-29,3,ios,10
S1004197,SES02102,2026-05-22T12:40:58Z,LHE,KHI,2026-06-13,1,desktop,17
S9855392,SES03060,2026-05-22T13:08:28Z,KHI,MUX,2026-06-02,4,android,11
S9266939,SES01604,2026-05-22T13:13:21Z,LHE,DXB,2026-05-28,2,desktop,11
S1006385,SES01548,2026-05-22T13:31:22Z,LHE,ISB,2026-06-06,1,desktop,30
S1000991,SES02732,2026-05-22T13:48:43Z,KHI,ISB,2026-08-07,1,android,40
S1004519,SES03204,2026-05-22T14:05:20Z,LHE,DXB,2026-09-04,2,bot,23
S1002442,SES01781,2026-05-22T14:44:20Z,LHR,ISB,2026-07-06,2,android,31
S1007383,SES00642,2026-05-22T14:47:29Z,LHR,ISB,2026-09-14,2,android,27
S1002347,SES00567,2026-05-22T15:16:41Z,LHE,KHI,2026-05-25,1,mobile_web,13
S1001466,SES02007,2026-05-22T15:18:11Z,ISB,KHI,2026-07-04,1,android,40
S1002103,SES02947,2026-05-22T15:41:38Z,KHI,LHE,2026-08-30,1,mobile_web,8
S1002982,SES02184,2026-05-22T15:51:10Z,LHE,SHJ,2026-08-10,1,ios,23
S1007037,SES01868,2026-05-22T15:57:42Z,LHE,DXB,2026-08-16,2,android,28
S1005717,SES03013,2026-05-22T16:27:32Z,KHI,ISB,2026-07-18,1,android,15
S1007606,SES00382,2026-05-22T16:29:06Z,ISB,KHI,2026-06-10,1,ios,42
S1003696,SES00643,2026-05-22T16:35:39Z,LHE,ISB,2026-08-21,2,mobile_web,44
S1001554,SES01874,2026-05-22T16:37:04Z,LHE,ISB,2026-06-10,1,mobile_web,37
S1000949,SES00472,2026-05-22T16:51:52Z,PEW,DXB,2026-08-11,1,android,1
S1003079,SES01690,2026-05-22T17:12:49Z,SHJ,LHE,2026-05-27,1,android,47
S1000224,SES01737,2026-05-22T17:30:22Z,SHJ,LHE,2026-09-15,2,android,14
S1000736,SES01362,2026-05-22T17:32:18Z,ISB,DXB,2026-08-21,1,android,1
S1006770,SES02852,2026-05-22T17:54:37Z,LHE,SHJ,2026-09-15,1,mobile_web,20
S1006173,SES03353,2026-05-22T18:03:19Z,SHJ,LHE,2026-08-31,1,desktop,3
S1007000,SES00145,2026-05-22T18:16:50Z,KHI,LHE,2026-08-16,1,desktop,45
S1007820,SES02168,2026-05-22T18:29:13Z,KHI,SHJ,2026-07-15,2,android,26
S1000318,SES03025,2026-05-22T18:44:12Z,ISB,KHI,2026-09-05,4,mobile_web,29
S1005934,SES00838,2026-05-22T18:50:18Z,KHI,DXB,2026-09-04,1,android,9
S1002310,SES01937,2026-05-22T19:21:17Z,PEW,DXB,2026-06-06,1,android,26
S1007944,SES03108,2026-05-22T19:27:45Z,DXB,ISB,2026-09-05,2,desktop,21
S1006361,SES02852,2026-05-22T19:29:45Z,ISB,PEW,2026-09-07,1,android,16
S1006114,SES02973,2026-05-22T19:31:29Z,ISB,SHJ,2026-07-30,2,desktop,43
S1007540,SES01363,2026-05-22T19:34:53Z,KHI,JED,2026-07-23,1,desktop,17
S1003090,SES00145,2026-05-22T19:39:13Z,LHE,KHI,2026-07-07,1,android,8
S1002129,SES01985,2026-05-22T19:44:05Z,LHE,SHJ,2026-06-13,1,mobile_web,22
S1007481,SES01265,2026-05-22T19:47:34Z,ISB,KHI,2026-07-19,4,mobile_web,2
S1007637,SES03110,2026-05-22T20:05:02Z,LHE,ISB,2026-09-07,1,desktop,13
S1005967,SES02916,2026-05-22T20:08:36Z,ISB,SHJ,2026-07-20,1,mobile_web,6
S1002564,SES01094,2026-05-22T20:16:51Z,LHE,ISB,2026-08-07,4,android,19
S1004854,SES01309,2026-05-22T20:26:30Z,PEW,DXB,2026-05-23,3,android,32
S1005210,SES01062,2026-05-22T20:52:45Z,ISB,SHJ,2026-07-21,1,desktop,19
S1004859,SES01212,2026-05-22T20:59:15Z,ISB,LHR,2026-08-04,1,desktop,14
S1005256,SES01012,2026-05-22T21:08:49Z,KHI,SKT,2026-09-18,4,android,7
S1003716,SES01602,2026-05-22T21:14:20Z,KHI,DXB,2026-07-26,4,desktop,3
S1000010,SES00248,2026-05-22T21:26:48Z,LHE,ISB,2026-08-18,3,android,41
S1002771,SES02764,2026-05-22T21:31:04Z,KHI,ISB,2026-08-18,1,android,37
S1004215,SES01496,2026-05-22T21:43:38Z,LHE,DXB,2026-06-22,1,mobile_web,34
S1003396,SES01359,2026-05-22T21:50:23Z,PEW,SHJ,2026-07-31,1,desktop,6
S1006499,SES01169,2026-05-22T21:50:58Z,ISB,KHI,2026-06-12,1,android,26
S1000950,SES03277,2026-05-22T22:17:01Z,KHI,LHE,2026-07-26,3,android,16
S1007875,SES02092,2026-05-22T22:26:01Z,LHE,JED,2026-08-04,1,ios,23
S1000046,SES02853,2026-05-22T22:31:08Z,SHJ,KHI,2026-09-18,1,mobile_web,33
S1005958,SES03136,2026-05-22T22:35:58Z,KHI,SHJ,2026-06-07,2,mobile_web,21
S1004864,SES00090,2026-05-22T23:02:35Z,LHE,DXB,2026-08-28,3,desktop,33
S1002216,SES01841,2026-05-22T23:05:38Z,PEW,SHJ,2026-06-25,1,android,21
S1000053,SES00694,2026-05-22T23:22:07Z,KHI,LHE,2026-07-10,3,desktop,32
S1006210,SES00548,2026-05-22T23:24:32Z,KHI,PEW,2026-07-25,1,android,46
S1005155,SES01885,2026-05-22T23:25:04Z,LHE,DXB,2026-08-13,1,android,44
S1000546,SES03091,2026-05-22T23:28:45Z,LHE,ISB,2026-06-15,3,android,39
S1006422,SES00981,2026-05-22T23:39:15Z,LHR,ISB,2026-09-08,4,android,21
S1003065,SES01837,2026-05-22T23:53:15Z,ISB,PEW,2026-08-19,2,android,41
S1004472,SES01525,2026-05-22T23:59:07Z,LHE,ISB,2026-07-12,2,mobile_web,32
S1003695,SES00307,2026-05-23T00:06:43Z,KHI,ISB,2026-08-25,1,mobile_web,14
S1003209,SES01637,2026-05-23T00:36:04Z,LHE,DXB,2026-06-18,2,android,43
S1004446,SES02574,2026-05-23T00:38:28Z,ISB,LHE,2026-07-20,2,ios,2
S1006631,SES00279,2026-05-23T00:44:16Z,SHJ,LHE,2026-09-11,1,mobile_web,2
S1006936,SES02866,2026-05-23T00:48:53Z,KHI,ISB,2026-06-22,1,ios,7
S1000317,SES02544,2026-05-23T01:06:14Z,KHI,MUX,2026-08-02,1,android,43
S1005776,SES02433,2026-05-23T01:13:59Z,KHI,ISB,2026-06-12,3,android,38
S1007937,SES02493,2026-05-23T01:14:13Z,DXB,KHI,2026-08-06,1,desktop,36
S1005415,SES01064,2026-05-23T01:19:03Z,KHI,ISB,2026-07-02,4,desktop,23
S1006157,SES01566,2026-05-23T02:25:20Z,KHI,LHE,2026-07-06,1,android,15
S1001367,SES03277,2026-05-23T02:28:58Z,KHI,DXB,2026-07-11,2,android,43
S1003698,SES00602,2026-05-23T02:39:01Z,KHI,LHE,2026-05-30,3,android,4
S1000429,SES01292,2026-05-23T02:46:01Z,ISB,KHI,2026-08-21,3,desktop,30
S1004845,SES03005,2026-05-23T02:49:55Z,KHI,LHE,2026-06-20,2,android,23
S1006757,SES00509,2026-05-23T03:13:22Z,ISB,KHI,2026-06-15,1,ios,0
S1006319,SES03043,2026-05-23T03:14:07Z,ISB,PEW,2026-06-07,1,mobile_web,7
S1001155,SES01696,2026-05-23T03:43:01Z,ISB,KHI,2026-07-13,1,android,17
S1004544,SES01039,2026-05-23T04:00:34Z,ISB,KHI,2026-08-12,1,android,10
S1004015,SES03351,2026-05-23T04:11:23Z,ISB,KHI,2026-08-07,1,ios,5
S1006665,SES00149,2026-05-23T04:27:28Z,KHI,LHE,2026-08-15,1,bot,11
S1004457,SES03162,2026-05-23T04:33:34Z,KHI,ISB,2026-08-28,3,desktop,29
S1004511,SES02429,2026-05-23T04:35:15Z,DXB,ISB,2026-06-07,1,android,25
S1005265,SES02472,2026-05-23T04:39:22Z,ISB,SHJ,2026-06-02,1,android,35
S1001368,SES02909,2026-05-23T04:59:03Z,KHI,PEW,2026-09-17,2,desktop,10
S9503666,SES02318,2026-05-23T05:04:38Z,KHI,LHE,2026-06-08,1,android,21
S1004369,SES00641,2026-05-23T05:24:30Z,KHI,LHE,2026-05-29,2,mobile_web,15
S1004270,SES03318,2026-05-23T05:46:06Z,KHI,JED,2026-06-13,1,mobile_web,11
S1002635,SES03159,2026-05-23T05:51:10Z,LHE,DXB,2026-06-22,1,ios,21
S9857988,SES01973,2026-05-23T06:04:52Z,KHI,JED,2026-06-02,6,desktop,22
S1001012,SES02683,2026-05-23T06:06:59Z,ISB,SHJ,2026-06-16,2,android,33
S9481392,SES01732,2026-05-23T06:20:54Z,KHI,JED,2026-05-25,1,desktop,7
S1006981,SES01663,2026-05-23T06:29:27Z,KHI,PEW,2026-05-31,2,android,0
S1000909,SES01461,2026-05-23T06:43:50Z,KHI,LHE,2026-08-03,1,ios,38
S1001867,SES01949,2026-05-23T07:02:01Z,KHI,ISB,2026-06-15,3,desktop,16
S1004144,SES03194,2026-05-23T07:03:46Z,LHE,DXB,2026-05-24,1,desktop,22
S1004763,SES01397,2026-05-23T07:05:11Z,KHI,LHE,2026-09-11,3,android,44
S1007104,SES03260,2026-05-23T07:24:43Z,DXB,ISB,2026-07-25,3,android,6
S1007729,SES00547,2026-05-23T07:45:55Z,KHI,LHE,2026-06-15,4,bot,28
S1005276,SES00344,2026-05-23T07:55:28Z,KHI,SKT,2026-06-13,2,desktop,34
S1001144,SES02552,2026-05-23T08:05:59Z,SHJ,KHI,2026-08-08,1,android,18
S1002482,SES02829,2026-05-23T08:31:06Z,KHI,LHE,2026-09-16,2,desktop,47
S1005738,SES03242,2026-05-23T08:45:03Z,KHI,LHE,2026-06-20,4,android,35
S1001950,SES00579,2026-05-23T09:05:39Z,KHI,SKT,2026-08-13,1,desktop,14
S1006230,SES02155,2026-05-23T09:19:03Z,ISB,LHE,2026-06-10,2,bot,5
S9630471,SES01076,2026-05-23T09:22:33Z,ISB,KHI,2026-05-29,1,android,38
S1005046,SES00132,2026-05-23T09:24:16Z,LHE,DXB,2026-06-18,1,android,2
S1003386,SES03098,2026-05-23T10:01:02Z,KHI,MUX,2026-07-14,2,desktop,40
S1002219,SES01047,2026-05-23T10:02:28Z,KHI,LHE,2026-06-04,1,android,8
S1006358,SES00273,2026-05-23T10:12:29Z,KHI,LHE,2026-08-11,3,mobile_web,9
S1002680,SES00095,2026-05-23T10:14:15Z,KHI,SKT,2026-06-12,1,ios,31
S1004819,SES02577,2026-05-23T10:25:26Z,LHR,ISB,2026-08-18,2,android,17
S9611790,SES01095,2026-05-23T10:44:13Z,KHI,UET,2026-05-27,1,desktop,22
S1000987,SES01068,2026-05-23T11:01:20Z,LHE,KHI,2026-06-04,3,mobile_web,44
S1000518,SES01006,2026-05-23T11:04:01Z,KHI,SHJ,2026-07-19,2,android,4
S1000912,SES03328,2026-05-23T11:04:37Z,KHI,DXB,2026-09-08,4,android,11
S1006272,SES02911,2026-05-23T11:09:46Z,LHE,ISB,2026-06-28,1,android,48
S1002752,SES02307,2026-05-23T11:41:59Z,LHE,DXB,2026-08-13,1,mobile_web,35
S1006522,SES01113,2026-05-23T11:47:50Z,KHI,ISB,2026-06-18,2,mobile_web,46
S1005355,SES01362,2026-05-23T12:22:27Z,LHE,ISB,2026-08-22,2,ios,48
S1000283,SES03034,2026-05-23T12:27:15Z,DXB,KHI,2026-09-17,1,ios,14
S1002282,SES00497,2026-05-23T12:42:11Z,KHI,JED,2026-08-05,4,android,32
S1000849,SES02591,2026-05-23T12:53:04Z,KHI,SKT,2026-07-15,3,desktop,7
S1007682,SES03187,2026-05-23T12:59:52Z,PEW,DXB,2026-06-01,1,ios,5
S1007890,SES00368,2026-05-23T13:01:20Z,KHI,LHE,2026-08-01,1,ios,15
S1003457,SES01027,2026-05-23T13:02:55Z,PEW,DXB,2026-07-10,2,mobile_web,20
S1000348,SES01476,2026-05-23T13:05:38Z,DXB,LHE,2026-06-26,1,android,46
S1000493,SES02745,2026-05-23T13:11:27Z,KHI,SKT,2026-07-23,3,desktop,27
S1007863,SES02029,2026-05-23T13:20:07Z,KHI,SKT,2026-05-25,2,desktop,39
S1001993,SES00836,2026-05-23T13:27:11Z,KHI,SHJ,2026-07-26,1,desktop,3
S1002850,SES03091,2026-05-23T13:27:23Z,KHI,PEW,2026-08-13,1,bot,1
S1005258,SES01765,2026-05-23T13:29:40Z,LHE,DXB,2026-06-11,2,android,33
S1005281,SES03277,2026-05-23T13:31:56Z,KHI,LHE,2026-08-28,3,android,35
S1007127,SES01147,2026-05-23T13:36:17Z,LHE,ISB,2026-09-08,2,android,13
S1003856,SES03306,2026-05-23T13:37:08Z,KHI,SHJ,2026-06-23,1,desktop,15
S1003699,SES01789,2026-05-23T13:41:05Z,KHI,LHE,2026-06-09,1,android,15
S1002780,SES01077,2026-05-23T13:51:51Z,KHI,DXB,2026-06-09,2,mobile_web,47
S1003411,SES00800,2026-05-23T13:54:24Z,KHI,ISB,2026-07-10,4,android,20
S1002272,SES03321,2026-05-23T14:05:12Z,ISB,SHJ,2026-08-14,3,desktop,8
S1006602,SES01188,2026-05-23T14:12:28Z,KHI,ISB,2026-07-13,1,desktop,0
S1002186,SES02645,2026-05-23T14:13:41Z,KHI,DXB,2026-09-09,1,desktop,25
S1001138,SES00007,2026-05-23T14:16:31Z,DXB,ISB,2026-06-29,1,mobile_web,3
S1005292,SES01391,2026-05-23T14:20:05Z,ISB,LHR,2026-09-10,2,android,17
S1001815,SES01076,2026-05-23T14:20:19Z,ISB,SHJ,2026-09-15,1,desktop,31
S1000979,SES02561,2026-05-23T14:34:27Z,KHI,UET,2026-06-09,3,ios,25
S1000918,SES03035,2026-05-23T14:49:04Z,DXB,LHE,2026-09-06,1,mobile_web,12
S1005065,SES00550,2026-05-23T14:58:48Z,ISB,LHE,2026-09-15,2,bot,2
S1002683,SES01256,2026-05-23T14:59:33Z,LHE,DXB,2026-08-10,2,bot,44
S1000876,SES02878,2026-05-23T15:18:15Z,DXB,ISB,2026-06-23,1,android,37
S1006018,SES01574,2026-05-23T15:20:56Z,KHI,LHE,2026-08-21,1,desktop,41
S1007193,SES01797,2026-05-23T15:26:31Z,ISB,KHI,2026-07-14,1,android,48
S1003916,SES02335,2026-05-23T15:29:19Z,ISB,SHJ,2026-06-04,1,desktop,38
S1001398,SES00018,2026-05-23T15:29:42Z,ISB,KHI,2026-06-01,1,android,29
S1006583,SES01499,2026-05-23T15:31:10Z,SHJ,LHE,2026-09-15,4,android,3
S1002567,SES00931,2026-05-23T15:47:21Z,ISB,SHJ,2026-07-30,1,ios,7
S1004749,SES01146,2026-05-23T15:50:26Z,KHI,DXB,2026-06-22,1,android,40
S1004995,SES02140,2026-05-23T16:57:41Z,KHI,LHE,2026-06-09,3,bot,14
S1007741,SES03202,2026-05-23T16:58:39Z,KHI,PEW,2026-06-22,4,android,32
S1000828,SES00267,2026-05-23T17:07:09Z,SHJ,LHE,2026-07-23,3,android,9
S1007424,SES01642,2026-05-23T17:14:11Z,KHI,SHJ,2026-09-10,1,mobile_web,28
S1002719,SES01017,2026-05-23T18:08:39Z,ISB,KHI,2026-09-17,1,desktop,3
S9918885,SES02305,2026-05-23T18:13:32Z,PEW,DXB,2026-05-26,1,android,16
S1006890,SES00361,2026-05-23T18:36:31Z,KHI,SHJ,2026-08-07,1,ios,18
S1007557,SES02318,2026-05-23T18:36:44Z,KHI,LHE,2026-07-28,1,android,43
S1000906,SES02230,2026-05-23T18:39:52Z,LHE,SHJ,2026-07-07,2,android,5
S1001229,SES02721,2026-05-23T18:41:04Z,LHE,SHJ,2026-07-24,1,desktop,14
S1002848,SES03085,2026-05-23T18:41:34Z,LHE,ISB,2026-05-31,4,desktop,47
S1000808,SES01669,2026-05-23T18:42:37Z,PEW,SHJ,2026-06-17,1,desktop,37
S1004614,SES01919,2026-05-23T18:44:10Z,LHE,JED,2026-07-28,3,mobile_web,3
S1002846,SES02729,2026-05-23T18:58:58Z,PEW,SHJ,2026-06-16,1,desktop,46
S1006362,SES02308,2026-05-23T19:11:43Z,LHE,DXB,2026-07-13,1,ios,7
S1007380,SES03270,2026-05-23T19:18:56Z,ISB,LHR,2026-06-12,1,bot,21
S1006462,SES00174,2026-05-23T19:34:01Z,KHI,LHE,2026-06-12,3,android,21
S1002043,SES00886,2026-05-23T19:48:21Z,LHE,SHJ,2026-07-02,2,mobile_web,44
S1002353,SES00505,2026-05-23T19:48:59Z,LHE,ISB,2026-05-27,1,ios,8
S1006512,SES02386,2026-05-23T19:50:08Z,LHE,DXB,2026-07-23,2,desktop,6
S1001674,SES02046,2026-05-23T19:52:01Z,ISB,LHE,2026-06-15,1,bot,27
S1006700,SES00719,2026-05-23T20:01:35Z,SHJ,LHE,2026-07-04,3,desktop,44
S1001386,SES02498,2026-05-23T20:32:00Z,KHI,SHJ,2026-07-02,2,mobile_web,0
S1002176,SES01280,2026-05-23T20:45:45Z,ISB,PEW,2026-07-10,1,ios,41
S1005492,SES00105,2026-05-23T20:55:27Z,KHI,LHE,2026-06-09,4,android,6
S1006455,SES02397,2026-05-23T20:59:56Z,PEW,DXB,2026-08-26,2,mobile_web,0
S1000974,SES02023,2026-05-23T21:02:38Z,KHI,SHJ,2026-07-12,1,desktop,35
S1005904,SES02749,2026-05-23T21:06:45Z,KHI,LHE,2026-09-20,1,android,29
S1000502,SES01252,2026-05-23T21:11:14Z,SHJ,LHE,2026-09-08,2,android,23
S1005226,SES01755,2026-05-23T21:18:40Z,LHE,ISB,2026-06-16,1,desktop,16
S1003924,SES02473,2026-05-23T21:34:14Z,KHI,LHE,2026-07-26,2,ios,24
S1007797,SES02820,2026-05-23T21:34:41Z,KHI,DXB,2026-07-26,2,desktop,43
S1004145,SES03132,2026-05-23T21:36:16Z,PEW,DXB,2026-08-18,2,android,32
S9953821,SES02339,2026-05-23T21:56:49Z,KHI,ISB,2026-06-12,3,desktop,39
S1007923,SES01976,2026-05-23T22:11:45Z,LHE,ISB,2026-07-14,3,android,20
S1004596,SES00833,2026-05-23T22:11:57Z,KHI,LHE,2026-08-24,2,mobile_web,19
S1006629,SES03281,2026-05-23T22:24:14Z,KHI,LHE,2026-06-10,1,ios,22
S1000278,SES01063,2026-05-23T22:24:28Z,KHI,ISB,2026-08-02,1,mobile_web,12
S1005929,SES01444,2026-05-23T22:38:42Z,DXB,ISB,2026-07-23,3,android,36
S1007164,SES01726,2026-05-23T22:42:34Z,LHE,DXB,2026-09-10,1,mobile_web,2
S1000870,SES00852,2026-05-23T22:43:45Z,KHI,LHE,2026-09-09,1,android,48
S1004275,SES01971,2026-05-23T22:52:47Z,ISB,SHJ,2026-09-06,1,android,41
S1007812,SES00196,2026-05-23T23:16:43Z,KHI,DXB,2026-05-28,1,ios,43
S1003843,SES03315,2026-05-23T23:17:31Z,DXB,KHI,2026-07-19,1,android,5
S1001181,SES02047,2026-05-24T00:22:46Z,KHI,ISB,2026-08-31,3,android,13
S1007814,SES00115,2026-05-24T00:29:55Z,DXB,KHI,2026-07-27,1,mobile_web,8
S1001981,SES01607,2026-05-24T00:33:20Z,DXB,ISB,2026-07-17,1,mobile_web,9
S1006020,SES01601,2026-05-24T00:48:49Z,LHE,JED,2026-06-02,2,ios,15
S1005327,SES00415,2026-05-24T00:55:43Z,KHI,LHE,2026-08-18,1,android,4
S1003968,SES01807,2026-05-24T01:01:25Z,LHR,ISB,2026-09-16,2,desktop,42
S1001705,SES01132,2026-05-24T01:19:55Z,KHI,ISB,2026-07-03,2,android,32
S1005395,SES02572,2026-05-24T01:51:59Z,KHI,LHE,2026-09-09,3,desktop,36
S1006180,SES00360,2026-05-24T01:52:07Z,ISB,LHE,2026-07-02,3,desktop,47
S1006924,SES02598,2026-05-24T01:56:31Z,KHI,DXB,2026-06-28,1,android,12
S1002620,SES02855,2026-05-24T02:05:02Z,KHI,SHJ,2026-05-29,2,ios,17
S1004385,SES01772,2026-05-24T02:23:51Z,KHI,ISB,2026-07-02,1,desktop,10
S1005911,SES03379,2026-05-24T02:25:46Z,LHE,SHJ,2026-07-14,1,android,1
S1001700,SES03008,2026-05-24T02:40:03Z,LHE,SHJ,2026-08-29,1,ios,43
S1003467,SES01333,2026-05-24T02:50:06Z,KHI,LHE,2026-09-16,1,android,8
S1001414,SES02005,2026-05-24T03:03:53Z,LHE,KHI,2026-07-22,4,android,6
S1005398,SES00433,2026-05-24T03:05:21Z,SHJ,KHI,2026-06-05,3,mobile_web,3
S1000366,SES02582,2026-05-24T04:00:09Z,KHI,SHJ,2026-09-11,1,ios,39
S1005045,SES00638,2026-05-24T04:01:41Z,LHE,DXB,2026-07-05,4,desktop,1
S1000273,SES01934,2026-05-24T04:25:45Z,KHI,MUX,2026-06-16,1,android,34
S1004176,SES02610,2026-05-24T04:52:28Z,LHE,KHI,2026-06-01,1,ios,16
S1000290,SES00432,2026-05-24T05:12:22Z,LHE,SHJ,2026-08-14,1,ios,6
S1000814,SES03348,2026-05-24T05:34:36Z,KHI,LHE,2026-06-20,3,desktop,36
S1001581,SES01590,2026-05-24T05:40:10Z,ISB,PEW,2026-09-15,1,bot,1
S1004998,SES03309,2026-05-24T05:40:32Z,ISB,SHJ,2026-07-24,2,desktop,41
S1002695,SES01598,2026-05-24T05:58:09Z,LHE,ISB,2026-06-05,1,ios,39
S1001387,SES02648,2026-05-24T06:00:41Z,LHE,ISB,2026-09-17,1,mobile_web,28
S1004342,SES02252,2026-05-24T06:09:09Z,LHE,SHJ,2026-07-10,2,bot,18
S1003584,SES02812,2026-05-24T06:12:41Z,KHI,PEW,2026-06-20,4,ios,40
S1006424,SES02870,2026-05-24T06:20:34Z,KHI,LHE,2026-08-03,2,desktop,25
S1003882,SES00547,2026-05-24T06:33:18Z,SHJ,LHE,2026-08-13,1,ios,13
S1004832,SES01692,2026-05-24T06:53:48Z,KHI,ISB,2026-06-19,1,desktop,0
S9666180,SES00725,2026-05-24T06:54:05Z,LHE,SHJ,2026-05-25,1,desktop,20
S1004356,SES00567,2026-05-24T07:00:07Z,LHE,SHJ,2026-08-09,4,ios,32
S1002692,SES01733,2026-05-24T07:12:01Z,KHI,LHE,2026-08-04,2,android,14
S1000017,SES02001,2026-05-24T07:53:08Z,KHI,ISB,2026-07-10,1,android,26
S1001849,SES00576,2026-05-24T08:04:33Z,KHI,SKT,2026-07-20,1,desktop,39
S1006309,SES01088,2026-05-24T08:11:20Z,LHE,KHI,2026-08-08,4,desktop,8
S1001207,SES03217,2026-05-24T08:15:58Z,LHE,ISB,2026-08-17,1,desktop,27
S1005677,SES01655,2026-05-24T08:29:25Z,LHE,DXB,2026-06-02,3,android,27
S1004219,SES00086,2026-05-24T09:00:54Z,ISB,KHI,2026-08-25,1,ios,23
S1003054,SES01830,2026-05-24T09:15:36Z,DXB,ISB,2026-06-21,2,desktop,36
S1000469,SES01811,2026-05-24T09:36:55Z,KHI,LHE,2026-09-16,2,bot,15
S1002526,SES01563,2026-05-24T09:38:25Z,LHE,ISB,2026-06-15,1,ios,39
S9770141,SES02912,2026-05-24T09:41:24Z,KHI,SHJ,2026-05-31,3,desktop,21
S9214388,SES01507,2026-05-24T09:57:53Z,LHE,JED,2026-06-01,1,android,32
S1004127,SES00947,2026-05-24T10:34:31Z,KHI,LHE,2026-09-07,2,android,5
S1006047,SES01396,2026-05-24T10:34:51Z,KHI,DXB,2026-06-08,4,android,28
S1000880,SES00577,2026-05-24T10:43:29Z,KHI,LHE,2026-06-18,2,android,1
S1003057,SES01163,2026-05-24T11:12:09Z,KHI,ISB,2026-07-26,2,android,45
S1007429,SES02039,2026-05-24T11:26:26Z,DXB,ISB,2026-06-04,1,mobile_web,23
S1000694,SES01997,2026-05-24T11:41:19Z,ISB,KHI,2026-06-09,1,android,37
S1002918,SES01815,2026-05-24T11:53:55Z,DXB,ISB,2026-06-05,2,android,39
S1004238,SES01960,2026-05-24T12:00:14Z,LHE,DXB,2026-05-29,1,android,33
S1005812,SES01925,2026-05-24T12:04:55Z,ISB,SHJ,2026-07-24,4,ios,22
S1001550,SES01264,2026-05-24T12:15:11Z,ISB,PEW,2026-06-03,1,android,14
S1001168,SES02530,2026-05-24T12:19:43Z,LHE,SHJ,2026-07-01,2,android,27
S1005022,SES01032,2026-05-24T12:20:17Z,KHI,ISB,2026-08-20,2,ios,19
S1003760,SES02558,2026-05-24T12:24:17Z,KHI,SHJ,2026-09-02,2,android,27
S1007997,SES01700,2026-05-24T12:29:23Z,KHI,LHE,2026-09-05,2,android,21
S9935403,SES00030,2026-05-24T12:34:56Z,ISB,PEW,2026-05-31,1,desktop,27
S9443897,SES00735,2026-05-24T12:36:32Z,ISB,LHE,2026-06-11,2,desktop,32
S1003046,SES01289,2026-05-24T12:48:41Z,KHI,SKT,2026-09-14,1,android,33
S1001448,SES00775,2026-05-24T12:53:47Z,KHI,LHE,2026-06-17,3,ios,28
S1007588,SES03280,2026-05-24T12:59:24Z,ISB,PEW,2026-07-20,4,android,25
S1000966,SES02323,2026-05-24T13:15:38Z,SHJ,LHE,2026-09-13,2,ios,7
S1004006,SES02985,2026-05-24T13:16:45Z,ISB,KHI,2026-07-29,3,android,39
S1003930,SES02644,2026-05-24T13:20:26Z,PEW,SHJ,2026-06-10,2,desktop,43
S1007689,SES00933,2026-05-24T13:29:08Z,ISB,KHI,2026-07-03,2,ios,1
S1003901,SES02739,2026-05-24T13:36:31Z,LHE,JED,2026-08-07,4,ios,11
S1005746,SES01673,2026-05-24T13:41:20Z,KHI,LHE,2026-09-11,3,desktop,43
S1000989,SES00923,2026-05-24T13:48:19Z,DXB,LHE,2026-06-25,1,ios,27
S1003907,SES00876,2026-05-24T13:48:48Z,ISB,LHR,2026-09-11,1,android,2
S1005141,SES03280,2026-05-24T13:51:39Z,ISB,LHE,2026-08-13,1,android,26
S1004895,SES00976,2026-05-24T14:03:08Z,KHI,DXB,2026-07-17,3,android,34
S1005996,SES01869,2026-05-24T14:10:29Z,LHE,KHI,2026-06-11,4,android,41
S1006073,SES00787,2026-05-24T14:19:01Z,ISB,LHE,2026-09-06,1,mobile_web,3
S1006510,SES00694,2026-05-24T14:19:05Z,DXB,ISB,2026-06-20,2,desktop,22
S1005895,SES02585,2026-05-24T14:19:36Z,ISB,KHI,2026-08-26,1,android,21
S1001031,SES01047,2026-05-24T14:19:58Z,KHI,PEW,2026-07-12,1,bot,27
S1001850,SES00785,2026-05-24T14:24:08Z,ISB,KHI,2026-05-28,1,desktop,17
S1000158,SES00595,2026-05-24T14:31:17Z,KHI,ISB,2026-07-24,3,desktop,4
S1004434,SES03309,2026-05-24T15:04:25Z,PEW,SHJ,2026-06-09,1,android,27
S1004568,SES02125,2026-05-24T15:10:40Z,LHE,ISB,2026-08-12,1,android,16
S1001930,SES02282,2026-05-24T15:10:49Z,ISB,PEW,2026-08-18,1,mobile_web,43
S1001967,SES02674,2026-05-24T15:15:11Z,LHE,KHI,2026-07-28,2,ios,7
S1001602,SES00046,2026-05-24T15:29:55Z,KHI,SKT,2026-09-04,2,ios,0
S1007078,SES00716,2026-05-24T15:35:41Z,KHI,LHE,2026-07-11,2,bot,44
S1006744,SES00208,2026-05-24T15:40:08Z,LHE,JED,2026-07-06,1,ios,41
S9833325,SES00396,2026-05-24T15:44:59Z,KHI,UET,2026-06-01,1,android,11
S1004970,SES00965,2026-05-24T15:50:41Z,ISB,LHE,2026-07-20,4,android,46
S9368708,SES00816,2026-05-24T15:51:12Z,ISB,SHJ,2026-06-11,1,desktop,8
S1004175,SES01062,2026-05-24T16:06:28Z,SHJ,LHE,2026-07-31,3,android,2
S1004336,SES02375,2026-05-24T16:15:48Z,SHJ,KHI,2026-05-28,1,android,8
S1002145,SES00821,2026-05-24T16:18:40Z,KHI,MUX,2026-08-06,2,android,31
S1001251,SES01949,2026-05-24T16:20:44Z,ISB,KHI,2026-08-11,1,android,48
S1005082,SES02882,2026-05-24T16:28:32Z,KHI,LHE,2026-06-05,1,android,47
S1000873,SES02092,2026-05-24T16:38:53Z,KHI,MUX,2026-08-10,2,mobile_web,26
S1000293,SES02060,2026-05-24T16:49:05Z,KHI,ISB,2026-06-30,2,desktop,27
S1007897,SES00092,2026-05-24T17:13:28Z,KHI,SHJ,2026-05-26,2,ios,46
S1006859,SES01024,2026-05-24T17:34:44Z,ISB,KHI,2026-07-13,1,ios,28
S1003402,SES01961,2026-05-24T17:46:27Z,ISB,KHI,2026-08-01,1,android,11
S1006801,SES03225,2026-05-24T17:47:29Z,KHI,DXB,2026-06-28,1,mobile_web,0
S1007569,SES02257,2026-05-24T17:50:33Z,DXB,ISB,2026-07-21,3,android,47
S1006643,SES00201,2026-05-24T18:09:10Z,KHI,ISB,2026-06-28,1,ios,19
S1001757,SES02264,2026-05-24T18:12:07Z,ISB,KHI,2026-09-04,2,mobile_web,26
S1003704,SES03039,2026-05-24T18:16:26Z,SHJ,KHI,2026-07-14,3,desktop,30
S1007931,SES02681,2026-05-24T18:18:13Z,LHE,DXB,2026-07-20,1,desktop,13
S1005364,SES03340,2026-05-24T18:23:21Z,KHI,MUX,2026-05-25,2,mobile_web,23
S1002753,SES01681,2026-05-24T18:27:18Z,KHI,LHE,2026-08-26,2,mobile_web,38
S1007130,SES02500,2026-05-24T18:53:36Z,ISB,SHJ,2026-06-26,2,android,14
S1004625,SES01536,2026-05-24T18:54:34Z,DXB,LHE,2026-08-12,2,desktop,46
S1007948,SES01462,2026-05-24T18:56:15Z,KHI,DXB,2026-06-07,1,android,10
S1001655,SES03378,2026-05-24T19:13:10Z,LHE,DXB,2026-09-19,2,android,21
S1004008,SES00439,2026-05-24T19:21:19Z,KHI,LHE,2026-07-09,1,android,3
S1005853,SES01713,2026-05-24T19:37:42Z,ISB,PEW,2026-06-05,2,android,10
S1003477,SES01426,2026-05-24T19:50:56Z,KHI,ISB,2026-07-01,1,android,45
S1003300,SES00203,2026-05-24T20:04:56Z,SHJ,LHE,2026-05-25,1,desktop,32
S1004089,SES01823,2026-05-24T20:07:32Z,KHI,SHJ,2026-08-03,3,android,12
S1002744,SES02375,2026-05-24T20:44:09Z,KHI,LHE,2026-07-28,2,desktop,1
S1004128,SES02885,2026-05-24T20:53:10Z,LHR,ISB,2026-07-16,1,mobile_web,4
S1005326,SES01280,2026-05-24T20:56:59Z,DXB,ISB,2026-07-15,4,desktop,6
S1000565,SES03301,2026-05-24T20:58:22Z,KHI,ISB,2026-07-26,1,ios,11
S1004034,SES00937,2026-05-24T21:12:27Z,LHE,KHI,2026-09-07,4,desktop,6
S1005835,SES02070,2026-05-24T21:19:01Z,ISB,DXB,2026-09-20,1,android,47
S1001768,SES03161,2026-05-24T21:19:54Z,PEW,DXB,2026-07-16,1,desktop,10
S1006814,SES00083,2026-05-24T21:31:13Z,LHE,JED,2026-09-08,2,android,10
S1007331,SES00930,2026-05-24T21:36:10Z,KHI,LHE,2026-08-02,1,desktop,25
S1001906,SES03108,2026-05-24T21:39:28Z,KHI,MUX,2026-08-29,2,android,31
S1001686,SES00565,2026-05-24T21:56:01Z,KHI,ISB,2026-07-14,3,desktop,43
S1007950,SES01206,2026-05-24T21:58:20Z,SHJ,KHI,2026-08-07,1,desktop,16
S1001320,SES00844,2026-05-24T22:03:11Z,KHI,ISB,2026-09-13,3,android,37
S1004183,SES01582,2026-05-24T22:20:48Z,KHI,JED,2026-08-02,1,android,4
S1001813,SES03190,2026-05-24T22:28:50Z,KHI,SHJ,2026-06-17,1,mobile_web,8
S1003884,SES02526,2026-05-24T22:54:56Z,PEW,SHJ,2026-08-06,4,android,20
S1004964,SES01418,2026-05-24T22:59:15Z,KHI,ISB,2026-07-23,2,ios,16
S1002543,SES00549,2026-05-24T23:07:57Z,KHI,LHE,2026-08-27,2,android,3
S1000490,SES00574,2026-05-24T23:10:02Z,KHI,ISB,2026-08-18,2,android,5
S1005816,SES00946,2026-05-24T23:29:13Z,LHE,KHI,2026-07-21,1,android,6
S1002238,SES03214,2026-05-24T23:36:54Z,ISB,KHI,2026-09-18,1,android,31
S1006472,SES03212,2026-05-24T23:57:15Z,ISB,SHJ,2026-06-07,1,bot,37
S9412716,SES01624,2026-05-25T00:09:40Z,KHI,PEW,2026-05-31,3,desktop,12
S1002516,SES01898,2026-05-25T00:25:53Z,ISB,PEW,2026-06-19,2,mobile_web,34
S1007338,SES00380,2026-05-25T00:34:00Z,ISB,PEW,2026-09-11,2,android,27
S1006881,SES00963,2026-05-25T00:49:47Z,KHI,MUX,2026-08-15,1,ios,32
S1006014,SES01657,2026-05-25T00:49:54Z,ISB,SHJ,2026-06-18,1,android,23
S1006178,SES02884,2026-05-25T00:53:09Z,KHI,ISB,2026-06-15,1,android,27
S1001314,SES02952,2026-05-25T01:31:54Z,ISB,PEW,2026-07-27,1,bot,40
S1003712,SES03159,2026-05-25T01:36:48Z,LHE,JED,2026-08-23,1,desktop,15
S1003028,SES02334,2026-05-25T01:54:24Z,LHE,DXB,2026-09-07,1,android,9
S1007881,SES02654,2026-05-25T01:54:33Z,ISB,LHR,2026-05-27,2,desktop,27
S1001258,SES00408,2026-05-25T01:55:13Z,DXB,ISB,2026-06-05,1,ios,48
S1002946,SES01244,2026-05-25T01:55:49Z,PEW,DXB,2026-06-10,4,mobile_web,24
S1000170,SES01824,2026-05-25T02:03:46Z,LHE,JED,2026-08-26,4,android,43
S1000458,SES02425,2026-05-25T02:13:15Z,KHI,DXB,2026-05-28,1,mobile_web,9
S1003879,SES02610,2026-05-25T02:18:30Z,ISB,SHJ,2026-08-24,4,bot,28
S1007668,SES02367,2026-05-25T02:19:19Z,LHE,KHI,2026-07-13,3,ios,39
S1003999,SES02095,2026-05-25T02:20:18Z,ISB,DXB,2026-06-28,2,android,41
S1000990,SES01473,2026-05-25T02:22:14Z,SHJ,LHE,2026-06-24,3,mobile_web,38
S1002959,SES03073,2026-05-25T02:22:18Z,KHI,ISB,2026-09-10,1,ios,38
S1003917,SES00950,2026-05-25T02:46:45Z,ISB,KHI,2026-09-15,1,desktop,18
S1007139,SES01616,2026-05-25T02:54:24Z,DXB,LHE,2026-09-20,2,android,42
S1005619,SES01499,2026-05-25T03:11:42Z,KHI,MUX,2026-08-21,1,android,20
S1005851,SES02774,2026-05-25T03:11:53Z,ISB,LHR,2026-08-25,2,android,17
S1001287,SES00963,2026-05-25T03:20:12Z,KHI,MUX,2026-06-07,1,desktop,48
S1002723,SES01950,2026-05-25T03:36:20Z,ISB,KHI,2026-06-25,1,desktop,24
S1007785,SES02819,2026-05-25T03:45:19Z,ISB,PEW,2026-09-13,1,android,39
S1003525,SES00504,2026-05-25T03:54:43Z,LHE,KHI,2026-09-08,2,mobile_web,33
S1004959,SES02501,2026-05-25T03:57:06Z,DXB,ISB,2026-08-19,3,ios,28
S1001382,SES00622,2026-05-25T04:04:08Z,KHI,ISB,2026-05-30,4,desktop,33
S1004556,SES01252,2026-05-25T04:16:54Z,ISB,SHJ,2026-09-02,1,android,30
S1004415,SES02297,2026-05-25T04:24:25Z,DXB,ISB,2026-07-04,1,ios,29
S9278079,SES00107,2026-05-25T04:27:05Z,LHE,DXB,2026-09-13,1,desktop,20
S1007431,SES00545,2026-05-25T04:27:55Z,KHI,ISB,2026-08-01,1,mobile_web,36
S1005049,SES02774,2026-05-25T04:59:06Z,KHI,PEW,2026-07-04,1,android,26
S1002925,SES01230,2026-05-25T05:06:11Z,LHE,KHI,2026-09-03,1,android,9
S1006389,SES01457,2026-05-25T05:15:19Z,KHI,MUX,2026-05-30,1,bot,13
S1002249,SES02796,2026-05-25T05:28:28Z,KHI,ISB,2026-09-18,1,desktop,47
S1004368,SES01405,2026-05-25T05:55:36Z,DXB,ISB,2026-09-19,1,ios,13
S1004641,SES02443,2026-05-25T05:57:33Z,KHI,SHJ,2026-09-09,1,android,7
S9747051,SES01733,2026-05-25T06:03:51Z,ISB,KHI,2026-05-28,6,android,6
S1001782,SES02965,2026-05-25T06:21:21Z,LHE,SHJ,2026-08-29,4,mobile_web,18
S1000900,SES01640,2026-05-25T06:28:31Z,KHI,LHE,2026-08-24,1,ios,13
S1007486,SES00464,2026-05-25T06:44:34Z,KHI,SHJ,2026-07-03,1,android,30
S9679198,SES01155,2026-05-25T06:46:51Z,LHE,KHI,2026-05-30,1,desktop,23
S1004929,SES00910,2026-05-25T07:00:13Z,LHE,ISB,2026-07-20,1,desktop,29
S1001225,SES01317,2026-05-25T07:04:41Z,ISB,LHR,2026-06-24,1,ios,34
S1002748,SES03039,2026-05-25T07:04:58Z,ISB,DXB,2026-07-24,3,mobile_web,40
S1004071,SES02458,2026-05-25T07:18:35Z,LHE,DXB,2026-07-15,1,android,4
S1004745,SES02015,2026-05-25T07:23:25Z,LHE,KHI,2026-07-11,2,android,2
S1007183,SES01797,2026-05-25T07:38:28Z,PEW,DXB,2026-09-11,3,android,48
S1004462,SES02667,2026-05-25T07:39:24Z,LHE,DXB,2026-06-13,2,ios,28
S1002158,SES01693,2026-05-25T07:47:02Z,ISB,KHI,2026-06-18,1,desktop,24
S1007777,SES03223,2026-05-25T07:57:02Z,KHI,SHJ,2026-09-12,1,desktop,10
S1006883,SES03333,2026-05-25T08:13:00Z,PEW,DXB,2026-09-01,2,mobile_web,46
S1000218,SES02807,2026-05-25T08:32:27Z,ISB,SHJ,2026-09-22,1,android,29
S1006947,SES00213,2026-05-25T08:41:54Z,KHI,LHE,2026-06-26,2,android,45
S1007174,SES03202,2026-05-25T08:43:20Z,DXB,LHE,2026-08-24,1,bot,37
S1003982,SES00275,2026-05-25T09:00:00Z,SHJ,KHI,2026-09-10,1,android,36
S1005230,SES00929,2026-05-25T09:01:52Z,DXB,KHI,2026-09-04,4,bot,34
S1003633,SES00040,2026-05-25T09:02:49Z,KHI,SHJ,2026-09-05,2,desktop,29
S1002648,SES01290,2026-05-25T09:03:29Z,LHE,KHI,2026-06-17,4,android,14
S1007580,SES02974,2026-05-25T09:05:53Z,KHI,SKT,2026-08-31,1,mobile_web,22
S1000998,SES00550,2026-05-25T09:06:29Z,ISB,LHR,2026-06-17,2,android,7
S1002302,SES01099,2026-05-25T09:14:04Z,LHE,KHI,2026-06-08,2,ios,18
S1001692,SES00099,2026-05-25T09:20:00Z,KHI,ISB,2026-08-17,2,desktop,22
S1001759,SES03391,2026-05-25T09:26:41Z,KHI,ISB,2026-08-02,3,android,37
S1004734,SES00953,2026-05-25T09:38:05Z,KHI,DXB,2026-07-31,3,android,4
S1002594,SES00473,2026-05-25T09:42:16Z,KHI,SHJ,2026-07-16,4,ios,1
S1004098,SES02437,2026-05-25T09:50:08Z,PEW,SHJ,2026-05-31,2,mobile_web,17
S1002722,SES00056,2026-05-25T10:01:47Z,KHI,ISB,2026-09-04,4,android,15
S1000125,SES02562,2026-05-25T10:06:33Z,PEW,DXB,2026-08-13,2,android,38
S1002250,SES02671,2026-05-25T10:19:51Z,ISB,SHJ,2026-07-12,3,desktop,41
S1004694,SES02367,2026-05-25T10:45:54Z,SHJ,LHE,2026-07-04,2,desktop,36
S1000794,SES00611,2026-05-25T10:55:54Z,LHE,DXB,2026-06-10,1,ios,32
S1004196,SES00421,2026-05-25T11:36:34Z,KHI,LHE,2026-08-21,1,android,12
S1007572,SES00049,2026-05-25T11:55:33Z,KHI,ISB,2026-08-21,1,ios,21
S1003734,SES00453,2026-05-25T12:03:25Z,LHE,KHI,2026-07-30,3,desktop,6
S1004822,SES02177,2026-05-25T12:15:20Z,LHE,ISB,2026-08-15,2,android,8
S1003193,SES02130,2026-05-25T12:25:52Z,KHI,ISB,2026-06-05,1,mobile_web,22
S1003888,SES00237,2026-05-25T12:43:30Z,LHE,KHI,2026-06-01,2,desktop,18
S1003956,SES01571,2026-05-25T12:48:34Z,KHI,PEW,2026-06-20,3,android,17
S1000721,SES01178,2026-05-25T12:50:14Z,KHI,ISB,2026-05-28,2,android,34
S1005567,SES02498,2026-05-25T12:53:54Z,DXB,KHI,2026-07-20,1,mobile_web,20
S1001285,SES00205,2026-05-25T12:58:22Z,KHI,LHE,2026-07-16,1,mobile_web,12
S1003129,SES00849,2026-05-25T13:05:38Z,SHJ,LHE,2026-07-31,1,ios,38
S1005627,SES00169,2026-05-25T13:22:45Z,ISB,KHI,2026-06-27,3,desktop,33
S1004771,SES01601,2026-05-25T13:49:13Z,KHI,SHJ,2026-06-04,4,android,4
S1001128,SES02283,2026-05-25T13:53:29Z,ISB,SHJ,2026-06-19,2,bot,1
S1000618,SES02938,2026-05-25T14:16:39Z,KHI,SKT,2026-07-03,3,android,43
S1003894,SES00445,2026-05-25T14:33:46Z,PEW,SHJ,2026-09-18,1,ios,36
S1006022,SES02293,2026-05-25T14:53:01Z,ISB,KHI,2026-07-09,1,desktop,21
S1006251,SES03159,2026-05-25T15:13:49Z,ISB,KHI,2026-07-21,2,bot,39
S1004488,SES03160,2026-05-25T15:42:40Z,KHI,MUX,2026-07-09,1,ios,26
S1000756,SES01425,2026-05-25T15:43:02Z,PEW,SHJ,2026-06-15,2,ios,39
S1000192,SES03309,2026-05-25T15:44:53Z,SHJ,LHE,2026-07-22,2,android,12
S1003651,SES02022,2026-05-25T15:48:28Z,DXB,ISB,2026-09-07,1,mobile_web,41
S1006592,SES01583,2026-05-25T15:54:17Z,KHI,UET,2026-07-27,1,android,20
S1002054,SES00809,2026-05-25T16:02:09Z,LHE,KHI,2026-06-19,1,desktop,10
S1001179,SES03001,2026-05-25T16:13:43Z,PEW,DXB,2026-07-26,3,desktop,20
S1006622,SES00247,2026-05-25T16:17:07Z,LHE,SHJ,2026-06-22,1,desktop,9
S1004518,SES03271,2026-05-25T16:33:15Z,LHE,DXB,2026-09-03,3,desktop,31
S1005690,SES00093,2026-05-25T16:40:29Z,ISB,PEW,2026-08-16,3,mobile_web,9
S1000767,SES00652,2026-05-25T16:44:01Z,KHI,SKT,2026-07-12,4,desktop,29
S1000359,SES02884,2026-05-25T16:50:29Z,ISB,SHJ,2026-09-22,2,android,34
S1003020,SES00528,2026-05-25T16:56:18Z,KHI,SHJ,2026-06-30,3,ios,45
S1002316,SES01731,2026-05-25T17:05:55Z,ISB,KHI,2026-07-26,2,ios,37
S1006092,SES01526,2026-05-25T17:18:24Z,LHE,ISB,2026-08-02,1,desktop,29
S1006662,SES00407,2026-05-25T17:25:05Z,LHE,SHJ,2026-06-15,3,ios,2
S1000244,SES03045,2026-05-25T17:25:50Z,SHJ,LHE,2026-08-21,1,android,41
S1002499,SES01802,2026-05-25T17:27:26Z,KHI,SHJ,2026-08-01,1,desktop,15
S1001698,SES00785,2026-05-25T17:34:15Z,LHE,KHI,2026-08-01,1,ios,39
S1000486,SES00538,2026-05-25T17:36:19Z,KHI,DXB,2026-07-24,2,desktop,25
S1006520,SES01968,2026-05-25T18:08:57Z,KHI,DXB,2026-09-20,2,mobile_web,37
S1001832,SES02417,2026-05-25T18:36:29Z,KHI,PEW,2026-07-20,1,desktop,47
S1006996,SES01059,2026-05-25T19:17:22Z,KHI,DXB,2026-09-17,3,desktop,12
S1003747,SES02304,2026-05-25T19:20:22Z,KHI,ISB,2026-05-28,2,android,30
S1001443,SES00593,2026-05-25T19:36:17Z,ISB,KHI,2026-07-01,1,mobile_web,22
S1007628,SES02742,2026-05-25T19:48:08Z,LHE,ISB,2026-07-25,1,desktop,29
S1002283,SES00198,2026-05-25T19:56:52Z,LHE,KHI,2026-09-14,1,android,5
S1006281,SES01431,2026-05-25T19:57:24Z,LHE,KHI,2026-06-15,2,android,4
S1000871,SES02713,2026-05-25T20:01:59Z,ISB,PEW,2026-08-29,2,mobile_web,47
S9399342,SES00237,2026-05-25T20:08:43Z,KHI,LHE,2026-06-09,3,desktop,24
S1004779,SES02201,2026-05-25T20:11:02Z,SHJ,KHI,2026-08-18,2,bot,43
S9771253,SES00909,2026-05-25T20:19:31Z,ISB,SHJ,2026-07-13,2,desktop,27
S1001830,SES03103,2026-05-25T20:39:22Z,ISB,KHI,2026-08-15,1,android,11
S1003049,SES00554,2026-05-25T20:47:19Z,KHI,LHE,2026-08-02,1,ios,10
S1000058,SES02970,2026-05-25T20:52:35Z,KHI,LHE,2026-08-04,1,android,38
S1005505,SES02903,2026-05-25T20:57:24Z,KHI,ISB,2026-09-05,3,android,10
S1001499,SES00546,2026-05-25T21:20:49Z,ISB,KHI,2026-09-14,3,mobile_web,9
S1006463,SES00875,2026-05-25T21:22:47Z,KHI,LHE,2026-07-18,4,ios,6
S1006121,SES00861,2026-05-25T21:23:59Z,KHI,MUX,2026-06-24,3,android,35
S1007218,SES00861,2026-05-25T21:29:27Z,ISB,PEW,2026-07-05,1,ios,30
S1004502,SES02287,2026-05-25T21:58:39Z,KHI,LHE,2026-08-11,2,ios,32
S1000119,SES03074,2026-05-25T22:05:30Z,LHE,DXB,2026-08-10,1,mobile_web,36
S1005116,SES00669,2026-05-25T22:16:33Z,ISB,KHI,2026-06-18,1,desktop,18
S1000841,SES01207,2026-05-25T22:21:38Z,DXB,LHE,2026-08-01,3,android,33
S1004393,SES01162,2026-05-25T22:25:11Z,ISB,SHJ,2026-06-22,2,android,2
S1007344,SES02327,2026-05-25T22:32:31Z,ISB,KHI,2026-07-17,1,android,48
S1002591,SES00672,2026-05-25T22:33:36Z,PEW,DXB,2026-08-14,1,android,8
S1006746,SES02384,2026-05-25T22:35:49Z,KHI,ISB,2026-08-24,1,desktop,28
S1004295,SES02586,2026-05-25T22:42:39Z,DXB,LHE,2026-09-08,3,ios,11
S1001092,SES01305,2026-05-25T22:52:41Z,LHE,KHI,2026-07-10,3,android,32
S1005789,SES00040,2026-05-25T22:53:33Z,KHI,LHE,2026-07-19,2,android,25
S1002546,SES03069,2026-05-25T22:56:10Z,KHI,ISB,2026-08-02,3,android,1
S1000951,SES00801,2026-05-25T23:50:38Z,LHE,SHJ,2026-08-24,1,desktop,43
S1002562,SES02427,2026-05-26T00:14:59Z,KHI,UET,2026-08-07,4,android,22
S1002025,SES01659,2026-05-26T00:32:55Z,PEW,DXB,2026-09-22,1,mobile_web,45
S1006110,SES00283,2026-05-26T00:45:58Z,KHI,ISB,2026-09-19,2,mobile_web,33
S1002554,SES03151,2026-05-26T00:48:25Z,LHE,JED,2026-08-08,2,android,13
S1007940,SES02657,2026-05-26T00:54:34Z,ISB,SHJ,2026-06-13,3,desktop,13
S1000423,SES00355,2026-05-26T01:08:35Z,KHI,ISB,2026-07-04,3,android,40
S1000591,SES01559,2026-05-26T01:23:11Z,ISB,LHE,2026-09-03,4,desktop,24
S1000819,SES03103,2026-05-26T01:24:23Z,KHI,ISB,2026-08-12,1,android,37
S1002563,SES00045,2026-05-26T01:27:01Z,KHI,LHE,2026-06-17,1,desktop,21
S1003603,SES00324,2026-05-26T01:27:37Z,SHJ,KHI,2026-08-04,3,android,38
S1004039,SES01911,2026-05-26T01:31:55Z,LHE,DXB,2026-07-02,1,android,19
S1003446,SES02307,2026-05-26T01:37:07Z,KHI,SHJ,2026-06-24,1,desktop,25
S1007287,SES01547,2026-05-26T01:55:55Z,KHI,MUX,2026-08-29,1,android,0
S1001670,SES03229,2026-05-26T02:07:30Z,LHE,KHI,2026-05-31,1,ios,33
S1002065,SES01109,2026-05-26T02:27:04Z,DXB,ISB,2026-06-16,4,ios,15
S1006962,SES01463,2026-05-26T02:28:26Z,ISB,DXB,2026-09-03,1,android,25
S1006384,SES00504,2026-05-26T02:41:02Z,KHI,JED,2026-09-21,1,android,17
S1005564,SES03123,2026-05-26T02:57:09Z,LHE,SHJ,2026-08-04,3,ios,48
S1006970,SES00800,2026-05-26T03:23:09Z,ISB,KHI,2026-05-30,1,android,41
S1004753,SES01420,2026-05-26T03:24:39Z,ISB,SHJ,2026-09-18,1,mobile_web,22
S1001202,SES00079,2026-05-26T03:25:35Z,LHE,DXB,2026-09-05,2,android,21
S1006740,SES03101,2026-05-26T03:29:55Z,SHJ,LHE,2026-06-27,4,android,20
S1007149,SES00075,2026-05-26T03:42:13Z,KHI,ISB,2026-09-14,1,desktop,36
S1000796,SES02851,2026-05-26T03:49:28Z,LHE,DXB,2026-08-09,1,android,47
S1003876,SES02590,2026-05-26T03:53:34Z,KHI,ISB,2026-07-08,1,desktop,36
S1005108,SES02944,2026-05-26T03:55:37Z,LHE,JED,2026-09-02,1,android,41
S1000066,SES00847,2026-05-26T04:07:32Z,LHE,JED,2026-05-27,1,desktop,24
S1004010,SES00508,2026-05-26T04:07:39Z,KHI,MUX,2026-06-18,1,android,30
S1001565,SES00894,2026-05-26T04:09:25Z,KHI,JED,2026-07-05,1,android,16
S1002556,SES03280,2026-05-26T04:12:36Z,KHI,ISB,2026-07-03,2,mobile_web,20
S1001024,SES00069,2026-05-26T04:23:44Z,PEW,SHJ,2026-06-23,1,android,23
S1007574,SES00970,2026-05-26T04:39:39Z,KHI,SHJ,2026-07-03,2,android,33
S1005438,SES02811,2026-05-26T04:47:56Z,KHI,LHE,2026-06-12,4,android,42
S1000970,SES03214,2026-05-26T04:48:41Z,KHI,ISB,2026-06-18,2,ios,37
S1000216,SES02982,2026-05-26T05:02:58Z,KHI,ISB,2026-05-27,1,android,20
S1003592,SES00276,2026-05-26T05:11:58Z,LHE,DXB,2026-05-31,2,android,23
S1005825,SES01305,2026-05-26T05:20:24Z,PEW,SHJ,2026-06-22,1,android,35
S1000515,SES03145,2026-05-26T05:22:35Z,LHE,DXB,2026-06-01,2,ios,32
S1002044,SES02238,2026-05-26T05:28:12Z,KHI,PEW,2026-05-27,2,android,3
S1001818,SES00109,2026-05-26T05:32:16Z,KHI,MUX,2026-08-07,2,android,6
S9864496,SES00946,2026-05-26T05:51:21Z,KHI,DXB,2026-09-18,1,desktop,22
S1001631,SES00863,2026-05-26T06:10:51Z,KHI,ISB,2026-06-25,1,android,46
S1003526,SES03150,2026-05-26T06:15:39Z,KHI,LHE,2026-09-20,4,android,46
S1004800,SES02117,2026-05-26T06:26:29Z,LHE,ISB,2026-07-26,2,ios,29
S1006623,SES01049,2026-05-26T06:29:11Z,LHE,SHJ,2026-07-01,1,mobile_web,20
S1005423,SES00471,2026-05-26T06:57:49Z,ISB,KHI,2026-06-01,2,desktop,3
S1006350,SES00706,2026-05-26T06:59:57Z,LHE,KHI,2026-08-07,1,desktop,46
S1003346,SES00982,2026-05-26T07:17:44Z,PEW,DXB,2026-09-12,1,android,19
S9865799,SES03256,2026-05-26T07:21:58Z,LHR,ISB,2026-09-19,1,android,36
S1004517,SES02972,2026-05-26T07:27:34Z,ISB,PEW,2026-08-25,4,android,26
S1001841,SES00113,2026-05-26T07:56:21Z,KHI,LHE,2026-08-28,1,android,17
S1001733,SES01685,2026-05-26T08:07:18Z,KHI,LHE,2026-08-06,1,android,7
S1002349,SES02267,2026-05-26T08:21:02Z,KHI,MUX,2026-08-16,1,mobile_web,13
S1002999,SES02988,2026-05-26T08:24:59Z,LHE,ISB,2026-06-11,1,ios,19
S1005435,SES01253,2026-05-26T08:35:59Z,ISB,DXB,2026-05-27,1,android,12
S1006652,SES00300,2026-05-26T08:37:21Z,KHI,JED,2026-05-30,1,android,32
S1000369,SES01417,2026-05-26T08:49:46Z,PEW,DXB,2026-07-05,2,desktop,10
S1005891,SES02549,2026-05-26T09:12:15Z,LHE,DXB,2026-07-07,1,android,18
S1001257,SES01478,2026-05-26T09:13:05Z,PEW,SHJ,2026-07-10,2,android,30
S1006798,SES01924,2026-05-26T09:36:08Z,KHI,UET,2026-06-03,1,ios,29
S1006657,SES01256,2026-05-26T09:37:31Z,LHE,ISB,2026-08-27,4,android,22
S1007361,SES00740,2026-05-26T09:42:50Z,DXB,KHI,2026-07-18,1,mobile_web,4
S1003032,SES00648,2026-05-26T09:44:59Z,PEW,SHJ,2026-06-05,1,android,7
S1007466,SES02796,2026-05-26T09:54:21Z,KHI,ISB,2026-06-22,2,desktop,48
S1001651,SES02289,2026-05-26T09:57:21Z,KHI,DXB,2026-08-13,2,desktop,47
S1004829,SES01304,2026-05-26T10:01:37Z,KHI,ISB,2026-07-16,2,android,15
S1006820,SES00529,2026-05-26T10:14:34Z,ISB,KHI,2026-09-06,2,android,23
S1001090,SES03026,2026-05-26T10:35:20Z,KHI,ISB,2026-09-08,2,android,11
S1006703,SES02634,2026-05-26T10:37:34Z,LHE,KHI,2026-09-04,1,desktop,0
S1003014,SES01810,2026-05-26T10:38:20Z,KHI,LHE,2026-06-25,4,android,22
S1000137,SES02702,2026-05-26T10:43:14Z,LHR,ISB,2026-07-29,2,android,32
S1001574,SES01271,2026-05-26T10:45:46Z,KHI,LHE,2026-09-14,1,desktop,2
S9372803,SES01773,2026-05-26T10:50:00Z,KHI,UET,2026-05-31,1,desktop,37
S1003578,SES01547,2026-05-26T10:54:19Z,DXB,KHI,2026-07-28,1,desktop,12
S9972753,SES00496,2026-05-26T11:33:20Z,KHI,ISB,2026-06-01,4,desktop,26
S1006264,SES00595,2026-05-26T12:03:46Z,LHE,KHI,2026-08-13,2,mobile_web,22
S1007794,SES02452,2026-05-26T12:05:55Z,LHE,KHI,2026-08-15,4,android,6
S1000665,SES01022,2026-05-26T12:32:59Z,KHI,ISB,2026-06-30,1,desktop,10
S1007412,SES01926,2026-05-26T12:49:27Z,ISB,SHJ,2026-09-10,1,desktop,31
S1001873,SES02612,2026-05-26T13:08:59Z,PEW,SHJ,2026-07-29,2,desktop,13
S1001237,SES02884,2026-05-26T13:14:24Z,ISB,PEW,2026-06-01,3,mobile_web,7
S1004050,SES00763,2026-05-26T13:31:48Z,KHI,DXB,2026-06-09,1,android,13
S1007102,SES02657,2026-05-26T13:33:52Z,ISB,PEW,2026-08-10,1,desktop,19
S1003442,SES01766,2026-05-26T13:34:55Z,KHI,ISB,2026-09-15,3,android,40
S1004879,SES00018,2026-05-26T13:57:05Z,KHI,ISB,2026-08-09,2,desktop,12
S1006624,SES01557,2026-05-26T14:16:01Z,KHI,SHJ,2026-08-26,1,mobile_web,36
S1003746,SES01485,2026-05-26T14:21:37Z,LHE,DXB,2026-08-18,1,android,13
S1002754,SES01114,2026-05-26T14:28:53Z,ISB,SHJ,2026-07-18,2,android,34
S1000134,SES01527,2026-05-26T14:32:24Z,ISB,SHJ,2026-09-03,1,android,14
S1002566,SES01971,2026-05-26T14:32:40Z,LHE,SHJ,2026-05-27,1,desktop,33
S1006037,SES03250,2026-05-26T14:46:47Z,LHR,ISB,2026-05-28,3,mobile_web,40
S1002363,SES03324,2026-05-26T15:02:33Z,KHI,DXB,2026-07-19,1,android,9
S1007336,SES03028,2026-05-26T15:03:34Z,PEW,SHJ,2026-08-10,3,mobile_web,11
S1002419,SES01967,2026-05-26T15:10:14Z,KHI,LHE,2026-05-31,2,android,19
S1002082,SES02750,2026-05-26T15:20:07Z,KHI,LHE,2026-08-12,1,desktop,13
S1000612,SES01723,2026-05-26T15:55:14Z,KHI,MUX,2026-07-23,1,android,37
S1002071,SES00555,2026-05-26T16:05:41Z,LHE,KHI,2026-06-09,2,android,8
S1004170,SES00457,2026-05-26T16:30:30Z,KHI,LHE,2026-09-12,3,android,31
S1001378,SES03266,2026-05-26T16:33:25Z,LHR,ISB,2026-09-17,1,desktop,26
S1007716,SES02791,2026-05-26T16:35:04Z,LHE,ISB,2026-08-22,1,ios,36
S1001248,SES02407,2026-05-26T17:08:27Z,LHE,ISB,2026-07-10,1,desktop,43
S1006340,SES03072,2026-05-26T17:12:16Z,ISB,KHI,2026-06-16,1,ios,39
S1004858,SES01310,2026-05-26T17:13:28Z,ISB,KHI,2026-06-03,1,ios,46
S1004390,SES00555,2026-05-26T17:14:23Z,ISB,PEW,2026-08-04,3,desktop,23
S1003243,SES01958,2026-05-26T17:15:13Z,KHI,LHE,2026-07-03,1,ios,23
S1000299,SES02668,2026-05-26T17:16:00Z,KHI,JED,2026-06-27,1,desktop,38
S9344699,SES01469,2026-05-26T17:31:19Z,SHJ,KHI,2026-05-31,1,android,38
S1005953,SES02964,2026-05-26T17:40:30Z,PEW,DXB,2026-08-31,3,ios,2
S1004287,SES00306,2026-05-26T17:54:47Z,LHE,DXB,2026-07-05,1,mobile_web,48
S1002902,SES00577,2026-05-26T18:07:00Z,KHI,LHE,2026-05-29,1,android,8
S1001701,SES02371,2026-05-26T18:40:29Z,ISB,SHJ,2026-08-09,3,desktop,12
S1006774,SES00703,2026-05-26T19:06:09Z,PEW,DXB,2026-06-09,4,desktop,6
S1003389,SES02882,2026-05-26T19:17:41Z,KHI,DXB,2026-06-14,3,ios,19
S1005123,SES02261,2026-05-26T19:21:26Z,KHI,SHJ,2026-08-30,4,android,35
S1003472,SES01963,2026-05-26T19:34:44Z,ISB,SHJ,2026-06-20,2,android,41
S1006326,SES00679,2026-05-26T19:55:14Z,KHI,LHE,2026-06-17,1,mobile_web,3
S9449463,SES02424,2026-05-26T20:25:07Z,DXB,LHE,2026-05-28,3,desktop,17
S1000363,SES02099,2026-05-26T20:29:04Z,KHI,DXB,2026-07-27,4,android,32
S1002144,SES02259,2026-05-26T20:35:09Z,ISB,PEW,2026-07-17,1,mobile_web,20
S9300864,SES00269,2026-05-26T20:43:58Z,KHI,SKT,2026-09-17,4,desktop,5
S1000083,SES00478,2026-05-26T20:44:02Z,PEW,DXB,2026-06-17,2,ios,47
S1005300,SES02610,2026-05-26T20:47:47Z,KHI,LHE,2026-07-29,2,desktop,15
S1003543,SES00054,2026-05-26T20:56:06Z,KHI,DXB,2026-07-24,1,mobile_web,31
S1004077,SES02709,2026-05-26T20:57:48Z,ISB,SHJ,2026-06-09,2,ios,36
S1004958,SES02727,2026-05-26T21:08:43Z,ISB,KHI,2026-08-10,2,android,5
S9550623,SES01724,2026-05-26T21:09:59Z,LHE,KHI,2026-06-04,2,android,32
S1003717,SES02606,2026-05-26T21:27:26Z,KHI,LHE,2026-07-15,2,mobile_web,29
S9817146,SES03136,2026-05-26T21:30:23Z,KHI,UET,2026-09-16,1,desktop,19
S1006628,SES02492,2026-05-26T21:40:13Z,ISB,SHJ,2026-06-22,1,mobile_web,41
S1007272,SES01410,2026-05-26T21:44:55Z,LHE,ISB,2026-09-04,1,desktop,7
S1000400,SES01849,2026-05-26T21:45:34Z,KHI,SKT,2026-09-14,3,android,33
S1000670,SES02091,2026-05-26T21:53:21Z,LHE,SHJ,2026-06-29,1,mobile_web,43
S1002339,SES00675,2026-05-26T21:58:37Z,PEW,DXB,2026-09-10,1,ios,27
S1006342,SES01522,2026-05-26T22:03:43Z,SHJ,LHE,2026-07-12,1,desktop,10
S1003496,SES03061,2026-05-26T22:09:17Z,KHI,DXB,2026-09-06,1,mobile_web,34
S1002985,SES02216,2026-05-26T22:14:23Z,LHE,JED,2026-07-14,2,bot,20
S1001964,SES00628,2026-05-26T22:15:41Z,LHE,JED,2026-06-15,3,desktop,34
S1004796,SES02764,2026-05-26T22:41:26Z,LHE,JED,2026-09-18,2,mobile_web,30
S1002373,SES01901,2026-05-26T22:44:07Z,ISB,SHJ,2026-06-07,2,desktop,18
S1007359,SES00099,2026-05-26T22:44:21Z,KHI,MUX,2026-08-01,2,ios,0
S1007768,SES02493,2026-05-26T22:50:45Z,LHE,DXB,2026-08-18,2,mobile_web,23
S1007691,SES01441,2026-05-26T23:22:35Z,KHI,MUX,2026-06-27,1,android,6
S1004851,SES00838,2026-05-26T23:26:05Z,PEW,DXB,2026-07-05,1,desktop,27
S1002917,SES00190,2026-05-26T23:26:30Z,KHI,SKT,2026-08-15,2,android,15
S1000580,SES00456,2026-05-26T23:30:53Z,ISB,SHJ,2026-08-30,3,ios,7
S1006164,SES02705,2026-05-26T23:35:57Z,LHE,KHI,2026-06-03,1,android,19
S1000071,SES00727,2026-05-26T23:36:16Z,KHI,ISB,2026-07-30,2,desktop,41
S1000105,SES01807,2026-05-26T23:47:34Z,ISB,SHJ,2026-08-23,2,desktop,10
S1000488,SES03322,2026-05-27T00:05:08Z,DXB,LHE,2026-07-26,3,ios,29
S1005446,SES02376,2026-05-27T00:16:06Z,KHI,LHE,2026-06-24,1,android,30
S1006922,SES02238,2026-05-27T00:26:18Z,PEW,SHJ,2026-07-09,1,mobile_web,21
S1005014,SES02956,2026-05-27T00:29:02Z,LHE,KHI,2026-06-18,4,android,37
S1001785,SES00514,2026-05-27T00:39:24Z,KHI,DXB,2026-07-05,1,android,35
S1006937,SES01803,2026-05-27T00:43:59Z,LHE,KHI,2026-06-18,3,mobile_web,27
S1000280,SES03224,2026-05-27T01:20:43Z,KHI,SKT,2026-07-16,1,android,45
S1003361,SES00270,2026-05-27T01:23:55Z,ISB,DXB,2026-06-01,2,android,5
S1001506,SES02997,2026-05-27T01:43:13Z,LHE,ISB,2026-06-13,1,mobile_web,36
S1006334,SES00453,2026-05-27T01:59:29Z,PEW,SHJ,2026-06-21,4,android,3
S1003944,SES02970,2026-05-27T02:12:32Z,LHE,ISB,2026-09-21,2,android,24
S1002345,SES00020,2026-05-27T02:18:45Z,LHE,DXB,2026-08-08,1,ios,3
S1007259,SES01928,2026-05-27T02:29:20Z,LHE,SHJ,2026-07-26,1,android,19
S9834741,SES00673,2026-05-27T02:49:49Z,PEW,DXB,2026-06-14,2,android,30
S1005410,SES01417,2026-05-27T02:57:19Z,LHE,ISB,2026-09-14,1,bot,47
S1007199,SES02620,2026-05-27T03:01:01Z,KHI,ISB,2026-09-21,1,android,3
S1004016,SES01873,2026-05-27T03:01:37Z,PEW,DXB,2026-06-18,1,android,11
S1000516,SES02912,2026-05-27T03:04:09Z,LHE,DXB,2026-06-15,1,android,29
S1004885,SES03018,2026-05-27T03:15:43Z,KHI,LHE,2026-09-24,1,desktop,46
S1006756,SES00706,2026-05-27T03:18:01Z,KHI,DXB,2026-06-30,1,desktop,48
S1001311,SES01887,2026-05-27T03:25:27Z,LHE,ISB,2026-07-21,2,android,14
S1004280,SES01681,2026-05-27T03:40:46Z,KHI,ISB,2026-08-05,1,android,43
S1005429,SES02426,2026-05-27T03:43:16Z,LHE,ISB,2026-06-04,2,desktop,43
S1006558,SES00787,2026-05-27T03:47:07Z,ISB,DXB,2026-08-02,3,desktop,11
S1005706,SES00624,2026-05-27T03:50:24Z,ISB,KHI,2026-06-18,1,android,2
S1007734,SES00303,2026-05-27T03:59:58Z,KHI,LHE,2026-07-23,2,android,2
S1000703,SES00163,2026-05-27T04:10:38Z,DXB,LHE,2026-08-02,2,android,38
S1003072,SES00435,2026-05-27T04:22:53Z,ISB,DXB,2026-06-23,1,android,35
S1001527,SES02672,2026-05-27T04:24:13Z,KHI,LHE,2026-07-05,2,desktop,35
S1006416,SES01815,2026-05-27T04:24:23Z,ISB,DXB,2026-08-03,3,desktop,38
S1003181,SES01743,2026-05-27T04:37:40Z,ISB,LHE,2026-06-13,4,android,2
S1004709,SES02797,2026-05-27T05:16:52Z,LHE,DXB,2026-07-18,1,ios,30
S1006261,SES03048,2026-05-27T05:17:32Z,DXB,LHE,2026-06-04,1,android,3
S1007532,SES01499,2026-05-27T05:30:04Z,KHI,JED,2026-06-26,2,bot,47
S1003077,SES01086,2026-05-27T05:37:22Z,KHI,MUX,2026-09-08,1,android,29
S9759133,SES00035,2026-05-27T05:39:59Z,ISB,SHJ,2026-06-04,1,desktop,7
S1007235,SES00944,2026-05-27T05:46:05Z,DXB,KHI,2026-06-12,4,desktop,7
S1005539,SES00318,2026-05-27T06:19:10Z,LHE,JED,2026-09-03,1,desktop,15
S1000804,SES01291,2026-05-27T06:32:58Z,KHI,LHE,2026-06-16,1,android,31
S1006639,SES01175,2026-05-27T06:36:23Z,KHI,DXB,2026-09-10,1,android,5
S1003430,SES02492,2026-05-27T06:43:16Z,LHE,SHJ,2026-06-06,3,desktop,27
S1004352,SES02654,2026-05-27T06:46:05Z,ISB,PEW,2026-09-12,1,bot,11
S9503904,SES02779,2026-05-27T07:36:20Z,KHI,LHE,2026-06-02,3,desktop,31
S1006282,SES03013,2026-05-27T07:50:07Z,ISB,PEW,2026-08-09,1,android,15
S1001715,SES00440,2026-05-27T07:56:29Z,ISB,SHJ,2026-08-19,1,ios,8
S1006344,SES02767,2026-05-27T08:07:17Z,KHI,SHJ,2026-09-19,4,ios,17
S1006095,SES00547,2026-05-27T08:12:10Z,KHI,SHJ,2026-06-09,3,ios,25
S1006484,SES00766,2026-05-27T08:31:16Z,KHI,ISB,2026-07-01,1,ios,14
S1001073,SES00757,2026-05-27T08:42:24Z,ISB,SHJ,2026-08-06,2,android,36
S1007118,SES00314,2026-05-27T08:43:01Z,SHJ,LHE,2026-08-14,1,ios,47
S1006034,SES02446,2026-05-27T08:43:55Z,KHI,PEW,2026-09-02,1,android,7
S1005973,SES02036,2026-05-27T08:48:20Z,KHI,ISB,2026-06-07,1,ios,31
S1001729,SES02233,2026-05-27T08:55:43Z,LHE,ISB,2026-07-29,1,ios,7
S9582368,SES03244,2026-05-27T09:02:37Z,LHE,KHI,2026-07-12,6,android,7
S1007676,SES02359,2026-05-27T09:29:26Z,KHI,LHE,2026-09-04,1,ios,1
S1007133,SES02348,2026-05-27T09:30:50Z,KHI,PEW,2026-07-12,3,desktop,11
S1001388,SES02470,2026-05-27T09:32:25Z,KHI,LHE,2026-09-06,1,desktop,22
S1002836,SES01574,2026-05-27T09:32:47Z,DXB,KHI,2026-09-18,3,android,0
S1001569,SES00591,2026-05-27T10:01:55Z,ISB,KHI,2026-05-29,2,desktop,42
S1006311,SES01350,2026-05-27T10:05:30Z,LHR,ISB,2026-07-12,3,desktop,25
S1004288,SES00788,2026-05-27T10:13:21Z,LHE,JED,2026-09-06,1,desktop,35
S1002087,SES03254,2026-05-27T10:14:05Z,LHE,SHJ,2026-08-16,1,android,45
S1000607,SES01165,2026-05-27T10:14:34Z,PEW,SHJ,2026-07-23,2,android,4
S1002768,SES00378,2026-05-27T10:17:37Z,KHI,LHE,2026-08-14,4,android,12
S1000352,SES01087,2026-05-27T10:19:29Z,DXB,LHE,2026-08-31,2,android,31
S1004901,SES00074,2026-05-27T10:28:34Z,DXB,LHE,2026-07-31,1,desktop,16
S1007934,SES03287,2026-05-27T10:40:40Z,LHR,ISB,2026-06-12,2,desktop,20
S1006968,SES00183,2026-05-27T11:00:06Z,PEW,DXB,2026-06-28,2,android,2
S1001822,SES00943,2026-05-27T11:36:24Z,KHI,ISB,2026-08-20,1,mobile_web,35
S9670671,SES01220,2026-05-27T11:38:49Z,LHE,ISB,2026-06-14,1,desktop,25
S1003750,SES02525,2026-05-27T11:44:22Z,ISB,KHI,2026-08-22,1,android,9
S9115601,SES02798,2026-05-27T11:53:57Z,KHI,LHE,2026-06-01,3,android,8
S1003729,SES00266,2026-05-27T12:12:10Z,PEW,DXB,2026-07-15,4,desktop,42
S1003407,SES00250,2026-05-27T12:20:45Z,ISB,KHI,2026-08-15,2,mobile_web,23
S1002640,SES01588,2026-05-27T12:38:18Z,PEW,SHJ,2026-09-12,2,bot,21
S1005400,SES00212,2026-05-27T12:39:01Z,KHI,DXB,2026-08-29,4,ios,44
S1003425,SES01318,2026-05-27T12:43:22Z,KHI,ISB,2026-09-11,2,ios,24
S1005179,SES02204,2026-05-27T12:57:53Z,ISB,PEW,2026-09-24,1,desktop,14
S1002608,SES02452,2026-05-27T13:21:25Z,LHE,SHJ,2026-07-14,2,mobile_web,34
S9990245,SES01567,2026-05-27T14:18:27Z,KHI,MUX,2026-06-02,1,android,27
S1004810,SES00566,2026-05-27T14:28:16Z,LHE,ISB,2026-09-01,1,mobile_web,42
S1000983,SES01760,2026-05-27T14:29:39Z,ISB,KHI,2026-07-18,3,ios,7
S1001479,SES02162,2026-05-27T14:56:40Z,KHI,LHE,2026-08-06,2,ios,20
S1000776,SES01212,2026-05-27T15:02:45Z,LHE,DXB,2026-07-06,4,mobile_web,4
S1006781,SES03270,2026-05-27T15:05:46Z,LHE,DXB,2026-08-10,2,desktop,47
S1007021,SES00260,2026-05-27T15:10:12Z,KHI,SHJ,2026-07-08,3,android,22
S1004608,SES00511,2026-05-27T15:40:12Z,LHE,JED,2026-09-16,1,android,38
S1002535,SES00173,2026-05-27T15:46:50Z,SHJ,KHI,2026-06-03,1,mobile_web,45
S1000466,SES02499,2026-05-27T15:56:39Z,LHE,KHI,2026-07-02,1,android,21
S1002717,SES00371,2026-05-27T16:04:46Z,ISB,KHI,2026-09-10,2,mobile_web,2
S1006066,SES01312,2026-05-27T16:14:00Z,KHI,PEW,2026-06-10,1,ios,36
S1006108,SES00611,2026-05-27T16:34:08Z,KHI,DXB,2026-08-09,2,ios,25
S1002963,SES02056,2026-05-27T16:34:28Z,LHE,SHJ,2026-08-18,1,android,25
S1006273,SES00466,2026-05-27T16:41:00Z,KHI,ISB,2026-07-19,1,android,41
S1006461,SES02607,2026-05-27T16:43:32Z,DXB,ISB,2026-08-20,2,android,47
S1007762,SES00043,2026-05-27T16:50:04Z,SHJ,LHE,2026-07-09,1,desktop,36
S1004535,SES01484,2026-05-27T17:12:17Z,KHI,ISB,2026-06-30,1,android,41
S1004032,SES01523,2026-05-27T17:12:57Z,ISB,LHR,2026-07-18,1,ios,1
S1002580,SES00835,2026-05-27T17:28:59Z,LHE,JED,2026-09-12,1,android,38
S1004953,SES00184,2026-05-27T17:31:59Z,LHE,DXB,2026-08-31,1,ios,29
S1005583,SES02514,2026-05-27T17:33:47Z,LHE,DXB,2026-08-06,1,desktop,10
S1004317,SES02376,2026-05-27T18:00:50Z,LHE,SHJ,2026-08-13,2,android,12
S1007669,SES01233,2026-05-27T18:19:54Z,KHI,LHE,2026-07-05,1,ios,37
S1005341,SES01791,2026-05-27T18:25:42Z,LHE,DXB,2026-07-04,1,desktop,5
S1003443,SES03042,2026-05-27T18:41:11Z,SHJ,LHE,2026-06-01,3,desktop,9
S1003294,SES03036,2026-05-27T18:44:52Z,SHJ,LHE,2026-06-18,1,desktop,1
S1007033,SES00184,2026-05-27T19:32:31Z,KHI,SHJ,2026-08-21,2,mobile_web,5
S1001580,SES02544,2026-05-27T19:38:00Z,KHI,ISB,2026-07-21,2,desktop,15
S1003683,SES03088,2026-05-27T19:47:57Z,KHI,ISB,2026-05-28,3,android,10
S1001220,SES00361,2026-05-27T20:22:00Z,LHE,DXB,2026-07-16,2,desktop,1
S9239480,SES00299,2026-05-27T20:25:11Z,KHI,PEW,2026-06-17,1,android,24
S1007096,SES01409,2026-05-27T20:31:16Z,LHE,ISB,2026-07-23,1,mobile_web,43
S1005396,SES03256,2026-05-27T20:39:00Z,PEW,DXB,2026-05-31,1,android,44
S1004906,SES02152,2026-05-27T20:59:42Z,LHE,DXB,2026-06-05,3,android,20
S1007815,SES00081,2026-05-27T21:14:00Z,KHI,MUX,2026-07-05,4,android,45
S1003705,SES02956,2026-05-27T21:20:18Z,DXB,KHI,2026-08-10,1,ios,15
S1007509,SES00553,2026-05-27T21:24:13Z,KHI,DXB,2026-07-02,1,android,20
S9613623,SES01236,2026-05-27T21:30:06Z,PEW,SHJ,2026-06-17,1,android,21
S1003418,SES01299,2026-05-27T21:39:58Z,SHJ,KHI,2026-08-18,2,android,41
S1005452,SES02914,2026-05-27T21:41:56Z,ISB,KHI,2026-07-02,3,android,8
S1000346,SES01535,2026-05-27T21:49:12Z,ISB,LHE,2026-07-14,4,desktop,30
S1005923,SES03176,2026-05-27T21:54:05Z,KHI,ISB,2026-05-29,1,desktop,27
S1005535,SES00536,2026-05-27T22:05:23Z,KHI,SHJ,2026-08-17,1,android,31
S1004101,SES00485,2026-05-27T22:07:16Z,DXB,LHE,2026-07-25,1,android,14
S1007240,SES00014,2026-05-27T22:35:09Z,LHE,DXB,2026-05-28,1,ios,12
S1002127,SES01159,2026-05-27T22:47:54Z,LHE,KHI,2026-06-27,2,desktop,21
S1006733,SES03147,2026-05-27T22:48:24Z,KHI,SHJ,2026-06-17,1,android,42
S1003911,SES02067,2026-05-27T22:59:29Z,SHJ,KHI,2026-06-28,1,android,35
S1001539,SES02012,2026-05-27T23:16:53Z,KHI,DXB,2026-06-18,1,bot,21
S1005192,SES00169,2026-05-27T23:38:49Z,LHE,KHI,2026-08-07,2,desktop,45
S1002873,SES01627,2026-05-28T00:06:34Z,KHI,DXB,2026-06-10,1,ios,44
S1001925,SES01253,2026-05-28T00:38:07Z,SHJ,KHI,2026-08-10,1,ios,35
S1000288,SES01053,2026-05-28T00:59:15Z,PEW,DXB,2026-08-10,1,ios,4
S1004090,SES00386,2026-05-28T01:07:50Z,LHE,ISB,2026-07-15,3,android,29
S1006626,SES01971,2026-05-28T01:13:23Z,KHI,UET,2026-06-15,1,desktop,42
S1002394,SES02997,2026-05-28T01:17:21Z,KHI,ISB,2026-07-23,1,desktop,29
S1005104,SES02574,2026-05-28T01:29:16Z,KHI,ISB,2026-07-29,1,android,2
S1006327,SES00317,2026-05-28T01:42:21Z,KHI,MUX,2026-08-10,1,ios,47
S1005261,SES00031,2026-05-28T01:49:16Z,PEW,DXB,2026-08-10,1,ios,12
S1000668,SES02482,2026-05-28T01:50:36Z,KHI,ISB,2026-06-04,4,ios,39
S1006072,SES01086,2026-05-28T01:51:40Z,SHJ,LHE,2026-07-17,2,mobile_web,11
S1001558,SES00051,2026-05-28T02:13:11Z,LHE,JED,2026-08-15,1,android,4
S1006168,SES02675,2026-05-28T02:39:02Z,KHI,SHJ,2026-07-18,2,android,9
S1004209,SES01954,2026-05-28T03:00:15Z,KHI,ISB,2026-06-20,2,desktop,10
S1003281,SES03117,2026-05-28T03:08:16Z,LHE,ISB,2026-06-24,2,android,8
S1001619,SES01525,2026-05-28T03:21:47Z,KHI,ISB,2026-08-24,4,android,18
S1001018,SES01937,2026-05-28T03:39:32Z,KHI,LHE,2026-08-28,1,android,23
S1005543,SES01815,2026-05-28T03:48:15Z,LHE,JED,2026-09-07,3,ios,30
S1005367,SES00555,2026-05-28T03:54:45Z,ISB,KHI,2026-06-15,3,ios,27
S1007804,SES03137,2026-05-28T03:56:25Z,LHE,DXB,2026-07-13,2,mobile_web,10
S1002601,SES00723,2026-05-28T04:01:25Z,ISB,LHE,2026-07-16,4,android,25
S1004327,SES02035,2026-05-28T04:04:37Z,KHI,JED,2026-06-04,1,android,45
S1002234,SES03231,2026-05-28T04:08:59Z,LHE,DXB,2026-09-13,1,ios,41
S1002512,SES00312,2026-05-28T04:10:29Z,KHI,LHE,2026-06-04,3,android,47
S1001875,SES02066,2026-05-28T04:13:30Z,KHI,ISB,2026-09-06,1,android,47
S1001931,SES00944,2026-05-28T04:36:40Z,KHI,ISB,2026-08-12,4,android,46
S1002422,SES00604,2026-05-28T04:46:37Z,KHI,ISB,2026-06-19,1,android,13
S1004831,SES00201,2026-05-28T04:47:54Z,ISB,PEW,2026-08-14,2,bot,45
S1003256,SES02325,2026-05-28T05:13:21Z,KHI,UET,2026-08-26,2,ios,47
S1006569,SES00461,2026-05-28T05:18:38Z,LHE,KHI,2026-06-08,1,desktop,2
S1001660,SES00032,2026-05-28T05:19:29Z,KHI,LHE,2026-08-15,1,mobile_web,31
S1002034,SES01438,2026-05-28T05:40:47Z,DXB,LHE,2026-07-13,1,mobile_web,27
S1005126,SES02464,2026-05-28T05:46:14Z,PEW,SHJ,2026-09-23,2,desktop,35
S1006492,SES02316,2026-05-28T06:01:05Z,ISB,SHJ,2026-06-04,4,desktop,42
S1005159,SES02454,2026-05-28T06:16:41Z,LHE,DXB,2026-09-23,4,mobile_web,32
S1007027,SES00004,2026-05-28T06:19:26Z,KHI,MUX,2026-09-07,2,android,48
S1004231,SES01235,2026-05-28T06:20:45Z,LHE,ISB,2026-06-11,2,mobile_web,4
S1005447,SES03002,2026-05-28T07:12:36Z,KHI,SKT,2026-07-26,2,mobile_web,39
S1005252,SES03230,2026-05-28T07:22:15Z,SHJ,LHE,2026-09-17,1,desktop,36
S1002676,SES00222,2026-05-28T07:28:31Z,KHI,UET,2026-08-07,1,ios,43
S1003027,SES02011,2026-05-28T07:41:40Z,LHE,ISB,2026-08-08,1,mobile_web,22
S1001825,SES02400,2026-05-28T07:48:13Z,ISB,KHI,2026-08-18,3,desktop,21
S1000133,SES01754,2026-05-28T08:04:43Z,KHI,ISB,2026-08-08,1,desktop,39
S1006071,SES03241,2026-05-28T08:10:31Z,KHI,JED,2026-09-01,2,ios,42
S1004241,SES00466,2026-05-28T08:19:43Z,LHE,ISB,2026-06-20,1,android,1
S9954299,SES02293,2026-05-28T08:22:08Z,LHE,DXB,2026-06-04,3,android,21
S1007227,SES00337,2026-05-28T08:29:34Z,ISB,PEW,2026-09-06,1,ios,29
S1004195,SES03279,2026-05-28T08:30:24Z,KHI,SKT,2026-09-05,1,android,15
S1005624,SES01452,2026-05-28T08:30:40Z,KHI,JED,2026-06-20,1,ios,21
S1006224,SES03028,2026-05-28T08:36:52Z,KHI,ISB,2026-07-01,3,mobile_web,26
S1006260,SES02852,2026-05-28T08:41:31Z,LHE,JED,2026-07-08,1,desktop,12
S1000087,SES02872,2026-05-28T08:57:01Z,KHI,JED,2026-09-05,1,android,0
S1004111,SES02960,2026-05-28T09:05:37Z,KHI,LHE,2026-06-18,4,ios,38
S1007024,SES00828,2026-05-28T09:11:34Z,LHE,ISB,2026-06-14,2,ios,37
S1004528,SES00450,2026-05-28T09:14:32Z,KHI,LHE,2026-07-21,4,desktop,15
S1003371,SES01000,2026-05-28T09:16:45Z,KHI,LHE,2026-07-27,3,android,6
S1007494,SES02692,2026-05-28T09:20:52Z,DXB,LHE,2026-06-22,1,android,18
S1006086,SES01812,2026-05-28T09:22:25Z,ISB,LHE,2026-09-25,1,desktop,10
S1007520,SES03042,2026-05-28T09:25:56Z,KHI,LHE,2026-09-01,1,mobile_web,34
S1001509,SES01252,2026-05-28T09:31:47Z,KHI,ISB,2026-07-10,1,android,11
S1004273,SES01609,2026-05-28T09:40:57Z,LHE,SHJ,2026-09-25,4,mobile_web,7
S1006827,SES01698,2026-05-28T09:41:51Z,KHI,DXB,2026-09-24,1,android,39
S1004297,SES01852,2026-05-28T09:44:05Z,KHI,ISB,2026-09-25,3,android,43
S1004989,SES01650,2026-05-28T09:44:29Z,KHI,SHJ,2026-07-10,1,android,48
S1006429,SES01693,2026-05-28T09:57:01Z,KHI,ISB,2026-08-11,1,android,35
S1005730,SES00991,2026-05-28T09:57:06Z,KHI,SHJ,2026-09-15,1,mobile_web,20
S1006412,SES00613,2026-05-28T10:01:06Z,DXB,KHI,2026-07-23,1,android,18
S1007622,SES00851,2026-05-28T10:02:26Z,KHI,JED,2026-08-27,1,android,16
S1000499,SES01874,2026-05-28T10:06:24Z,LHE,SHJ,2026-06-28,1,android,18
S1005334,SES00338,2026-05-28T10:13:02Z,PEW,SHJ,2026-07-04,2,android,2
S1001936,SES00454,2026-05-28T10:15:52Z,KHI,LHE,2026-07-01,2,ios,30
S1007583,SES03397,2026-05-28T10:19:38Z,LHE,DXB,2026-08-25,3,android,23
S1005824,SES02442,2026-05-28T10:19:46Z,DXB,LHE,2026-06-16,1,ios,43
S1001408,SES03340,2026-05-28T10:30:29Z,LHE,SHJ,2026-09-25,4,android,24
S1000587,SES01833,2026-05-28T10:41:01Z,ISB,KHI,2026-08-16,1,android,24
S1007658,SES00156,2026-05-28T10:54:10Z,LHE,DXB,2026-08-15,2,mobile_web,45
S1005721,SES01001,2026-05-28T11:03:00Z,LHE,ISB,2026-08-31,4,ios,46
S1007735,SES02162,2026-05-28T11:11:25Z,SHJ,KHI,2026-08-21,2,mobile_web,44
S1007432,SES02649,2026-05-28T11:16:02Z,KHI,ISB,2026-06-08,1,android,44
S1000368,SES00084,2026-05-28T11:27:37Z,KHI,JED,2026-08-04,2,android,24
S1002218,SES03076,2026-05-28T11:38:37Z,ISB,LHR,2026-06-22,1,android,37
S1007452,SES01482,2026-05-28T11:43:30Z,ISB,PEW,2026-08-11,1,android,6
S1000065,SES01466,2026-05-28T11:46:26Z,ISB,SHJ,2026-06-30,4,mobile_web,17
S1007737,SES00903,2026-05-28T11:48:27Z,LHR,ISB,2026-07-16,3,android,38
S1007649,SES02408,2026-05-28T11:49:50Z,LHE,JED,2026-07-30,2,android,13
S1006912,SES03306,2026-05-28T11:58:30Z,ISB,DXB,2026-08-08,1,bot,27
S1003180,SES01466,2026-05-28T11:59:28Z,KHI,MUX,2026-09-18,1,mobile_web,12
S1004881,SES03197,2026-05-28T11:59:44Z,LHE,SHJ,2026-09-07,1,desktop,22
S1001599,SES01088,2026-05-28T12:05:53Z,LHE,JED,2026-08-01,4,desktop,28
S1003171,SES02776,2026-05-28T12:06:04Z,SHJ,KHI,2026-07-05,2,ios,26
S1007796,SES01041,2026-05-28T12:18:42Z,KHI,PEW,2026-07-17,1,android,17
S1007507,SES01066,2026-05-28T12:21:00Z,ISB,SHJ,2026-06-09,1,android,10
S1003387,SES02730,2026-05-28T12:26:27Z,PEW,DXB,2026-09-01,3,android,27
S1000924,SES00747,2026-05-28T12:39:41Z,KHI,LHE,2026-07-28,4,ios,17
S1004157,SES00559,2026-05-28T13:00:35Z,KHI,JED,2026-06-18,2,android,45
S1000111,SES01648,2026-05-28T13:02:36Z,ISB,SHJ,2026-09-08,2,mobile_web,27
S1007587,SES02316,2026-05-28T13:03:08Z,LHE,DXB,2026-08-16,4,android,27
S1003523,SES03178,2026-05-28T13:09:29Z,PEW,SHJ,2026-07-14,1,ios,24
S1006048,SES00455,2026-05-28T13:14:07Z,SHJ,KHI,2026-06-30,1,android,29
S9241503,SES03219,2026-05-28T13:31:23Z,KHI,ISB,2026-06-04,3,desktop,20
S1001323,SES00227,2026-05-28T13:35:01Z,LHE,ISB,2026-06-02,1,desktop,45
S1006725,SES02854,2026-05-28T14:01:10Z,SHJ,KHI,2026-09-10,1,desktop,29
S1007760,SES00813,2026-05-28T14:06:23Z,KHI,SHJ,2026-09-16,1,ios,16
S1005941,SES02985,2026-05-28T14:23:42Z,LHE,ISB,2026-06-21,1,android,48
S1004743,SES03340,2026-05-28T14:43:41Z,ISB,LHE,2026-06-11,2,desktop,2
S1000335,SES02904,2026-05-28T15:17:43Z,LHE,KHI,2026-06-08,1,desktop,28
S1007136,SES02491,2026-05-28T15:23:56Z,SHJ,LHE,2026-08-17,1,bot,33
S1000264,SES00381,2026-05-28T15:32:50Z,KHI,MUX,2026-08-03,1,ios,7
S1001491,SES00560,2026-05-28T15:48:23Z,KHI,LHE,2026-08-25,1,android,28
S1002851,SES01983,2026-05-28T15:49:42Z,LHE,KHI,2026-06-24,1,ios,34
S1001626,SES00876,2026-05-28T15:57:13Z,LHE,DXB,2026-06-18,1,desktop,40
S1006671,SES00471,2026-05-28T16:40:33Z,ISB,SHJ,2026-09-13,1,android,16
S1006889,SES02379,2026-05-28T16:40:51Z,LHE,KHI,2026-08-02,1,desktop,15
S1003913,SES02268,2026-05-28T16:42:17Z,SHJ,LHE,2026-07-09,1,android,19
S1005275,SES01545,2026-05-28T16:52:50Z,KHI,LHE,2026-08-01,1,mobile_web,0
S1005718,SES00740,2026-05-28T17:29:59Z,LHE,KHI,2026-09-07,1,android,45
S1007780,SES01114,2026-05-28T17:36:03Z,ISB,KHI,2026-09-17,1,android,38
S1002050,SES01887,2026-05-28T17:38:32Z,ISB,PEW,2026-06-15,4,desktop,11
S1001985,SES01347,2026-05-28T17:52:58Z,ISB,KHI,2026-07-26,3,ios,19
S1005443,SES02451,2026-05-28T17:57:55Z,ISB,KHI,2026-07-01,1,ios,1
S1006515,SES00901,2026-05-28T18:24:13Z,KHI,LHE,2026-06-26,1,desktop,42
S1000378,SES02671,2026-05-28T18:25:45Z,KHI,MUX,2026-05-31,1,desktop,24
S1006490,SES02299,2026-05-28T18:29:40Z,ISB,KHI,2026-05-31,3,desktop,14
S1000204,SES02487,2026-05-28T18:35:58Z,KHI,LHE,2026-08-19,2,mobile_web,36
S1007243,SES02182,2026-05-28T18:47:35Z,KHI,DXB,2026-08-09,1,mobile_web,15
S1001384,SES00388,2026-05-28T19:08:48Z,KHI,SHJ,2026-05-30,2,android,35
S1007792,SES00344,2026-05-28T19:23:09Z,LHE,KHI,2026-06-12,2,android,13
S1003614,SES02951,2026-05-28T19:28:34Z,ISB,SHJ,2026-08-05,2,mobile_web,29
S1006435,SES02421,2026-05-28T19:42:23Z,KHI,ISB,2026-08-15,3,android,29
S1006688,SES00033,2026-05-28T19:47:46Z,LHE,KHI,2026-07-24,2,ios,18
S1001756,SES00663,2026-05-28T19:48:44Z,KHI,LHE,2026-07-22,2,android,7
S1005421,SES01810,2026-05-28T19:52:53Z,KHI,SHJ,2026-08-25,1,android,0
S1004973,SES02037,2026-05-28T19:55:43Z,LHR,ISB,2026-05-31,3,bot,47
S1005293,SES03228,2026-05-28T20:04:30Z,KHI,LHE,2026-06-20,4,ios,20
S1002204,SES03400,2026-05-28T20:06:26Z,SHJ,KHI,2026-09-05,1,android,23
S1003893,SES00606,2026-05-28T20:26:25Z,KHI,ISB,2026-07-04,3,android,23
S9154627,SES00989,2026-05-28T20:27:24Z,KHI,SHJ,2026-06-09,3,desktop,9
S1004715,SES01572,2026-05-28T20:30:19Z,LHE,DXB,2026-08-16,1,mobile_web,36
S1007831,SES00139,2026-05-28T20:41:29Z,KHI,LHE,2026-07-27,4,ios,16
S1001294,SES03256,2026-05-28T20:53:08Z,KHI,DXB,2026-08-27,1,android,43
S1007708,SES00882,2026-05-28T20:53:09Z,KHI,LHE,2026-06-16,1,desktop,15
S1007695,SES03134,2026-05-28T21:04:02Z,DXB,LHE,2026-05-30,4,ios,35
S1000805,SES01571,2026-05-28T21:04:29Z,DXB,KHI,2026-06-09,2,ios,13
S1005322,SES02684,2026-05-28T21:05:01Z,LHE,DXB,2026-06-10,1,mobile_web,28
S1000351,SES02444,2026-05-28T21:14:44Z,LHE,ISB,2026-07-06,1,android,24
S1004201,SES00885,2026-05-28T21:19:00Z,KHI,ISB,2026-07-14,2,android,5
S1000501,SES03044,2026-05-28T21:22:35Z,KHI,ISB,2026-08-01,2,ios,25
S1006234,SES02476,2026-05-28T21:33:30Z,LHE,ISB,2026-07-27,2,desktop,11
S1006654,SES03209,2026-05-28T21:39:19Z,SHJ,LHE,2026-07-17,2,desktop,7
S1005830,SES00975,2026-05-28T22:01:07Z,DXB,LHE,2026-07-25,1,ios,26
S1007644,SES02034,2026-05-28T22:17:23Z,LHE,SHJ,2026-09-06,2,android,29
S1006182,SES01265,2026-05-28T22:20:22Z,KHI,ISB,2026-09-13,4,desktop,26
S1004255,SES00985,2026-05-28T22:38:25Z,LHE,DXB,2026-09-22,1,android,27
S1002668,SES02011,2026-05-28T22:44:36Z,KHI,MUX,2026-09-06,1,mobile_web,21
S9646664,SES03198,2026-05-28T22:45:57Z,SHJ,LHE,2026-06-12,1,android,13
S1000093,SES02186,2026-05-28T22:46:16Z,LHE,ISB,2026-09-16,4,mobile_web,25
S1005592,SES00778,2026-05-28T22:54:33Z,ISB,LHE,2026-06-19,3,ios,25
S1001737,SES03276,2026-05-28T22:57:10Z,KHI,SHJ,2026-08-26,1,android,28
S1006453,SES00392,2026-05-28T23:02:58Z,ISB,SHJ,2026-09-17,3,desktop,11
S1006286,SES00610,2026-05-28T23:13:49Z,LHE,ISB,2026-06-05,1,desktop,28
S1002696,SES00470,2026-05-28T23:42:51Z,KHI,DXB,2026-08-08,1,desktop,5
S1001600,SES01149,2026-05-28T23:43:20Z,ISB,SHJ,2026-07-24,1,android,36
S1003963,SES00357,2026-05-28T23:46:26Z,KHI,SKT,2026-09-03,4,desktop,42
S1006062,SES01953,2026-05-29T00:04:12Z,KHI,LHE,2026-07-31,1,ios,6
S1001337,SES00688,2026-05-29T00:04:21Z,ISB,SHJ,2026-08-07,1,bot,27
S1000773,SES01353,2026-05-29T00:04:22Z,KHI,PEW,2026-09-08,2,mobile_web,22
S1007651,SES01494,2026-05-29T00:10:34Z,SHJ,LHE,2026-08-19,3,ios,5
S1001505,SES00459,2026-05-29T00:35:14Z,KHI,ISB,2026-07-11,1,android,29
S1006955,SES03147,2026-05-29T01:03:33Z,SHJ,KHI,2026-08-21,1,android,42
S1005113,SES00398,2026-05-29T01:07:24Z,ISB,LHR,2026-09-26,1,mobile_web,27
S1003190,SES02864,2026-05-29T01:14:12Z,ISB,LHE,2026-08-15,2,android,0
S1006236,SES02597,2026-05-29T01:44:27Z,LHE,DXB,2026-09-05,2,android,5
S1003737,SES02718,2026-05-29T01:48:15Z,ISB,LHR,2026-06-12,2,android,41
S1004332,SES00124,2026-05-29T02:07:36Z,KHI,DXB,2026-07-23,1,mobile_web,14
S1006514,SES01853,2026-05-29T02:23:29Z,KHI,SKT,2026-09-07,3,ios,29
S1006216,SES01910,2026-05-29T02:24:09Z,KHI,ISB,2026-09-11,1,android,35
S1003283,SES02437,2026-05-29T02:55:12Z,LHE,DXB,2026-06-01,2,android,28
S9316733,SES00720,2026-05-29T03:20:39Z,LHE,JED,2026-07-19,3,desktop,8
S1002605,SES01542,2026-05-29T03:29:12Z,ISB,SHJ,2026-08-05,2,ios,21
S1004189,SES01644,2026-05-29T03:54:47Z,KHI,JED,2026-08-09,1,ios,27
S1006283,SES02371,2026-05-29T03:56:35Z,LHE,ISB,2026-08-25,3,android,0
S1003918,SES01629,2026-05-29T04:16:48Z,LHE,SHJ,2026-09-12,1,desktop,12
S9619887,SES01732,2026-05-29T04:25:30Z,PEW,DXB,2026-06-17,1,desktop,10
S1000456,SES01410,2026-05-29T04:29:17Z,PEW,SHJ,2026-06-30,4,bot,9
S1007719,SES01620,2026-05-29T04:48:31Z,KHI,DXB,2026-07-29,2,ios,4
S1004692,SES01118,2026-05-29T05:09:22Z,KHI,LHE,2026-07-12,1,desktop,34
S1001112,SES01556,2026-05-29T05:13:14Z,PEW,DXB,2026-06-22,4,ios,15
S1001085,SES03029,2026-05-29T05:16:21Z,KHI,ISB,2026-07-16,3,ios,45
S1006439,SES03028,2026-05-29T05:17:25Z,KHI,SKT,2026-08-03,1,desktop,24
S1004232,SES03267,2026-05-29T05:22:01Z,KHI,UET,2026-09-03,2,mobile_web,32
S1006896,SES02566,2026-05-29T05:35:09Z,LHR,ISB,2026-08-16,1,android,26
S1001446,SES01650,2026-05-29T05:44:02Z,KHI,MUX,2026-08-24,1,desktop,25
S1001051,SES02237,2026-05-29T06:08:57Z,ISB,LHE,2026-08-16,4,android,39
S1005944,SES01675,2026-05-29T06:16:54Z,KHI,LHE,2026-09-02,2,android,27
S1007721,SES00982,2026-05-29T06:23:56Z,ISB,LHE,2026-07-02,1,mobile_web,7
S1003878,SES01285,2026-05-29T06:33:49Z,KHI,DXB,2026-06-28,3,ios,35
S1006990,SES02984,2026-05-29T06:55:36Z,ISB,SHJ,2026-06-19,2,ios,2
S1003720,SES01819,2026-05-29T07:03:16Z,ISB,KHI,2026-07-08,1,android,47
S1004362,SES00080,2026-05-29T07:06:28Z,ISB,KHI,2026-07-14,1,android,35
S1004798,SES01016,2026-05-29T07:19:22Z,KHI,MUX,2026-07-30,1,ios,7
S1000857,SES02551,2026-05-29T07:34:00Z,LHE,SHJ,2026-08-29,4,mobile_web,39
S1007902,SES01986,2026-05-29T07:53:02Z,DXB,KHI,2026-06-25,1,ios,17
S1001741,SES00601,2026-05-29T08:09:07Z,LHE,KHI,2026-08-23,3,desktop,9
S1002346,SES01115,2026-05-29T09:02:45Z,LHE,KHI,2026-08-10,2,android,9
S1002150,SES01001,2026-05-29T09:04:02Z,KHI,ISB,2026-06-07,1,ios,40
S9279588,SES00983,2026-05-29T09:17:27Z,LHE,DXB,2026-05-31,1,android,27
S1004783,SES00933,2026-05-29T09:25:30Z,KHI,ISB,2026-08-27,1,mobile_web,23
S1006502,SES01415,2026-05-29T09:30:27Z,ISB,PEW,2026-07-27,2,ios,13
S1006993,SES00417,2026-05-29T09:35:33Z,ISB,KHI,2026-08-03,1,ios,26
S1001495,SES00085,2026-05-29T09:45:09Z,KHI,ISB,2026-07-05,1,android,23
S1002712,SES00707,2026-05-29T10:10:20Z,KHI,ISB,2026-07-06,1,ios,17
S1001578,SES02154,2026-05-29T10:11:40Z,LHE,DXB,2026-06-11,1,android,44
S1002115,SES01933,2026-05-29T10:29:58Z,LHE,KHI,2026-07-19,1,android,41
S1005671,SES02495,2026-05-29T10:42:16Z,KHI,MUX,2026-07-30,1,ios,0
S1001965,SES01457,2026-05-29T10:44:53Z,ISB,SHJ,2026-06-28,1,android,40
S1002254,SES02718,2026-05-29T10:57:19Z,KHI,MUX,2026-08-08,2,android,0
S9867085,SES01496,2026-05-29T10:59:19Z,LHE,ISB,2026-09-18,1,desktop,9
S1003110,SES00068,2026-05-29T11:05:43Z,DXB,ISB,2026-07-25,1,android,27
S1006817,SES00561,2026-05-29T11:17:30Z,KHI,MUX,2026-07-25,2,android,34
S1000330,SES02341,2026-05-29T11:17:43Z,PEW,DXB,2026-09-24,2,desktop,43
S1007281,SES02077,2026-05-29T12:00:48Z,KHI,ISB,2026-08-22,3,mobile_web,10
S1007241,SES00611,2026-05-29T12:10:52Z,KHI,MUX,2026-06-11,2,mobile_web,40
S1006433,SES00248,2026-05-29T12:19:11Z,LHE,ISB,2026-07-10,3,android,7
S1007759,SES02979,2026-05-29T12:27:40Z,KHI,LHE,2026-08-18,1,ios,26
S1007332,SES00030,2026-05-29T12:28:55Z,ISB,DXB,2026-09-11,4,ios,22
S1002021,SES02158,2026-05-29T12:29:05Z,KHI,LHE,2026-09-25,1,android,25
S1000505,SES01226,2026-05-29T12:42:00Z,LHE,ISB,2026-06-09,1,android,33
S1007044,SES03291,2026-05-29T12:57:22Z,LHE,JED,2026-09-18,1,mobile_web,9
S1000940,SES01564,2026-05-29T13:10:26Z,KHI,ISB,2026-06-27,4,ios,15
S1004801,SES01895,2026-05-29T13:20:04Z,LHE,SHJ,2026-08-17,3,mobile_web,25
S1002404,SES00034,2026-05-29T13:22:14Z,PEW,SHJ,2026-09-24,1,android,2
S1006650,SES01285,2026-05-29T13:29:09Z,KHI,LHE,2026-07-23,2,mobile_web,45
S1006106,SES00246,2026-05-29T13:31:04Z,KHI,ISB,2026-09-13,2,android,39
S1004418,SES00443,2026-05-29T13:35:23Z,KHI,SHJ,2026-09-20,3,mobile_web,33
S1004004,SES00432,2026-05-29T13:51:47Z,DXB,KHI,2026-06-18,3,mobile_web,17
S1005420,SES01162,2026-05-29T13:55:08Z,SHJ,KHI,2026-06-23,1,desktop,36
S1000610,SES01948,2026-05-29T14:00:59Z,PEW,DXB,2026-09-07,4,android,44
S1003738,SES02734,2026-05-29T14:01:31Z,KHI,ISB,2026-07-11,3,android,28
S1002081,SES01641,2026-05-29T14:07:17Z,LHE,KHI,2026-06-22,1,android,39
S1007467,SES01693,2026-05-29T14:08:26Z,KHI,SHJ,2026-08-06,1,ios,12
S1006785,SES02831,2026-05-29T14:19:04Z,ISB,KHI,2026-07-25,1,ios,42
S9530616,SES01254,2026-05-29T14:36:55Z,LHE,DXB,2026-05-31,4,desktop,13
S1000514,SES02255,2026-05-29T14:44:35Z,KHI,LHE,2026-08-02,2,mobile_web,4
S1007357,SES03193,2026-05-29T14:47:36Z,KHI,PEW,2026-05-31,4,mobile_web,44
S1007789,SES02835,2026-05-29T14:56:24Z,KHI,LHE,2026-06-23,1,android,41
S1006232,SES03144,2026-05-29T14:58:34Z,ISB,KHI,2026-06-19,2,android,30
S1005645,SES01692,2026-05-29T15:19:14Z,ISB,KHI,2026-09-04,4,mobile_web,34
S1005542,SES02103,2026-05-29T15:29:49Z,LHE,JED,2026-06-13,2,mobile_web,13
S1001217,SES03137,2026-05-29T15:34:28Z,KHI,DXB,2026-06-12,1,android,46
S1003581,SES02324,2026-05-29T15:55:47Z,KHI,ISB,2026-06-26,1,android,36
S1001322,SES01145,2026-05-29T16:13:33Z,KHI,ISB,2026-07-11,4,mobile_web,27
S1004481,SES03289,2026-05-29T16:17:43Z,ISB,DXB,2026-06-02,1,ios,4
S9577325,SES01432,2026-05-29T16:34:36Z,KHI,ISB,2026-06-12,2,desktop,14
S1006895,SES02300,2026-05-29T16:41:30Z,KHI,LHE,2026-06-18,3,mobile_web,1
S1004877,SES01589,2026-05-29T16:58:29Z,SHJ,KHI,2026-07-13,1,android,10
S1004114,SES00761,2026-05-29T17:12:27Z,ISB,KHI,2026-07-17,2,android,10
S1006552,SES03335,2026-05-29T17:24:01Z,LHE,KHI,2026-08-07,1,desktop,36
S1001034,SES02550,2026-05-29T17:24:44Z,PEW,DXB,2026-08-08,3,ios,7
S9820071,SES01058,2026-05-29T17:49:58Z,KHI,SKT,2026-06-09,1,android,22
S1002805,SES00396,2026-05-29T17:58:31Z,ISB,SHJ,2026-09-24,1,bot,37
S1006851,SES00765,2026-05-29T18:14:53Z,LHE,ISB,2026-09-05,1,android,28
S1007083,SES00529,2026-05-29T18:38:54Z,KHI,SHJ,2026-09-05,1,desktop,23
S1003557,SES00038,2026-05-29T18:56:23Z,ISB,KHI,2026-06-10,1,ios,43
S1003440,SES01770,2026-05-29T19:09:09Z,KHI,LHE,2026-08-16,2,desktop,43
S1003516,SES01280,2026-05-29T19:13:28Z,PEW,SHJ,2026-07-01,2,bot,6
S1002981,SES00232,2026-05-29T19:22:58Z,ISB,KHI,2026-08-27,1,ios,5
S1004474,SES03067,2026-05-29T19:36:41Z,DXB,ISB,2026-08-01,4,android,4
S1006874,SES00826,2026-05-29T19:45:29Z,KHI,LHE,2026-06-28,2,desktop,39
S1005457,SES00112,2026-05-29T19:58:39Z,DXB,LHE,2026-07-20,2,ios,9
S1005466,SES01827,2026-05-29T20:33:14Z,KHI,SHJ,2026-08-28,3,ios,21
S1007975,SES00803,2026-05-29T20:39:00Z,ISB,SHJ,2026-07-26,2,mobile_web,46
S1004102,SES01322,2026-05-29T21:00:20Z,LHE,DXB,2026-06-07,1,desktop,28
S9109099,SES00863,2026-05-29T21:08:37Z,ISB,LHE,2026-07-17,2,desktop,38
S1004375,SES03302,2026-05-29T21:10:01Z,SHJ,KHI,2026-07-24,2,android,6
S1000874,SES00578,2026-05-29T21:16:42Z,LHE,ISB,2026-08-05,2,android,27
S1004027,SES01188,2026-05-29T21:20:58Z,DXB,ISB,2026-07-15,4,desktop,15
S1005200,SES01146,2026-05-29T21:23:30Z,LHE,JED,2026-06-07,2,android,23
S9639862,SES01579,2026-05-29T21:33:18Z,KHI,LHE,2026-06-13,1,desktop,21
S1000687,SES00286,2026-05-29T21:37:50Z,KHI,LHE,2026-08-31,3,android,24
S1001392,SES03253,2026-05-29T21:46:10Z,KHI,ISB,2026-09-10,4,ios,32
S1004814,SES02586,2026-05-29T21:50:45Z,PEW,SHJ,2026-07-05,1,bot,31
S1001231,SES02540,2026-05-29T21:59:06Z,KHI,SHJ,2026-08-28,2,mobile_web,38
S1004242,SES02811,2026-05-29T22:01:50Z,KHI,LHE,2026-09-02,4,desktop,4
S1007251,SES00661,2026-05-29T22:31:48Z,ISB,DXB,2026-09-08,2,android,24
S1001973,SES02884,2026-05-29T22:48:16Z,KHI,SKT,2026-06-30,1,desktop,34
S1004190,SES00717,2026-05-29T23:08:08Z,LHE,KHI,2026-07-18,2,ios,45
S1006332,SES01012,2026-05-29T23:17:47Z,KHI,DXB,2026-09-08,2,ios,41
S1000761,SES01431,2026-05-29T23:20:40Z,ISB,SHJ,2026-06-12,3,mobile_web,9
S1002669,SES00058,2026-05-29T23:29:00Z,KHI,UET,2026-06-12,1,android,20
S1004847,SES02633,2026-05-29T23:30:23Z,DXB,ISB,2026-09-26,2,android,43
S1000420,SES03213,2026-05-29T23:37:57Z,LHE,SHJ,2026-06-11,1,bot,3
S1000377,SES00486,2026-05-29T23:51:34Z,KHI,ISB,2026-08-13,1,mobile_web,42
S1006052,SES01216,2026-05-29T23:57:10Z,KHI,LHE,2026-07-13,3,ios,23
S1004223,SES02219,2026-05-30T00:04:56Z,LHE,ISB,2026-09-07,1,mobile_web,48
S1005080,SES03377,2026-05-30T00:22:05Z,KHI,DXB,2026-09-21,2,android,1
S1006551,SES00773,2026-05-30T00:34:41Z,KHI,PEW,2026-08-19,4,mobile_web,27
S1003920,SES03326,2026-05-30T00:37:15Z,SHJ,LHE,2026-07-14,1,android,41
S1004525,SES01507,2026-05-30T00:44:00Z,KHI,ISB,2026-06-15,1,android,24
S1004663,SES02985,2026-05-30T00:49:04Z,LHE,SHJ,2026-07-06,1,android,22
S1002080,SES00343,2026-05-30T01:07:14Z,KHI,LHE,2026-09-06,1,android,40
S1006343,SES00760,2026-05-30T01:16:26Z,KHI,SHJ,2026-07-17,1,mobile_web,40
S1000342,SES00043,2026-05-30T01:22:10Z,KHI,JED,2026-06-19,1,ios,29
S1006911,SES02908,2026-05-30T01:26:42Z,LHR,ISB,2026-06-05,4,ios,18
S1005445,SES00627,2026-05-30T01:27:12Z,DXB,ISB,2026-09-15,2,ios,34
S1002704,SES00925,2026-05-30T01:32:54Z,ISB,PEW,2026-07-23,1,android,19
S1006369,SES02174,2026-05-30T01:48:41Z,KHI,LHE,2026-09-25,1,android,17
S1004143,SES03089,2026-05-30T01:49:26Z,ISB,SHJ,2026-08-19,2,desktop,10
S1006431,SES03331,2026-05-30T02:07:08Z,KHI,ISB,2026-06-25,2,mobile_web,33
S1006984,SES03321,2026-05-30T02:08:45Z,ISB,DXB,2026-07-29,1,desktop,23
S1005856,SES02849,2026-05-30T02:11:32Z,KHI,SKT,2026-07-25,1,android,19
S1001199,SES02147,2026-05-30T02:17:14Z,LHE,ISB,2026-09-19,2,mobile_web,33
S9176953,SES01895,2026-05-30T02:46:04Z,KHI,LHE,2026-06-19,1,android,20
S1002474,SES00273,2026-05-30T02:58:41Z,ISB,DXB,2026-06-22,1,android,10
S1001080,SES02199,2026-05-30T03:03:48Z,SHJ,KHI,2026-06-02,3,android,0
S1006143,SES03147,2026-05-30T03:20:53Z,ISB,LHR,2026-09-12,1,android,26
S1005797,SES00204,2026-05-30T03:27:54Z,KHI,ISB,2026-06-03,1,android,10
S1003058,SES02136,2026-05-30T03:29:27Z,ISB,LHR,2026-09-21,4,android,1
S1003782,SES02657,2026-05-30T03:31:53Z,ISB,SHJ,2026-09-13,1,desktop,17
S1000782,SES01102,2026-05-30T03:41:40Z,KHI,LHE,2026-06-17,2,desktop,42
S1005349,SES00021,2026-05-30T03:53:16Z,ISB,KHI,2026-09-27,1,android,0
S1005313,SES01417,2026-05-30T04:05:44Z,KHI,LHE,2026-09-25,1,android,17
S9635117,SES00911,2026-05-30T04:12:17Z,KHI,PEW,2026-09-22,1,desktop,6
S1006579,SES01593,2026-05-30T04:32:02Z,KHI,LHE,2026-09-21,4,desktop,46
S1006001,SES02095,2026-05-30T04:33:54Z,ISB,KHI,2026-08-15,1,android,2
S1002916,SES01949,2026-05-30T04:38:22Z,KHI,PEW,2026-05-31,1,mobile_web,39
S1002675,SES00663,2026-05-30T04:55:50Z,KHI,MUX,2026-09-22,1,mobile_web,24
S1000463,SES02527,2026-05-30T04:57:27Z,DXB,KHI,2026-07-07,1,ios,24
S1006664,SES00027,2026-05-30T05:23:47Z,LHR,ISB,2026-08-18,1,desktop,0
S1003198,SES03218,2026-05-30T05:38:48Z,KHI,PEW,2026-09-11,1,ios,4
S1005890,SES00201,2026-05-30T05:48:24Z,KHI,DXB,2026-08-03,4,mobile_web,33
S1005233,SES00732,2026-05-30T06:11:19Z,PEW,DXB,2026-08-11,1,android,18
S1000375,SES01846,2026-05-30T06:20:05Z,LHE,DXB,2026-06-29,1,mobile_web,37
S1003076,SES00660,2026-05-30T06:22:20Z,KHI,PEW,2026-09-06,1,android,45
S1005663,SES01096,2026-05-30T06:28:48Z,LHE,DXB,2026-07-17,3,ios,21
S1004981,SES00346,2026-05-30T06:29:27Z,LHE,DXB,2026-09-07,1,mobile_web,25
S1001403,SES01084,2026-05-30T08:06:17Z,KHI,UET,2026-06-25,1,mobile_web,3
S1005278,SES00731,2026-05-30T08:35:32Z,KHI,ISB,2026-09-22,2,desktop,22
S1005498,SES00355,2026-05-30T08:49:39Z,DXB,ISB,2026-08-28,1,mobile_web,12
S1002266,SES00921,2026-05-30T09:19:13Z,LHE,ISB,2026-07-29,1,desktop,33
S1006848,SES01233,2026-05-30T09:33:23Z,KHI,SKT,2026-08-07,2,android,36
S1004931,SES03199,2026-05-30T09:37:04Z,KHI,LHE,2026-08-16,3,mobile_web,3
S1006854,SES01690,2026-05-30T09:55:03Z,LHE,KHI,2026-06-12,1,android,29
S1001371,SES01777,2026-05-30T09:59:14Z,ISB,SHJ,2026-05-31,1,android,15
S1006300,SES02563,2026-05-30T10:07:11Z,DXB,KHI,2026-09-22,3,android,33
S1007107,SES00370,2026-05-30T10:09:32Z,KHI,LHE,2026-09-11,1,android,15
S1001696,SES01865,2026-05-30T10:17:18Z,LHE,KHI,2026-09-20,1,android,20
S1005246,SES02129,2026-05-30T10:20:33Z,KHI,LHE,2026-08-21,3,mobile_web,45
S1004391,SES03220,2026-05-30T10:25:29Z,LHE,KHI,2026-09-21,1,ios,21
S1000114,SES03051,2026-05-30T10:26:32Z,KHI,MUX,2026-07-25,2,android,25
S9749530,SES01161,2026-05-30T10:39:51Z,LHE,ISB,2026-07-19,2,android,10
S1007125,SES03259,2026-05-30T10:41:46Z,KHI,ISB,2026-09-27,3,ios,47
S1003921,SES02173,2026-05-30T10:58:45Z,KHI,LHE,2026-09-26,2,android,14
S1007070,SES00229,2026-05-30T11:04:37Z,LHE,ISB,2026-09-22,1,android,39
S1006573,SES02945,2026-05-30T11:16:00Z,LHE,SHJ,2026-08-11,4,desktop,14
S1001301,SES00047,2026-05-30T11:25:19Z,KHI,ISB,2026-08-26,1,desktop,18
S1003351,SES02407,2026-05-30T11:28:27Z,KHI,LHE,2026-08-07,2,mobile_web,48
S1004558,SES02804,2026-05-30T11:36:27Z,KHI,PEW,2026-07-05,3,android,29
S1007216,SES00387,2026-05-30T11:42:06Z,ISB,SHJ,2026-09-19,2,android,20
S1002859,SES02803,2026-05-30T12:01:20Z,KHI,JED,2026-08-13,1,android,44
S1001455,SES01745,2026-05-30T12:03:30Z,KHI,DXB,2026-08-31,4,desktop,20
S1007105,SES01193,2026-05-30T12:14:41Z,DXB,LHE,2026-09-19,1,desktop,33
S1006488,SES01105,2026-05-30T12:39:47Z,ISB,SHJ,2026-08-31,1,android,35
S1004532,SES00703,2026-05-30T13:25:05Z,ISB,DXB,2026-06-14,1,desktop,18
S1001176,SES00239,2026-05-30T13:38:31Z,KHI,ISB,2026-07-18,1,android,42
S1001603,SES03013,2026-05-30T13:58:22Z,PEW,DXB,2026-07-01,2,android,24
S1005135,SES00510,2026-05-30T14:14:31Z,ISB,KHI,2026-06-23,2,android,40
S1006033,SES00825,2026-05-30T14:35:11Z,KHI,LHE,2026-08-23,2,ios,2
S1003864,SES02134,2026-05-30T14:44:41Z,KHI,ISB,2026-06-29,1,desktop,48
S1007314,SES02554,2026-05-30T14:45:10Z,LHE,ISB,2026-07-10,4,mobile_web,35
S1004729,SES00327,2026-05-30T15:15:27Z,KHI,SKT,2026-07-31,1,android,43
S1003157,SES00852,2026-05-30T15:17:35Z,ISB,SHJ,2026-09-27,2,android,32
S1000015,SES01868,2026-05-30T15:18:28Z,LHE,ISB,2026-07-15,1,android,42
S1005686,SES02647,2026-05-30T15:25:06Z,LHE,ISB,2026-08-24,2,android,25
S1005205,SES00572,2026-05-30T15:49:13Z,SHJ,LHE,2026-09-16,1,mobile_web,0
S1002784,SES00987,2026-05-30T16:03:47Z,ISB,LHE,2026-06-25,1,ios,26
S1003339,SES01849,2026-05-30T16:22:13Z,DXB,KHI,2026-08-12,1,android,41
S1005979,SES00894,2026-05-30T16:28:58Z,KHI,DXB,2026-06-11,1,android,14
S1001937,SES00686,2026-05-30T16:35:21Z,LHE,DXB,2026-06-28,2,desktop,1
S1003355,SES00914,2026-05-30T16:35:52Z,ISB,LHR,2026-08-01,1,android,21
S1004754,SES03120,2026-05-30T16:55:18Z,KHI,MUX,2026-07-04,2,android,2
S1005180,SES01116,2026-05-30T17:19:37Z,LHE,KHI,2026-08-16,2,ios,11
S1002575,SES02982,2026-05-30T17:21:43Z,ISB,KHI,2026-07-25,2,mobile_web,32
S1003541,SES02701,2026-05-30T17:28:37Z,KHI,ISB,2026-08-13,2,android,40
S1006518,SES03003,2026-05-30T17:49:49Z,ISB,LHE,2026-07-25,4,android,20
S1007088,SES01521,2026-05-30T17:56:59Z,ISB,KHI,2026-08-18,3,mobile_web,27
S1004185,SES00140,2026-05-30T18:12:14Z,PEW,DXB,2026-07-31,1,mobile_web,31
S1007089,SES02391,2026-05-30T18:29:08Z,ISB,SHJ,2026-07-29,1,android,45
S1007620,SES02447,2026-05-30T18:30:04Z,KHI,DXB,2026-08-29,2,desktop,33
S9196033,SES03184,2026-05-30T18:44:32Z,LHE,ISB,2026-07-17,3,android,26
S1007443,SES01627,2026-05-30T18:51:00Z,LHE,KHI,2026-09-13,1,ios,48
S1003973,SES00915,2026-05-30T18:52:44Z,KHI,DXB,2026-08-29,2,android,6
S1007071,SES01500,2026-05-30T19:05:20Z,LHE,ISB,2026-06-09,2,bot,6
S1003793,SES03358,2026-05-30T19:10:18Z,KHI,DXB,2026-07-15,1,ios,20
S1007938,SES01605,2026-05-30T19:17:13Z,KHI,MUX,2026-08-25,1,bot,46
S1001515,SES02445,2026-05-30T19:53:05Z,PEW,DXB,2026-09-21,1,desktop,41
S1003590,SES01109,2026-05-30T19:57:11Z,LHE,ISB,2026-09-07,3,desktop,24
S9740185,SES02463,2026-05-30T20:01:15Z,KHI,DXB,2026-09-23,2,desktop,33
S1003620,SES01280,2026-05-30T20:12:37Z,KHI,DXB,2026-07-15,3,desktop,41
S1006091,SES01593,2026-05-30T20:30:51Z,ISB,LHR,2026-08-17,1,desktop,43
S1002950,SES00421,2026-05-30T20:37:10Z,ISB,SHJ,2026-07-10,1,mobile_web,4
S1002032,SES02850,2026-05-30T20:37:16Z,ISB,PEW,2026-06-16,4,desktop,19
S1006179,SES01868,2026-05-30T20:48:21Z,PEW,DXB,2026-07-06,1,android,0
S1006567,SES01997,2026-05-30T20:58:09Z,PEW,SHJ,2026-08-26,1,mobile_web,45
S1007745,SES02833,2026-05-30T21:03:41Z,KHI,DXB,2026-08-23,3,android,40
S1001441,SES02939,2026-05-30T21:06:18Z,KHI,ISB,2026-09-23,1,mobile_web,15
S1007733,SES01705,2026-05-30T21:13:16Z,LHE,KHI,2026-07-04,1,desktop,19
S1000249,SES00869,2026-05-30T21:43:47Z,ISB,SHJ,2026-06-15,1,mobile_web,17
S1007590,SES00715,2026-05-30T21:59:59Z,LHE,DXB,2026-08-01,2,mobile_web,48
S1003952,SES00072,2026-05-30T22:05:48Z,LHR,ISB,2026-06-01,3,desktop,35
S1007993,SES01218,2026-05-30T22:20:08Z,ISB,LHE,2026-06-15,1,ios,6
S9679738,SES01161,2026-05-30T22:21:57Z,LHE,KHI,2026-07-18,3,desktop,40
S1004993,SES01737,2026-05-30T22:23:01Z,DXB,LHE,2026-08-03,1,desktop,31
S1007666,SES00095,2026-05-30T22:28:36Z,LHR,ISB,2026-09-27,1,android,33
S1005826,SES01381,2026-05-30T22:38:54Z,LHE,SHJ,2026-07-06,1,desktop,10
S1007373,SES02034,2026-05-30T22:46:44Z,DXB,LHE,2026-06-26,2,mobile_web,10
S1001755,SES00733,2026-05-30T22:57:17Z,LHE,SHJ,2026-08-26,2,android,39
S1001796,SES03280,2026-05-30T23:18:49Z,KHI,ISB,2026-06-06,2,mobile_web,41
S1000561,SES02001,2026-05-30T23:18:56Z,LHE,DXB,2026-06-15,2,android,31
S1000202,SES00415,2026-05-30T23:21:57Z,SHJ,KHI,2026-07-11,1,android,3
S1007825,SES03285,2026-05-30T23:30:56Z,ISB,PEW,2026-06-06,1,ios,22
S1000496,SES02952,2026-05-30T23:34:24Z,KHI,UET,2026-08-31,1,mobile_web,31
S1007614,SES02467,2026-05-30T23:57:01Z,ISB,LHE,2026-06-01,1,mobile_web,5
S1003087,SES02606,2026-05-30T23:59:51Z,ISB,KHI,2026-09-17,1,ios,24
S1005763,SES02666,2026-05-31T00:26:22Z,KHI,SHJ,2026-06-18,1,mobile_web,10
S1000543,SES00251,2026-05-31T00:26:44Z,ISB,KHI,2026-09-24,4,android,38
S1004108,SES00432,2026-05-31T00:38:13Z,DXB,KHI,2026-07-19,1,android,17
S1002706,SES02197,2026-05-31T01:00:01Z,KHI,SHJ,2026-07-06,2,mobile_web,44
S1005196,SES03162,2026-05-31T01:06:49Z,LHR,ISB,2026-08-11,3,bot,19
S1005168,SES02296,2026-05-31T01:08:08Z,ISB,PEW,2026-07-15,2,android,14
S1001846,SES02176,2026-05-31T01:09:21Z,PEW,SHJ,2026-06-10,3,desktop,27
S1000297,SES00925,2026-05-31T01:12:33Z,PEW,DXB,2026-07-23,1,desktop,37
S1000887,SES01839,2026-05-31T01:12:40Z,ISB,SHJ,2026-08-31,3,desktop,3
S1005922,SES00806,2026-05-31T01:18:33Z,KHI,SHJ,2026-06-17,4,bot,39
S1002698,SES00329,2026-05-31T01:19:33Z,DXB,LHE,2026-07-18,1,android,22
S1007347,SES01418,2026-05-31T01:38:28Z,KHI,LHE,2026-07-22,4,mobile_web,23
S1005566,SES00939,2026-05-31T01:55:45Z,DXB,ISB,2026-06-30,1,desktop,14
S1002460,SES01992,2026-05-31T02:02:58Z,ISB,KHI,2026-07-10,2,android,48
S1005601,SES02484,2026-05-31T02:21:17Z,KHI,MUX,2026-08-30,2,mobile_web,1
S1006634,SES00548,2026-05-31T02:38:24Z,DXB,ISB,2026-07-24,1,desktop,22
S1006099,SES01014,2026-05-31T03:13:51Z,ISB,KHI,2026-07-31,1,android,2
S1000656,SES02359,2026-05-31T03:19:50Z,KHI,MUX,2026-09-10,1,android,36
S1005171,SES02984,2026-05-31T03:26:12Z,KHI,MUX,2026-06-09,1,android,20
S1005036,SES01687,2026-05-31T03:28:31Z,KHI,LHE,2026-07-30,1,ios,7
S1007608,SES00399,2026-05-31T03:29:33Z,ISB,LHE,2026-07-07,1,ios,18
S1001687,SES02221,2026-05-31T03:52:33Z,LHE,SHJ,2026-07-05,1,desktop,45
S1003478,SES01562,2026-05-31T03:56:30Z,ISB,SHJ,2026-09-02,2,android,21
S1002313,SES01801,2026-05-31T04:05:18Z,KHI,ISB,2026-09-20,1,ios,47
S9427675,SES00543,2026-05-31T04:14:27Z,KHI,ISB,2026-06-07,2,desktop,35
S1004294,SES00601,2026-05-31T04:26:07Z,ISB,KHI,2026-06-02,1,mobile_web,35
S1001127,SES02506,2026-05-31T04:45:52Z,LHE,KHI,2026-08-23,1,android,3
S1004053,SES01084,2026-05-31T04:49:30Z,LHR,ISB,2026-09-12,1,android,45
S1006215,SES02305,2026-05-31T05:03:34Z,ISB,SHJ,2026-06-30,1,android,7
S9694139,SES01631,2026-05-31T05:49:09Z,ISB,KHI,2026-06-11,2,desktop,40
S1002096,SES00087,2026-05-31T06:20:18Z,LHE,ISB,2026-08-24,3,desktop,41
S1003514,SES01267,2026-05-31T06:24:02Z,ISB,KHI,2026-08-27,1,desktop,34
S1001126,SES03265,2026-05-31T06:39:35Z,SHJ,LHE,2026-08-27,1,desktop,43
S1000391,SES02794,2026-05-31T06:51:27Z,KHI,ISB,2026-06-26,1,android,41
S1004482,SES00006,2026-05-31T07:09:57Z,ISB,KHI,2026-06-19,4,android,24
S1003810,SES00364,2026-05-31T07:25:03Z,KHI,SHJ,2026-07-28,4,android,40
S1003552,SES03275,2026-05-31T07:29:41Z,KHI,SKT,2026-07-30,2,mobile_web,33
S1007366,SES01336,2026-05-31T07:38:29Z,LHE,ISB,2026-09-23,1,android,9
S1003732,SES01384,2026-05-31T07:49:05Z,PEW,SHJ,2026-09-24,2,android,13
S1002733,SES02576,2026-05-31T07:52:08Z,KHI,MUX,2026-09-04,4,desktop,17
S1005376,SES01263,2026-05-31T07:52:47Z,ISB,PEW,2026-09-25,1,desktop,38
S1007492,SES02638,2026-05-31T08:03:01Z,ISB,KHI,2026-06-28,2,desktop,20
S1004903,SES01840,2026-05-31T08:21:48Z,KHI,SHJ,2026-08-06,1,android,9
S1006269,SES02366,2026-05-31T08:37:40Z,KHI,SHJ,2026-09-04,2,android,27
S1005678,SES00525,2026-05-31T08:42:19Z,KHI,LHE,2026-09-17,2,android,30
S1005005,SES01889,2026-05-31T08:46:44Z,LHE,DXB,2026-07-16,3,desktop,41
S1003365,SES01642,2026-05-31T08:46:58Z,SHJ,LHE,2026-08-29,1,ios,12
S1006914,SES01236,2026-05-31T08:47:06Z,SHJ,KHI,2026-09-28,2,android,33
S1000755,SES02136,2026-05-31T08:59:15Z,LHE,ISB,2026-08-05,2,android,13
S1002987,SES01165,2026-05-31T09:10:09Z,KHI,ISB,2026-06-08,2,android,11
S1007909,SES02276,2026-05-31T09:10:30Z,ISB,PEW,2026-06-24,1,android,22
S9893587,SES02409,2026-05-31T09:13:37Z,KHI,DXB,2026-06-04,1,desktop,28
S1001058,SES00935,2026-05-31T09:20:33Z,ISB,LHE,2026-06-25,2,desktop,12
S1003187,SES01221,2026-05-31T09:30:21Z,ISB,SHJ,2026-09-26,1,mobile_web,19
S1007376,SES01812,2026-05-31T09:36:53Z,KHI,LHE,2026-09-26,3,android,23
S1002781,SES00670,2026-05-31T09:56:23Z,DXB,KHI,2026-07-12,2,desktop,41
S1000387,SES01624,2026-05-31T09:57:44Z,ISB,LHR,2026-06-15,3,android,46
S1002654,SES02541,2026-05-31T10:00:14Z,LHE,KHI,2026-09-02,1,mobile_web,38
S1004037,SES02395,2026-05-31T10:05:32Z,LHE,KHI,2026-09-15,4,ios,0
S1007082,SES02640,2026-05-31T10:10:05Z,KHI,PEW,2026-09-12,3,mobile_web,3
S1005033,SES01166,2026-05-31T10:14:51Z,LHE,DXB,2026-08-04,4,android,36
S1005147,SES00576,2026-05-31T10:17:01Z,ISB,KHI,2026-08-16,2,desktop,16
S1000636,SES00591,2026-05-31T10:17:21Z,LHE,DXB,2026-07-30,1,android,20
S1006534,SES00971,2026-05-31T10:26:41Z,KHI,SKT,2026-09-08,4,ios,13
S1003436,SES03120,2026-05-31T10:26:58Z,LHE,ISB,2026-06-19,1,android,29
S1004052,SES00180,2026-05-31T10:49:53Z,LHR,ISB,2026-07-31,1,desktop,22
S1003650,SES00118,2026-05-31T10:54:20Z,SHJ,LHE,2026-09-10,1,android,44
S1003099,SES00777,2026-05-31T11:03:21Z,SHJ,LHE,2026-06-24,1,android,5
S1007252,SES01888,2026-05-31T11:06:04Z,KHI,LHE,2026-06-06,1,ios,44
S1002858,SES00883,2026-05-31T11:36:01Z,KHI,SHJ,2026-09-17,1,android,23
S1000233,SES03392,2026-05-31T11:39:41Z,DXB,LHE,2026-09-20,1,ios,47
S1005377,SES02061,2026-05-31T11:46:34Z,ISB,DXB,2026-08-29,4,ios,7
S1004711,SES03034,2026-05-31T12:01:22Z,KHI,ISB,2026-08-01,1,ios,32
S1000547,SES02467,2026-05-31T12:28:30Z,KHI,SKT,2026-06-22,2,mobile_web,14
S1007810,SES00290,2026-05-31T12:31:30Z,ISB,KHI,2026-08-12,1,android,19
S1004501,SES03109,2026-05-31T12:44:29Z,ISB,LHR,2026-06-15,1,android,40
S1002209,SES03308,2026-05-31T12:48:05Z,DXB,LHE,2026-06-15,1,mobile_web,46
S1005762,SES01119,2026-05-31T12:49:06Z,LHE,ISB,2026-06-27,3,desktop,27
S1003301,SES00802,2026-05-31T13:11:09Z,ISB,SHJ,2026-07-14,1,android,43
S1007636,SES01424,2026-05-31T13:15:40Z,SHJ,LHE,2026-07-13,2,desktop,22
S1000822,SES01994,2026-05-31T13:18:45Z,KHI,SHJ,2026-09-15,1,android,40
S1005915,SES00858,2026-05-31T13:27:37Z,KHI,SKT,2026-09-16,1,android,4
S1004778,SES03309,2026-05-31T13:52:52Z,ISB,KHI,2026-08-17,1,android,44
S1006625,SES01676,2026-05-31T13:59:34Z,KHI,DXB,2026-09-12,1,mobile_web,29
S1002070,SES00702,2026-05-31T14:02:05Z,KHI,LHE,2026-08-16,1,desktop,21
S1006010,SES03006,2026-05-31T14:35:43Z,LHR,ISB,2026-06-03,1,desktop,45
S1005404,SES00854,2026-05-31T14:47:14Z,ISB,SHJ,2026-09-09,3,android,23
S1000649,SES03201,2026-05-31T14:47:38Z,PEW,DXB,2026-09-11,1,desktop,23
S1003217,SES02243,2026-05-31T15:05:37Z,LHE,JED,2026-06-05,2,android,19
S1003438,SES02553,2026-05-31T15:06:37Z,KHI,LHE,2026-07-13,3,mobile_web,27
S1006240,SES02754,2026-05-31T15:39:10Z,KHI,JED,2026-07-28,2,android,35
S1003015,SES00895,2026-05-31T16:10:37Z,KHI,ISB,2026-08-17,2,desktop,41
S9249980,SES01129,2026-05-31T16:14:45Z,KHI,LHE,2026-06-19,2,android,14
S1004331,SES00965,2026-05-31T16:18:45Z,KHI,LHE,2026-08-22,2,android,43
S1000752,SES01154,2026-05-31T16:32:19Z,ISB,SHJ,2026-07-02,1,desktop,0
S1002995,SES01013,2026-05-31T16:54:01Z,ISB,PEW,2026-09-27,1,bot,33
S1003354,SES01575,2026-05-31T16:54:38Z,LHE,KHI,2026-06-19,1,mobile_web,16
S1002375,SES01648,2026-05-31T16:55:31Z,ISB,KHI,2026-07-01,1,ios,11
S1007223,SES02183,2026-05-31T16:58:05Z,KHI,JED,2026-09-15,1,mobile_web,31
S1000159,SES00265,2026-05-31T17:08:14Z,ISB,LHE,2026-06-06,4,android,4
S1001332,SES01778,2026-05-31T17:18:17Z,KHI,DXB,2026-08-30,1,ios,14
S1003152,SES03139,2026-05-31T17:39:26Z,KHI,ISB,2026-09-08,3,android,24
S1000567,SES01213,2026-05-31T17:56:21Z,DXB,KHI,2026-08-06,2,ios,23
S1007752,SES01002,2026-05-31T18:11:03Z,KHI,DXB,2026-09-02,1,ios,40
S1001779,SES01373,2026-05-31T18:12:49Z,KHI,MUX,2026-07-21,2,mobile_web,14
S1004353,SES03140,2026-05-31T18:19:30Z,KHI,DXB,2026-08-08,1,mobile_web,2
S1005356,SES02523,2026-05-31T18:31:55Z,KHI,DXB,2026-07-14,1,ios,18
S1007446,SES03222,2026-05-31T18:45:26Z,KHI,LHE,2026-09-10,1,mobile_web,44
S1002690,SES03329,2026-05-31T19:09:58Z,DXB,ISB,2026-06-11,1,mobile_web,23
S1002211,SES02179,2026-05-31T19:11:59Z,LHE,DXB,2026-07-27,1,android,14
S1007985,SES00685,2026-05-31T19:12:05Z,KHI,ISB,2026-09-02,1,ios,7
S1002438,SES00799,2026-05-31T19:15:20Z,SHJ,KHI,2026-07-03,1,android,43
S1001065,SES02933,2026-05-31T19:32:22Z,LHE,ISB,2026-06-28,4,android,30
S1003522,SES01574,2026-05-31T19:33:00Z,SHJ,KHI,2026-09-14,1,desktop,21
S9135243,SES03229,2026-05-31T19:44:31Z,KHI,PEW,2026-09-20,1,android,16
S1003164,SES01121,2026-05-31T20:04:44Z,KHI,DXB,2026-07-31,2,desktop,11
S1001881,SES02158,2026-05-31T20:13:53Z,KHI,SKT,2026-08-07,1,android,23
S1007315,SES02908,2026-05-31T20:19:45Z,KHI,LHE,2026-07-14,1,android,27
S1006002,SES02182,2026-05-31T20:23:11Z,SHJ,LHE,2026-06-07,1,android,5
S1002808,SES02213,2026-05-31T20:32:07Z,KHI,ISB,2026-08-08,1,ios,11
S1006630,SES02895,2026-05-31T20:38:45Z,ISB,PEW,2026-06-20,2,android,46
S1005950,SES01258,2026-05-31T20:42:56Z,KHI,ISB,2026-09-18,1,android,27
S1001345,SES03125,2026-05-31T20:49:39Z,KHI,SKT,2026-09-11,3,android,1
S1000788,SES00342,2026-05-31T21:01:19Z,KHI,LHE,2026-08-24,1,android,42
S1004803,SES01248,2026-05-31T21:02:55Z,KHI,ISB,2026-08-16,1,mobile_web,17
S1006153,SES01938,2026-05-31T21:34:57Z,KHI,LHE,2026-07-09,1,ios,6
S1004312,SES02806,2026-05-31T21:38:09Z,KHI,LHE,2026-08-26,4,android,26
S1005284,SES00404,2026-05-31T21:44:14Z,KHI,PEW,2026-07-14,1,desktop,34
S1000251,SES00480,2026-05-31T21:45:44Z,PEW,DXB,2026-08-23,1,android,33
S1004442,SES03278,2026-05-31T21:58:57Z,LHE,KHI,2026-06-22,1,android,0
S1006985,SES02973,2026-05-31T22:00:01Z,LHE,DXB,2026-06-03,2,ios,5
S1003360,SES03233,2026-05-31T22:06:06Z,ISB,SHJ,2026-08-26,1,mobile_web,10
S1001884,SES00969,2026-05-31T22:18:09Z,SHJ,LHE,2026-09-25,3,android,31
S1000933,SES01248,2026-05-31T22:19:26Z,SHJ,LHE,2026-06-07,3,bot,8
S1005744,SES01491,2026-05-31T22:38:53Z,ISB,KHI,2026-09-20,4,android,24
S1006217,SES02263,2026-05-31T22:54:56Z,KHI,PEW,2026-06-01,2,mobile_web,21
S1001289,SES02539,2026-05-31T23:06:17Z,KHI,JED,2026-08-16,1,desktop,45
S1004428,SES00616,2026-05-31T23:09:16Z,KHI,LHE,2026-07-27,2,mobile_web,22
S1007807,SES01025,2026-05-31T23:22:01Z,LHE,ISB,2026-06-25,1,ios,8
S1002932,SES02698,2026-05-31T23:24:40Z,KHI,PEW,2026-09-08,1,desktop,39
S1006231,SES00800,2026-05-31T23:27:09Z,KHI,LHE,2026-06-05,1,mobile_web,10
S1000147,SES01905,2026-05-31T23:29:24Z,ISB,DXB,2026-07-13,1,android,11
S1005417,SES02415,2026-05-31T23:33:43Z,KHI,ISB,2026-08-17,2,bot,21
S1005502,SES01140,2026-05-31T23:38:45Z,KHI,LHE,2026-08-27,1,android,11
S1005216,SES02022,2026-06-01T00:00:28Z,LHE,DXB,2026-06-30,1,desktop,48
S1003643,SES02738,2026-06-01T00:48:22Z,ISB,KHI,2026-09-11,1,android,11
S1002197,SES00310,2026-06-01T00:54:27Z,DXB,KHI,2026-06-28,3,android,38
S1002795,SES01903,2026-06-01T00:55:34Z,LHE,KHI,2026-07-19,1,android,1
S9731261,SES00477,2026-06-01T00:56:02Z,PEW,SHJ,2026-09-20,1,desktop,40
S1003245,SES00252,2026-06-01T01:15:43Z,ISB,SHJ,2026-07-05,1,android,6
S1007413,SES01841,2026-06-01T01:42:13Z,KHI,ISB,2026-06-05,1,android,33
S1004092,SES00725,2026-06-01T01:44:44Z,ISB,KHI,2026-06-23,1,android,34
S1003188,SES01032,2026-06-01T02:05:58Z,KHI,ISB,2026-08-16,4,desktop,24
S1004048,SES00921,2026-06-01T02:07:01Z,DXB,KHI,2026-09-24,1,desktop,22
S1007600,SES00226,2026-06-01T02:14:32Z,LHE,DXB,2026-08-31,1,mobile_web,28
S1000059,SES00575,2026-06-01T02:48:45Z,LHE,KHI,2026-08-25,1,android,36
S1000107,SES03350,2026-06-01T03:17:12Z,KHI,DXB,2026-06-10,3,bot,30
S1006830,SES02245,2026-06-01T03:28:26Z,ISB,PEW,2026-09-11,1,ios,26
S1004191,SES00121,2026-06-01T03:36:56Z,KHI,MUX,2026-09-09,4,mobile_web,30
S1004335,SES02032,2026-06-01T03:40:57Z,KHI,MUX,2026-08-12,2,mobile_web,6
S1007747,SES00830,2026-06-01T03:54:37Z,DXB,ISB,2026-09-03,1,desktop,45
S1002997,SES00157,2026-06-01T04:04:39Z,LHE,KHI,2026-07-05,3,ios,31
S1007195,SES01362,2026-06-01T04:13:29Z,KHI,DXB,2026-09-20,3,ios,25
S1000472,SES02238,2026-06-01T04:17:25Z,PEW,DXB,2026-06-04,1,android,43
S1000557,SES00915,2026-06-01T04:34:00Z,DXB,KHI,2026-07-14,1,android,10
S1001787,SES01816,2026-06-01T04:41:55Z,LHE,ISB,2026-08-27,1,android,41
S1004574,SES02168,2026-06-01T04:46:24Z,KHI,SHJ,2026-08-28,1,desktop,2
S1003272,SES02569,2026-06-01T05:10:36Z,LHE,SHJ,2026-07-26,3,mobile_web,28
S9722555,SES01662,2026-06-01T05:20:00Z,DXB,KHI,2026-07-20,2,desktop,20
S1001903,SES01232,2026-06-01T05:35:17Z,ISB,SHJ,2026-08-20,1,android,26
S9288381,SES00503,2026-06-01T05:50:17Z,KHI,ISB,2026-06-20,2,desktop,25
S1000850,SES02721,2026-06-01T05:50:55Z,DXB,ISB,2026-09-12,2,android,12
S1004109,SES00976,2026-06-01T06:05:00Z,LHE,SHJ,2026-08-26,2,android,21
S1003219,SES01639,2026-06-01T06:14:15Z,KHI,DXB,2026-09-12,4,android,45
S1001712,SES02561,2026-06-01T06:43:45Z,ISB,KHI,2026-09-11,1,bot,46
S1005697,SES00512,2026-06-01T06:49:42Z,ISB,SHJ,2026-06-13,2,android,27
S1007317,SES00063,2026-06-01T06:58:00Z,SHJ,KHI,2026-07-09,1,android,4
S1004886,SES03025,2026-06-01T07:02:01Z,LHE,ISB,2026-06-30,1,desktop,2
S1005109,SES01681,2026-06-01T07:10:52Z,ISB,SHJ,2026-06-12,4,mobile_web,18
S1002112,SES02917,2026-06-01T07:11:14Z,DXB,ISB,2026-06-23,1,desktop,13
S1002843,SES02846,2026-06-01T07:17:39Z,ISB,PEW,2026-06-29,1,android,33
S1003108,SES00051,2026-06-01T07:38:07Z,KHI,ISB,2026-06-10,1,android,11
S1005770,SES00913,2026-06-01T07:50:37Z,KHI,LHE,2026-09-28,1,mobile_web,20
S1005101,SES02714,2026-06-01T07:53:27Z,LHE,DXB,2026-08-24,4,ios,9
S1000884,SES00410,2026-06-01T08:19:02Z,KHI,ISB,2026-06-18,1,android,1
S9135315,SES02478,2026-06-01T08:22:45Z,ISB,DXB,2026-06-06,1,desktop,20
S1000714,SES01027,2026-06-01T08:32:23Z,KHI,ISB,2026-08-07,1,mobile_web,37
S1000336,SES00004,2026-06-01T08:35:24Z,KHI,LHE,2026-09-18,1,mobile_web,4
S1004019,SES00825,2026-06-01T08:45:04Z,ISB,SHJ,2026-08-15,1,desktop,42
S1000362,SES01701,2026-06-01T09:00:23Z,KHI,SHJ,2026-06-08,2,android,20
S1003657,SES02882,2026-06-01T09:10:43Z,KHI,ISB,2026-06-09,1,desktop,33
S1006025,SES01194,2026-06-01T09:21:01Z,LHE,ISB,2026-06-25,2,android,34
S1005068,SES01622,2026-06-01T09:29:44Z,ISB,SHJ,2026-06-25,3,android,1
S1007473,SES02699,2026-06-01T09:39:54Z,KHI,LHE,2026-06-14,1,desktop,28
S1002944,SES02616,2026-06-01T09:46:42Z,DXB,LHE,2026-06-20,1,ios,6
S1005350,SES03171,2026-06-01T09:57:19Z,LHE,KHI,2026-06-04,1,desktop,39
S1005881,SES02719,2026-06-01T10:08:18Z,KHI,ISB,2026-08-22,1,android,10
S1006898,SES02562,2026-06-01T10:09:03Z,LHE,ISB,2026-07-18,2,desktop,3
S1007846,SES02330,2026-06-01T10:12:14Z,DXB,KHI,2026-08-28,2,desktop,20
S9428869,SES00685,2026-06-01T10:15:06Z,LHE,JED,2026-06-06,1,desktop,9
S1005054,SES02817,2026-06-01T10:18:58Z,LHE,KHI,2026-09-01,1,android,15
S1006019,SES01314,2026-06-01T10:44:37Z,KHI,LHE,2026-06-02,3,android,14
S1006888,SES02227,2026-06-01T10:52:25Z,LHE,ISB,2026-08-17,2,ios,9
S1006586,SES01863,2026-06-01T11:08:37Z,PEW,SHJ,2026-08-21,1,android,8
S1004483,SES00416,2026-06-01T11:19:34Z,KHI,LHE,2026-07-29,2,android,16
S1002120,SES02826,2026-06-01T11:31:03Z,KHI,LHE,2026-08-25,3,bot,1
S9945163,SES00344,2026-06-01T11:42:42Z,KHI,LHE,2026-06-06,1,desktop,9
S1000207,SES01226,2026-06-01T11:45:56Z,KHI,SKT,2026-07-14,1,desktop,24
S1005584,SES00277,2026-06-01T11:51:25Z,KHI,ISB,2026-06-12,4,mobile_web,22
S1007811,SES02792,2026-06-01T12:05:03Z,KHI,LHE,2026-08-26,1,android,24
S1001119,SES00023,2026-06-01T12:10:25Z,PEW,SHJ,2026-09-10,3,desktop,9
S1007333,SES01002,2026-06-01T12:34:05Z,LHE,DXB,2026-07-24,2,android,11
S1006434,SES01673,2026-06-01T12:58:55Z,ISB,SHJ,2026-08-13,1,desktop,10
S1002834,SES00545,2026-06-01T13:21:25Z,ISB,KHI,2026-07-26,1,android,33
S1002320,SES03191,2026-06-01T13:24:10Z,PEW,SHJ,2026-07-11,1,bot,21
S1003981,SES03342,2026-06-01T13:27:42Z,KHI,DXB,2026-06-26,1,android,27
S1000916,SES01422,2026-06-01T13:29:06Z,PEW,DXB,2026-09-18,1,mobile_web,5
S1004126,SES01899,2026-06-01T13:38:53Z,ISB,SHJ,2026-06-02,2,ios,7
S1000609,SES01679,2026-06-01T13:57:47Z,ISB,PEW,2026-07-18,1,android,6
S1006329,SES01676,2026-06-01T14:15:12Z,KHI,LHE,2026-06-14,2,ios,16
S1001533,SES00074,2026-06-01T15:15:29Z,ISB,LHE,2026-08-03,1,android,10
S1001460,SES02692,2026-06-01T15:30:35Z,SHJ,KHI,2026-06-15,2,android,31
S9359928,SES02660,2026-06-01T15:41:57Z,ISB,KHI,2026-07-21,1,desktop,39
S1002853,SES03304,2026-06-01T16:20:06Z,KHI,SKT,2026-06-17,2,desktop,36
S1001171,SES00939,2026-06-01T16:53:18Z,KHI,LHE,2026-09-23,1,android,44
S1005374,SES01215,2026-06-01T16:53:43Z,ISB,DXB,2026-09-22,3,android,27
S1001188,SES02941,2026-06-01T17:31:35Z,ISB,PEW,2026-06-07,1,desktop,25
S1007819,SES01690,2026-06-01T17:59:56Z,KHI,LHE,2026-08-17,3,mobile_web,48
S1000433,SES03313,2026-06-01T18:01:30Z,LHE,DXB,2026-06-21,3,android,35
S1000762,SES01940,2026-06-01T18:04:16Z,KHI,LHE,2026-07-09,3,desktop,23
S1002504,SES00713,2026-06-01T18:12:55Z,DXB,LHE,2026-09-22,1,android,28
S1006909,SES03398,2026-06-01T18:37:22Z,KHI,ISB,2026-09-15,4,ios,18
S1004399,SES00426,2026-06-01T18:56:01Z,LHE,SHJ,2026-06-07,1,desktop,21
S1005664,SES00543,2026-06-01T18:58:13Z,KHI,ISB,2026-09-11,3,android,36
S1006265,SES00067,2026-06-01T19:03:17Z,KHI,LHE,2026-08-06,2,android,23
S1002922,SES02324,2026-06-01T19:22:39Z,KHI,JED,2026-06-28,1,android,8
S1000404,SES03227,2026-06-01T19:32:08Z,ISB,PEW,2026-06-04,3,android,40
S1007832,SES00964,2026-06-01T19:35:13Z,PEW,DXB,2026-06-17,3,desktop,34
S1002517,SES01702,2026-06-01T20:19:41Z,KHI,DXB,2026-08-24,1,ios,33
S1001734,SES02777,2026-06-01T20:19:47Z,KHI,SHJ,2026-09-18,1,ios,11
S1003450,SES01007,2026-06-01T20:20:24Z,KHI,ISB,2026-07-10,1,mobile_web,44
S1003763,SES03156,2026-06-01T20:20:41Z,KHI,PEW,2026-07-30,1,ios,44
S1004268,SES01577,2026-06-01T20:29:13Z,LHE,DXB,2026-07-27,2,ios,17
S1002930,SES01923,2026-06-01T20:39:03Z,LHR,ISB,2026-07-01,1,android,43
S1007097,SES00856,2026-06-01T20:43:58Z,KHI,SHJ,2026-06-08,1,ios,21
S1000976,SES00723,2026-06-01T21:13:47Z,LHE,SHJ,2026-07-07,1,ios,7
S1007233,SES02345,2026-06-01T21:21:36Z,KHI,SKT,2026-06-04,1,desktop,6
S1003465,SES02347,2026-06-01T21:30:30Z,SHJ,LHE,2026-09-08,1,desktop,28
S1003597,SES00781,2026-06-01T21:43:49Z,SHJ,LHE,2026-08-08,2,android,13
S1007301,SES02538,2026-06-01T21:48:00Z,LHE,JED,2026-08-26,1,android,38
S9399213,SES03107,2026-06-01T21:54:59Z,LHE,ISB,2026-07-21,1,desktop,24
S1004011,SES01808,2026-06-01T21:58:19Z,SHJ,LHE,2026-07-12,3,desktop,30
S1000801,SES02647,2026-06-01T22:10:28Z,SHJ,KHI,2026-06-12,3,android,11
S1005699,SES02657,2026-06-01T22:18:38Z,SHJ,LHE,2026-07-16,2,mobile_web,30
S1001066,SES00688,2026-06-01T22:32:42Z,KHI,LHE,2026-08-31,2,android,29
S1003970,SES01480,2026-06-01T22:40:30Z,DXB,KHI,2026-06-21,3,android,10
S1002662,SES02700,2026-06-01T22:46:18Z,KHI,ISB,2026-06-05,1,desktop,4
S1002063,SES00383,2026-06-01T22:46:43Z,KHI,ISB,2026-06-17,2,android,41
S1004882,SES03210,2026-06-01T22:50:09Z,KHI,LHE,2026-06-28,1,desktop,20
S1002933,SES00125,2026-06-01T22:50:38Z,KHI,LHE,2026-06-14,2,android,0
S1000246,SES01238,2026-06-01T22:58:35Z,ISB,KHI,2026-07-28,1,desktop,28
S1004955,SES02821,2026-06-01T23:12:28Z,ISB,PEW,2026-09-28,1,desktop,7
S1001360,SES00376,2026-06-01T23:20:25Z,PEW,SHJ,2026-08-20,1,ios,0
S1004534,SES00509,2026-06-01T23:28:04Z,KHI,ISB,2026-07-03,1,desktop,6
S9231172,SES00009,2026-06-01T23:38:12Z,KHI,SHJ,2026-06-09,1,android,28
S9912021,SES02218,2026-06-02T00:07:15Z,KHI,SHJ,2026-06-21,1,desktop,15
S1006262,SES00208,2026-06-02T00:25:56Z,KHI,LHE,2026-06-14,1,desktop,3
S1007283,SES02302,2026-06-02T00:30:08Z,SHJ,KHI,2026-09-23,2,mobile_web,2
S1006023,SES01606,2026-06-02T00:34:50Z,KHI,SKT,2026-09-25,2,ios,40
S1007234,SES00126,2026-06-02T00:35:28Z,ISB,PEW,2026-06-25,3,ios,35
S1002649,SES00999,2026-06-02T00:38:39Z,LHE,KHI,2026-07-20,4,android,34
S1007877,SES01647,2026-06-02T00:45:11Z,LHE,JED,2026-08-10,1,mobile_web,7
S1000893,SES00476,2026-06-02T00:46:47Z,ISB,DXB,2026-07-07,3,android,10
S1000877,SES01024,2026-06-02T00:52:10Z,KHI,ISB,2026-06-04,1,mobile_web,32
S1002801,SES00567,2026-06-02T01:18:25Z,KHI,DXB,2026-08-30,4,ios,24
S1006061,SES00824,2026-06-02T01:19:51Z,PEW,DXB,2026-07-27,3,android,22
S1006016,SES01372,2026-06-02T01:34:56Z,KHI,ISB,2026-06-25,2,android,19
S1004079,SES02148,2026-06-02T01:39:16Z,SHJ,KHI,2026-08-11,3,ios,13
S1003693,SES01298,2026-06-02T02:05:47Z,KHI,LHE,2026-08-17,1,android,26
S1002068,SES03308,2026-06-02T02:08:35Z,PEW,DXB,2026-09-12,3,android,38
S1003630,SES00854,2026-06-02T02:37:07Z,KHI,LHE,2026-08-03,1,mobile_web,31
S1000555,SES01060,2026-06-02T03:16:30Z,KHI,ISB,2026-08-06,2,desktop,29
S1004515,SES02377,2026-06-02T03:35:28Z,ISB,SHJ,2026-09-17,1,mobile_web,24
S1006132,SES03112,2026-06-02T03:37:59Z,KHI,LHE,2026-06-03,1,bot,38
S1006742,SES00536,2026-06-02T03:51:37Z,LHE,DXB,2026-07-22,3,android,7
S1002660,SES01493,2026-06-02T03:52:27Z,PEW,DXB,2026-06-28,1,mobile_web,14
S1003870,SES03239,2026-06-02T03:59:05Z,KHI,LHE,2026-07-31,1,android,48
S1005646,SES02020,2026-06-02T04:11:54Z,LHE,ISB,2026-08-24,1,android,9
S1005997,SES01805,2026-06-02T04:17:46Z,PEW,DXB,2026-09-14,2,mobile_web,41
S1006997,SES02079,2026-06-02T04:51:45Z,KHI,PEW,2026-08-17,1,desktop,39
S1000770,SES01575,2026-06-02T04:57:51Z,LHE,JED,2026-07-30,4,ios,36
S1003045,SES00662,2026-06-02T05:02:05Z,DXB,KHI,2026-07-14,2,android,35
S1002439,SES02776,2026-06-02T05:02:31Z,KHI,SHJ,2026-07-02,2,android,27
S9844162,SES03392,2026-06-02T05:04:13Z,LHE,SHJ,2026-07-18,1,desktop,8
S1006222,SES00607,2026-06-02T05:35:43Z,KHI,DXB,2026-09-30,1,ios,15
S1004014,SES00463,2026-06-02T05:39:12Z,KHI,ISB,2026-07-14,1,android,0
S1007764,SES03006,2026-06-02T05:40:12Z,PEW,DXB,2026-07-10,1,android,18
S1007564,SES03126,2026-06-02T05:41:09Z,KHI,LHE,2026-08-23,1,mobile_web,3
S1004975,SES02223,2026-06-02T05:46:14Z,LHE,ISB,2026-08-05,1,android,32
S1004120,SES02371,2026-06-02T06:17:27Z,ISB,LHE,2026-06-17,1,mobile_web,10
S1006863,SES02199,2026-06-02T06:22:28Z,KHI,ISB,2026-07-02,2,desktop,16
S1001968,SES01211,2026-06-02T06:30:54Z,KHI,ISB,2026-06-09,3,android,3
S1005700,SES01707,2026-06-02T07:13:15Z,LHE,DXB,2026-07-20,1,mobile_web,6
S1003055,SES03302,2026-06-02T07:23:09Z,KHI,ISB,2026-09-23,2,android,44
S1003466,SES00943,2026-06-02T08:13:11Z,KHI,SHJ,2026-09-06,1,mobile_web,13
S9491552,SES02777,2026-06-02T08:37:24Z,LHE,JED,2026-06-19,2,desktop,27
S1002270,SES01306,2026-06-02T09:02:41Z,ISB,PEW,2026-06-16,4,android,36
S1003421,SES01635,2026-06-02T09:08:35Z,ISB,DXB,2026-07-14,1,desktop,29
S1004003,SES00373,2026-06-02T09:17:18Z,ISB,SHJ,2026-07-22,1,desktop,34
S1004198,SES02628,2026-06-02T09:22:27Z,KHI,ISB,2026-07-04,1,mobile_web,8
S1002598,SES02559,2026-06-02T09:22:46Z,LHE,SHJ,2026-07-12,3,mobile_web,34
S1001694,SES03341,2026-06-02T09:31:58Z,KHI,ISB,2026-09-14,1,android,42
S1003701,SES00805,2026-06-02T09:42:52Z,KHI,LHE,2026-09-24,3,desktop,40
S1007270,SES02195,2026-06-02T09:48:00Z,LHE,DXB,2026-06-08,3,ios,32
S1006938,SES00694,2026-06-02T09:58:53Z,ISB,KHI,2026-06-08,2,desktop,41
S1007551,SES01168,2026-06-02T10:06:09Z,KHI,LHE,2026-08-05,2,ios,39
S1002417,SES00931,2026-06-02T10:11:19Z,LHE,ISB,2026-08-19,1,mobile_web,11
S1000620,SES01863,2026-06-02T10:13:08Z,SHJ,LHE,2026-06-13,1,android,17
S1005781,SES01908,2026-06-02T10:18:49Z,DXB,LHE,2026-07-10,1,ios,18
S1001575,SES02759,2026-06-02T10:30:29Z,KHI,LHE,2026-09-10,1,android,27
S1001932,SES01360,2026-06-02T11:25:50Z,KHI,SHJ,2026-09-10,1,ios,7
S1006027,SES00066,2026-06-02T11:26:17Z,KHI,LHE,2026-08-17,1,desktop,12
S1007067,SES03246,2026-06-02T11:29:33Z,DXB,ISB,2026-08-07,1,desktop,7
S1001496,SES01540,2026-06-02T11:40:26Z,PEW,SHJ,2026-09-20,1,bot,5
S1006734,SES03397,2026-06-02T12:07:15Z,LHE,DXB,2026-09-15,1,android,12
S1006259,SES03350,2026-06-02T12:24:30Z,ISB,KHI,2026-06-11,3,desktop,0
S1003423,SES01538,2026-06-02T12:40:33Z,SHJ,KHI,2026-06-27,1,mobile_web,28
S1002091,SES02357,2026-06-02T12:41:31Z,KHI,JED,2026-08-03,1,android,13
S1004843,SES01250,2026-06-02T12:45:38Z,ISB,KHI,2026-06-06,2,android,14
S1005798,SES02227,2026-06-02T12:46:16Z,LHE,SHJ,2026-06-23,1,android,17
S1007865,SES02440,2026-06-02T12:49:53Z,KHI,ISB,2026-09-05,3,android,0
S1004656,SES03115,2026-06-02T13:06:23Z,DXB,ISB,2026-08-30,3,desktop,20
S1007426,SES03344,2026-06-02T13:24:30Z,KHI,LHE,2026-06-22,4,ios,43
S1001970,SES01705,2026-06-02T13:30:12Z,ISB,PEW,2026-08-20,1,mobile_web,34
S1007203,SES01761,2026-06-02T13:44:38Z,LHE,ISB,2026-07-05,1,android,35
S1003388,SES01303,2026-06-02T13:56:12Z,KHI,DXB,2026-08-21,1,android,21
S1006372,SES02928,2026-06-02T13:56:45Z,KHI,ISB,2026-08-31,3,desktop,30
S1006406,SES01208,2026-06-02T14:09:29Z,LHE,KHI,2026-07-01,1,android,47
S1005206,SES01792,2026-06-02T14:15:32Z,LHR,ISB,2026-06-12,2,ios,28
S1000934,SES02352,2026-06-02T14:22:47Z,ISB,PEW,2026-06-25,1,android,11
S9339267,SES02747,2026-06-02T14:32:01Z,ISB,KHI,2026-06-21,1,desktop,35
S9388187,SES00843,2026-06-02T14:36:03Z,KHI,LHE,2026-06-19,1,desktop,15
S1004477,SES01504,2026-06-02T14:43:50Z,LHE,KHI,2026-09-26,1,android,38
S1007758,SES00957,2026-06-02T14:51:03Z,DXB,KHI,2026-06-03,3,ios,3
S1004961,SES00762,2026-06-02T14:54:55Z,KHI,ISB,2026-07-17,2,android,28
S1004389,SES03274,2026-06-02T14:59:02Z,DXB,ISB,2026-08-17,1,android,46
S1003665,SES01294,2026-06-02T15:07:32Z,PEW,SHJ,2026-09-02,2,android,36
S1004976,SES02834,2026-06-02T15:24:32Z,ISB,KHI,2026-08-21,1,android,1
S1007163,SES00654,2026-06-02T15:47:12Z,ISB,PEW,2026-09-30,4,ios,12
S1001623,SES01766,2026-06-02T15:47:35Z,DXB,LHE,2026-08-19,1,ios,23
S1004598,SES00305,2026-06-02T15:52:07Z,KHI,SHJ,2026-06-25,1,ios,42
S1006619,SES00977,2026-06-02T15:56:24Z,KHI,ISB,2026-08-05,1,android,37
S1005635,SES02599,2026-06-02T16:16:35Z,KHI,MUX,2026-09-11,4,desktop,18
S9810579,SES03330,2026-06-02T16:22:03Z,PEW,SHJ,2026-06-16,2,desktop,8
S1000197,SES01524,2026-06-02T16:31:50Z,KHI,SHJ,2026-09-14,1,ios,45
S1006418,SES02315,2026-06-02T16:54:05Z,KHI,LHE,2026-09-29,2,android,43
S1004932,SES00824,2026-06-02T17:11:49Z,LHE,DXB,2026-09-03,4,ios,2
S1005359,SES03237,2026-06-02T17:30:12Z,SHJ,KHI,2026-06-05,1,android,41
S9208277,SES01418,2026-06-02T17:43:55Z,KHI,ISB,2026-06-08,1,desktop,38
S1003459,SES03043,2026-06-02T17:55:56Z,KHI,ISB,2026-09-01,1,mobile_web,11
S1005805,SES01235,2026-06-02T18:11:12Z,LHE,KHI,2026-07-02,1,ios,9
S1002894,SES01013,2026-06-02T18:14:32Z,KHI,ISB,2026-06-10,4,mobile_web,8
S1003470,SES00900,2026-06-02T18:46:36Z,SHJ,LHE,2026-07-12,1,android,13
S1002289,SES00745,2026-06-02T18:53:44Z,KHI,ISB,2026-07-19,1,ios,34
S9931877,SES00826,2026-06-02T18:56:40Z,KHI,LHE,2026-06-08,4,desktop,34
S1002742,SES03159,2026-06-02T19:02:20Z,ISB,KHI,2026-09-19,2,mobile_web,45
S1005506,SES01927,2026-06-02T19:07:21Z,SHJ,LHE,2026-07-07,2,desktop,34
S1000473,SES02064,2026-06-02T19:10:36Z,LHE,ISB,2026-06-06,2,android,27
S1002105,SES00933,2026-06-02T19:11:12Z,ISB,KHI,2026-06-14,2,ios,25
S1002027,SES01591,2026-06-02T19:20:09Z,KHI,LHE,2026-07-10,1,ios,6
S1002107,SES02821,2026-06-02T19:21:00Z,LHE,ISB,2026-08-22,2,android,47
S1006999,SES02406,2026-06-02T19:52:17Z,SHJ,LHE,2026-07-04,2,desktop,42
S1001183,SES03320,2026-06-02T19:56:03Z,KHI,UET,2026-07-01,1,android,22
S1007131,SES00956,2026-06-02T20:05:07Z,SHJ,LHE,2026-09-10,2,android,7
S1003029,SES03148,2026-06-02T20:14:04Z,LHE,DXB,2026-06-11,3,ios,34
S1002330,SES02105,2026-06-02T20:14:47Z,KHI,SKT,2026-09-29,1,android,3
S1006663,SES02037,2026-06-02T21:11:43Z,LHE,KHI,2026-08-21,4,desktop,0
S1006127,SES02716,2026-06-02T21:15:54Z,ISB,PEW,2026-08-08,2,android,44
S1006555,SES03182,2026-06-02T22:16:34Z,PEW,SHJ,2026-08-12,2,android,12
S1004360,SES01355,2026-06-02T22:19:59Z,KHI,SHJ,2026-07-14,2,android,35
S1005628,SES01854,2026-06-02T22:20:55Z,LHE,KHI,2026-07-06,3,android,26
S1006563,SES01216,2026-06-02T22:34:20Z,LHE,ISB,2026-08-12,1,bot,8
S1004319,SES00304,2026-06-02T22:48:39Z,KHI,ISB,2026-06-08,4,ios,26
S1001451,SES02439,2026-06-02T22:52:23Z,KHI,DXB,2026-06-06,1,desktop,23
S1006550,SES00875,2026-06-02T23:00:07Z,KHI,ISB,2026-09-15,1,ios,36
S1003583,SES03064,2026-06-02T23:15:42Z,ISB,LHE,2026-07-15,2,desktop,24
S1005477,SES02230,2026-06-02T23:20:40Z,KHI,ISB,2026-07-11,3,bot,33
S9323536,SES02201,2026-06-02T23:34:36Z,KHI,MUX,2026-06-12,2,desktop,33
S1003061,SES00900,2026-06-02T23:35:18Z,ISB,PEW,2026-07-21,1,bot,14
S1003851,SES01380,2026-06-02T23:42:25Z,ISB,PEW,2026-06-12,1,desktop,20
S1002678,SES02882,2026-06-02T23:44:35Z,KHI,DXB,2026-07-01,2,desktop,15
S1002750,SES01289,2026-06-02T23:53:05Z,PEW,DXB,2026-08-26,1,mobile_web,35
S1006165,SES01828,2026-06-03T00:15:25Z,ISB,SHJ,2026-08-09,1,bot,45
S1000627,SES02753,2026-06-03T00:25:44Z,ISB,KHI,2026-09-27,1,ios,4
S1006185,SES01405,2026-06-03T00:27:34Z,LHE,DXB,2026-06-26,3,ios,30
S1001628,SES03189,2026-06-03T00:28:51Z,KHI,SHJ,2026-08-27,1,android,37
S1004252,SES01737,2026-06-03T00:32:42Z,KHI,JED,2026-07-13,4,mobile_web,25
S1001390,SES00819,2026-06-03T00:37:28Z,DXB,KHI,2026-09-05,1,desktop,24
S1004603,SES00795,2026-06-03T00:53:55Z,KHI,LHE,2026-08-31,2,mobile_web,24
S1006606,SES01199,2026-06-03T01:01:16Z,PEW,DXB,2026-08-25,3,android,33
S1003419,SES02584,2026-06-03T01:06:54Z,ISB,SHJ,2026-06-26,1,mobile_web,1
S1002059,SES00934,2026-06-03T01:07:29Z,DXB,LHE,2026-07-02,1,android,47
S1007844,SES01672,2026-06-03T01:13:36Z,PEW,DXB,2026-07-29,1,bot,32
S1003771,SES03076,2026-06-03T01:19:19Z,KHI,JED,2026-08-31,1,android,24
S1006772,SES02877,2026-06-03T01:33:56Z,PEW,DXB,2026-09-13,1,android,14
S1005317,SES03396,2026-06-03T01:59:33Z,ISB,SHJ,2026-09-07,1,android,1
S1004361,SES00462,2026-06-03T02:06:23Z,LHE,ISB,2026-09-11,1,android,28
S1001383,SES01893,2026-06-03T02:42:31Z,KHI,ISB,2026-09-09,2,android,25
S1000480,SES01134,2026-06-03T02:43:07Z,KHI,UET,2026-09-26,1,android,38
S1000661,SES02604,2026-06-03T02:48:41Z,KHI,UET,2026-08-28,1,android,15
S1007026,SES00756,2026-06-03T02:56:02Z,LHE,ISB,2026-08-23,2,android,2
S1002540,SES02724,2026-06-03T03:11:11Z,ISB,PEW,2026-06-12,1,desktop,39
S1005896,SES00156,2026-06-03T03:14:51Z,KHI,LHE,2026-07-15,4,mobile_web,25
S1002542,SES02675,2026-06-03T03:37:10Z,ISB,KHI,2026-07-30,3,android,3
S1002312,SES00514,2026-06-03T03:41:48Z,KHI,LHE,2026-07-18,2,ios,18
S1005724,SES00955,2026-06-03T03:42:00Z,KHI,ISB,2026-07-24,1,android,44
S1005679,SES02843,2026-06-03T03:43:16Z,LHE,DXB,2026-09-25,4,bot,39
S1001020,SES02895,2026-06-03T03:58:01Z,DXB,LHE,2026-06-05,3,android,41
S1001695,SES03284,2026-06-03T04:02:08Z,SHJ,LHE,2026-08-02,2,android,19
S1004479,SES03203,2026-06-03T04:05:53Z,KHI,ISB,2026-06-28,3,android,4
S1001100,SES01892,2026-06-03T04:16:28Z,KHI,MUX,2026-08-26,1,android,24
S1005518,SES00867,2026-06-03T04:30:47Z,ISB,SHJ,2026-09-29,2,mobile_web,0
S1005725,SES00507,2026-06-03T04:30:53Z,ISB,KHI,2026-09-28,1,android,30
S1005580,SES02107,2026-06-03T04:46:08Z,ISB,KHI,2026-07-03,1,mobile_web,2
S1007826,SES02923,2026-06-03T05:08:10Z,KHI,LHE,2026-09-06,3,desktop,28
S1007787,SES02095,2026-06-03T05:16:03Z,DXB,LHE,2026-08-04,4,mobile_web,45
S1007500,SES02478,2026-06-03T05:18:27Z,KHI,MUX,2026-07-02,4,ios,0
S1006155,SES00790,2026-06-03T05:20:52Z,LHE,SHJ,2026-07-12,3,ios,2
S1003047,SES00420,2026-06-03T05:29:14Z,LHE,DXB,2026-09-10,1,android,34
S1000214,SES02462,2026-06-03T05:30:34Z,PEW,DXB,2026-06-07,3,desktop,17
S1007003,SES02473,2026-06-03T05:54:47Z,KHI,MUX,2026-09-13,1,mobile_web,11
S1005070,SES01252,2026-06-03T06:00:02Z,KHI,ISB,2026-07-03,4,android,19
S1001858,SES00667,2026-06-03T06:01:02Z,KHI,LHE,2026-06-14,1,mobile_web,45
S9138305,SES00495,2026-06-03T06:10:16Z,LHE,ISB,2026-07-20,1,desktop,8
S1007264,SES00878,2026-06-03T06:13:20Z,KHI,SHJ,2026-09-13,2,ios,10
S1002337,SES01577,2026-06-03T06:28:03Z,KHI,MUX,2026-07-14,3,android,42
S1005740,SES02712,2026-06-03T06:37:30Z,KHI,LHE,2026-06-15,1,android,12
S1005144,SES02576,2026-06-03T06:50:36Z,ISB,SHJ,2026-08-05,1,android,46
S1001871,SES02825,2026-06-03T06:53:34Z,LHE,KHI,2026-07-14,1,mobile_web,26
S1004129,SES01877,2026-06-03T06:57:52Z,KHI,LHE,2026-09-28,1,bot,23
S1006805,SES02466,2026-06-03T07:05:15Z,KHI,PEW,2026-10-01,2,desktop,8
S1005449,SES00241,2026-06-03T07:13:33Z,LHE,KHI,2026-08-02,2,mobile_web,6
S1001889,SES02525,2026-06-03T07:17:27Z,LHE,JED,2026-06-04,1,android,24
S1001493,SES01297,2026-06-03T07:20:37Z,DXB,KHI,2026-08-19,1,mobile_web,13
S1002230,SES02095,2026-06-03T07:29:33Z,LHE,ISB,2026-08-08,1,mobile_web,27
S1007813,SES00777,2026-06-03T07:40:01Z,KHI,SHJ,2026-06-12,2,desktop,46
S1001641,SES03070,2026-06-03T07:44:44Z,LHE,DXB,2026-08-06,1,android,16
S1001833,SES02376,2026-06-03T08:10:19Z,LHE,ISB,2026-07-13,2,mobile_web,15
S1002180,SES02663,2026-06-03T08:28:18Z,ISB,SHJ,2026-08-24,2,desktop,48
S1004996,SES00347,2026-06-03T08:36:41Z,SHJ,LHE,2026-09-10,3,android,24
S1001778,SES02946,2026-06-03T08:37:12Z,KHI,SHJ,2026-09-25,4,android,10
S1006819,SES01775,2026-06-03T08:38:47Z,KHI,MUX,2026-09-04,1,mobile_web,12
S1000798,SES00879,2026-06-03T08:39:54Z,KHI,LHE,2026-09-04,2,android,20
S1007378,SES00839,2026-06-03T08:44:39Z,KHI,ISB,2026-09-13,1,desktop,23
S1000248,SES01058,2026-06-03T08:57:00Z,ISB,KHI,2026-07-13,1,ios,10
S1007238,SES02713,2026-06-03T09:35:38Z,DXB,KHI,2026-09-04,4,desktop,38
S1000208,SES01246,2026-06-03T10:06:30Z,KHI,SHJ,2026-08-24,2,desktop,17
S1004818,SES02911,2026-06-03T10:09:47Z,LHE,ISB,2026-08-29,1,ios,10
S1005852,SES02203,2026-06-03T10:21:22Z,SHJ,KHI,2026-06-04,1,android,32
S1004713,SES02792,2026-06-03T10:38:23Z,KHI,SHJ,2026-06-14,1,ios,14
S1007779,SES01469,2026-06-03T10:41:57Z,ISB,KHI,2026-07-08,1,desktop,2
S1000373,SES03268,2026-06-03T10:54:07Z,KHI,JED,2026-07-29,1,ios,28
S1003625,SES03033,2026-06-03T10:57:05Z,LHE,DXB,2026-09-01,3,desktop,0
S1002101,SES01313,2026-06-03T11:12:09Z,ISB,LHR,2026-09-14,2,android,38
S1001541,SES01749,2026-06-03T11:13:28Z,LHE,ISB,2026-08-27,3,android,47
S1002233,SES00720,2026-06-03T11:22:28Z,LHE,KHI,2026-06-20,1,ios,28
S1005796,SES00796,2026-06-03T11:23:17Z,KHI,MUX,2026-08-09,1,android,1
S1007723,SES01126,2026-06-03T12:26:59Z,ISB,PEW,2026-06-18,2,android,47
S1007678,SES03303,2026-06-03T12:46:51Z,KHI,ISB,2026-08-13,1,mobile_web,10
S1002867,SES02975,2026-06-03T12:52:14Z,KHI,ISB,2026-08-31,1,android,7
S1000353,SES03033,2026-06-03T12:57:10Z,LHE,KHI,2026-07-30,1,android,40
S1004459,SES02523,2026-06-03T13:24:57Z,KHI,LHE,2026-06-25,1,android,34
S1006617,SES01357,2026-06-03T13:33:38Z,ISB,DXB,2026-06-13,1,mobile_web,6
S1005821,SES00531,2026-06-03T14:07:46Z,ISB,SHJ,2026-06-21,2,android,12
S1002833,SES01748,2026-06-03T14:21:18Z,ISB,SHJ,2026-09-18,4,bot,25
S1000634,SES00379,2026-06-03T14:45:38Z,LHR,ISB,2026-07-20,3,android,8
S1000896,SES02434,2026-06-03T14:56:18Z,PEW,SHJ,2026-07-19,4,android,21
S1000617,SES01098,2026-06-03T15:09:59Z,ISB,PEW,2026-09-21,1,android,37
S1007196,SES01321,2026-06-03T15:29:27Z,KHI,MUX,2026-06-11,1,desktop,30
S1000759,SES00439,2026-06-03T15:34:42Z,LHE,KHI,2026-07-28,1,desktop,26
S1001975,SES03120,2026-06-03T15:36:36Z,KHI,LHE,2026-09-06,1,android,22
S1007710,SES00884,2026-06-03T16:10:10Z,KHI,ISB,2026-08-13,2,ios,41
S1002260,SES01721,2026-06-03T16:40:31Z,KHI,ISB,2026-06-08,1,android,33
S1004648,SES03230,2026-06-03T16:50:06Z,LHE,SHJ,2026-08-11,2,android,9
S1002687,SES00833,2026-06-03T16:51:45Z,KHI,LHE,2026-08-04,1,android,33
S1007513,SES01848,2026-06-03T16:54:02Z,DXB,KHI,2026-09-11,1,android,39
S1001197,SES01991,2026-06-03T17:05:54Z,LHE,ISB,2026-09-23,1,android,3
S1006069,SES01123,2026-06-03T17:23:49Z,LHE,SHJ,2026-08-25,3,desktop,23
S1000349,SES01209,2026-06-03T17:33:44Z,LHE,ISB,2026-08-23,1,desktop,16
S1000677,SES02257,2026-06-03T17:34:54Z,ISB,KHI,2026-08-08,2,android,39
S1004616,SES00350,2026-06-03T17:41:42Z,KHI,LHE,2026-09-18,2,mobile_web,25
S1001511,SES00574,2026-06-03T17:43:05Z,KHI,PEW,2026-06-19,2,desktop,12
S1001274,SES00336,2026-06-03T17:59:24Z,KHI,ISB,2026-07-19,4,android,1
S1004666,SES02543,2026-06-03T18:01:55Z,LHR,ISB,2026-09-27,1,mobile_web,9
S1005066,SES03328,2026-06-03T18:07:31Z,KHI,MUX,2026-07-10,3,mobile_web,6
S1004655,SES02476,2026-06-03T18:28:56Z,SHJ,KHI,2026-06-29,2,ios,14
S1004125,SES01206,2026-06-03T18:43:39Z,KHI,UET,2026-09-20,1,ios,48
S1001263,SES01817,2026-06-03T18:47:40Z,KHI,ISB,2026-07-18,1,mobile_web,12
S1004372,SES01789,2026-06-03T18:49:27Z,DXB,KHI,2026-09-15,1,desktop,22
S1006963,SES01456,2026-06-03T18:55:20Z,ISB,KHI,2026-07-12,1,ios,41
S1003626,SES00820,2026-06-03T18:58:21Z,LHE,SHJ,2026-06-05,1,mobile_web,35
S1004349,SES02401,2026-06-03T19:04:51Z,KHI,JED,2026-06-29,1,android,7
S1007411,SES01541,2026-06-03T19:16:39Z,KHI,SHJ,2026-06-10,1,android,13
S1003135,SES03135,2026-06-03T19:20:20Z,PEW,SHJ,2026-07-22,1,desktop,39
S1001489,SES02270,2026-06-03T19:46:24Z,ISB,KHI,2026-06-04,1,android,34
S1003221,SES02801,2026-06-03T19:52:31Z,KHI,SHJ,2026-07-12,2,android,33
S1001313,SES02471,2026-06-03T19:53:04Z,LHE,JED,2026-09-01,1,mobile_web,47
S1002769,SES00748,2026-06-03T20:15:17Z,KHI,ISB,2026-08-21,3,android,6
S1002407,SES01429,2026-06-03T20:25:03Z,KHI,PEW,2026-08-08,3,desktop,43
S1004251,SES01452,2026-06-03T20:26:36Z,KHI,UET,2026-09-29,1,android,29
S1005698,SES02390,2026-06-03T20:31:24Z,ISB,PEW,2026-08-18,2,android,31
S1007015,SES00738,2026-06-03T20:37:23Z,ISB,SHJ,2026-06-21,1,mobile_web,32
S1001265,SES01702,2026-06-03T20:38:46Z,KHI,LHE,2026-08-30,1,android,10
S1004954,SES01595,2026-06-03T20:57:46Z,KHI,LHE,2026-07-27,2,ios,3
S1003959,SES00778,2026-06-03T21:03:56Z,PEW,DXB,2026-07-09,1,ios,0
S1007042,SES01065,2026-06-03T21:09:49Z,ISB,KHI,2026-09-08,1,android,22
S1007632,SES00248,2026-06-03T21:16:51Z,LHE,ISB,2026-10-01,1,android,10
S1003288,SES00674,2026-06-03T21:22:29Z,KHI,SKT,2026-07-07,1,android,36
S1000131,SES02809,2026-06-03T21:26:20Z,KHI,LHE,2026-09-14,4,android,39
S1000372,SES01272,2026-06-03T21:38:25Z,LHE,DXB,2026-07-31,1,desktop,42
S1002877,SES02238,2026-06-03T21:49:22Z,KHI,ISB,2026-06-16,2,android,41
S1007278,SES03162,2026-06-03T22:30:20Z,KHI,LHE,2026-08-23,1,android,8
S1003752,SES00689,2026-06-03T22:53:06Z,KHI,DXB,2026-08-28,1,mobile_web,23
S1005085,SES00115,2026-06-03T22:59:53Z,PEW,DXB,2026-07-20,1,mobile_web,32
S1004891,SES02172,2026-06-03T23:14:35Z,KHI,SHJ,2026-06-13,1,android,32
S1001484,SES02348,2026-06-03T23:16:17Z,PEW,SHJ,2026-08-25,3,desktop,20
S1000282,SES03379,2026-06-03T23:57:36Z,KHI,ISB,2026-08-23,1,desktop,10
S1005608,SES00300,2026-06-04T00:05:45Z,ISB,DXB,2026-06-15,4,ios,37
S1007442,SES02063,2026-06-04T00:36:09Z,ISB,SHJ,2026-07-29,1,mobile_web,34
S1005641,SES03088,2026-06-04T00:37:37Z,ISB,DXB,2026-09-26,1,ios,26
S1003983,SES02774,2026-06-04T00:48:15Z,LHE,DXB,2026-09-14,1,android,17
S1007781,SES00793,2026-06-04T00:48:33Z,ISB,SHJ,2026-06-17,1,android,23
S1000542,SES00803,2026-06-04T01:05:31Z,KHI,JED,2026-08-24,1,android,6
S1006855,SES01033,2026-06-04T01:09:06Z,KHI,LHE,2026-06-16,1,android,38
S1006861,SES02296,2026-06-04T01:19:52Z,PEW,DXB,2026-07-13,1,desktop,44
S1005406,SES00309,2026-06-04T01:30:10Z,KHI,DXB,2026-07-04,1,android,17
S1001752,SES00669,2026-06-04T01:53:18Z,DXB,LHE,2026-07-02,1,android,20
S1006150,SES02025,2026-06-04T01:55:05Z,LHE,DXB,2026-06-30,2,android,1
S9703087,SES02105,2026-06-04T02:10:01Z,LHE,ISB,2026-06-10,3,desktop,22
S1003295,SES02496,2026-06-04T02:26:38Z,KHI,UET,2026-09-02,3,android,13
S1006457,SES03268,2026-06-04T02:58:07Z,DXB,LHE,2026-09-20,2,mobile_web,39
S1003329,SES02490,2026-06-04T03:04:23Z,ISB,KHI,2026-08-05,1,ios,9
S1007879,SES02033,2026-06-04T03:10:29Z,KHI,ISB,2026-07-14,1,desktop,33
S1003677,SES02621,2026-06-04T03:19:12Z,LHE,DXB,2026-07-24,1,desktop,33
S1002691,SES02301,2026-06-04T03:25:44Z,DXB,ISB,2026-07-05,2,mobile_web,39
S1007056,SES02223,2026-06-04T03:27:24Z,KHI,ISB,2026-07-06,3,android,8
S1003403,SES01290,2026-06-04T03:30:40Z,LHE,KHI,2026-07-26,1,ios,45
S1005962,SES01878,2026-06-04T03:31:56Z,ISB,LHE,2026-08-23,4,desktop,21
S1006163,SES01684,2026-06-04T04:33:55Z,LHE,ISB,2026-09-13,2,ios,27
S1002104,SES01688,2026-06-04T04:43:54Z,KHI,ISB,2026-09-06,1,ios,42
S1002389,SES01038,2026-06-04T04:47:32Z,ISB,LHR,2026-09-17,1,android,5
S1002856,SES01179,2026-06-04T04:58:37Z,LHE,JED,2026-07-04,2,desktop,29
S1001339,SES01621,2026-06-04T05:00:11Z,LHE,KHI,2026-06-07,1,ios,42
S1005977,SES02207,2026-06-04T05:29:31Z,ISB,DXB,2026-08-05,1,desktop,6
S1004237,SES01289,2026-06-04T05:32:16Z,LHE,KHI,2026-07-10,1,desktop,18
S1007306,SES00591,2026-06-04T05:35:49Z,ISB,SHJ,2026-06-26,2,android,5
S1007023,SES02209,2026-06-04T06:08:39Z,KHI,ISB,2026-06-15,1,android,41
S1007474,SES01274,2026-06-04T06:20:59Z,ISB,KHI,2026-08-21,3,desktop,45
S1003537,SES01321,2026-06-04T06:28:45Z,SHJ,KHI,2026-06-23,1,android,21
S1001356,SES01564,2026-06-04T06:43:36Z,LHE,SHJ,2026-09-05,1,ios,46
S1005560,SES01147,2026-06-04T07:12:12Z,LHE,ISB,2026-09-19,1,android,10
S1003680,SES00587,2026-06-04T07:30:34Z,LHE,ISB,2026-09-10,2,mobile_web,21
S1003051,SES00040,2026-06-04T07:32:12Z,ISB,PEW,2026-09-16,1,desktop,19
S1001773,SES00485,2026-06-04T07:42:22Z,LHE,ISB,2026-06-05,1,mobile_web,23
S1007310,SES01720,2026-06-04T08:01:26Z,SHJ,LHE,2026-08-05,2,android,43
S1004913,SES02715,2026-06-04T08:04:32Z,KHI,LHE,2026-09-04,1,ios,46
S1004292,SES02541,2026-06-04T08:04:33Z,KHI,ISB,2026-08-03,1,android,44
S1006226,SES01109,2026-06-04T08:04:53Z,DXB,LHE,2026-07-29,1,ios,31
S1004449,SES03388,2026-06-04T08:05:01Z,KHI,LHE,2026-08-12,2,ios,11
S1002297,SES00375,2026-06-04T08:06:26Z,LHE,ISB,2026-08-07,1,mobile_web,20
S1000077,SES00493,2026-06-04T08:20:10Z,ISB,LHE,2026-08-07,1,android,8
S1005676,SES01210,2026-06-04T08:21:03Z,ISB,SHJ,2026-08-16,2,ios,37
S1004305,SES01462,2026-06-04T08:22:27Z,KHI,ISB,2026-07-01,1,desktop,16
S1000326,SES01416,2026-06-04T08:37:48Z,KHI,SHJ,2026-07-13,1,desktop,42
S1000310,SES02593,2026-06-04T08:49:16Z,KHI,ISB,2026-08-24,1,mobile_web,47
S1007237,SES00074,2026-06-04T09:08:37Z,KHI,SHJ,2026-09-23,2,android,46
S1001328,SES01910,2026-06-04T09:11:35Z,KHI,MUX,2026-08-23,1,android,30
S1006363,SES00140,2026-06-04T09:13:13Z,KHI,ISB,2026-08-08,1,desktop,3
S1005631,SES01756,2026-06-04T09:15:03Z,KHI,ISB,2026-07-22,1,android,39
S1003086,SES03390,2026-06-04T09:44:44Z,KHI,JED,2026-06-29,1,android,28
S1003599,SES01785,2026-06-04T09:48:28Z,KHI,JED,2026-07-29,1,desktop,28
S1002030,SES01657,2026-06-04T09:51:48Z,KHI,MUX,2026-07-25,4,mobile_web,12
S1004920,SES02123,2026-06-04T09:58:25Z,ISB,SHJ,2026-08-07,2,desktop,40
S1000471,SES02447,2026-06-04T10:13:29Z,ISB,KHI,2026-09-06,1,ios,39
S1006761,SES01689,2026-06-04T10:43:11Z,SHJ,LHE,2026-06-18,1,android,33
S1004162,SES00425,2026-06-04T11:07:37Z,LHE,JED,2026-07-24,4,desktop,9
S1006414,SES02596,2026-06-04T11:18:55Z,KHI,UET,2026-06-05,1,desktop,11
S1006040,SES00349,2026-06-04T11:25:41Z,KHI,ISB,2026-06-11,3,android,2
S9524004,SES02849,2026-06-04T11:27:54Z,PEW,DXB,2026-07-25,3,desktop,29
S1006764,SES02678,2026-06-04T11:29:14Z,PEW,DXB,2026-08-06,3,ios,13
S1002878,SES00526,2026-06-04T11:45:52Z,KHI,ISB,2026-06-23,2,mobile_web,43
S1004351,SES00146,2026-06-04T11:46:02Z,SHJ,LHE,2026-06-23,1,desktop,8
S1003544,SES03191,2026-06-04T12:20:17Z,KHI,DXB,2026-06-29,2,desktop,17
S9582686,SES00676,2026-06-04T12:37:07Z,KHI,UET,2026-06-20,2,desktop,10
S1002205,SES03358,2026-06-04T13:24:14Z,KHI,LHE,2026-07-21,1,android,19
S9664266,SES01070,2026-06-04T13:33:47Z,KHI,ISB,2026-07-22,2,desktop,14
S1005862,SES00933,2026-06-04T13:36:27Z,DXB,ISB,2026-06-08,3,android,4
S1007816,SES00496,2026-06-04T13:55:26Z,KHI,MUX,2026-06-13,1,android,23
S9517125,SES00467,2026-06-04T14:02:35Z,LHE,ISB,2026-06-09,1,desktop,14
S1004414,SES01406,2026-06-04T14:23:58Z,ISB,SHJ,2026-08-08,1,android,22
S1002304,SES00237,2026-06-04T14:26:16Z,LHE,ISB,2026-08-17,2,ios,43
S1002416,SES03005,2026-06-04T14:36:28Z,ISB,SHJ,2026-07-06,2,ios,4
S1001097,SES02708,2026-06-04T14:45:55Z,KHI,LHE,2026-07-27,1,ios,33
S1006978,SES00522,2026-06-04T14:48:10Z,ISB,LHR,2026-06-18,1,android,14
S1005091,SES00029,2026-06-04T14:49:48Z,KHI,DXB,2026-07-30,1,android,36
S1001863,SES02462,2026-06-04T14:50:02Z,LHE,ISB,2026-09-06,2,android,27
S1003200,SES01564,2026-06-04T14:55:55Z,KHI,SKT,2026-08-20,1,android,48
S1002641,SES01906,2026-06-04T15:01:43Z,PEW,DXB,2026-07-17,4,android,32
S1005191,SES03201,2026-06-04T15:07:38Z,ISB,DXB,2026-07-02,4,android,30
S1007329,SES00308,2026-06-04T15:52:29Z,KHI,JED,2026-06-26,2,android,1
S9600852,SES02620,2026-06-04T15:57:52Z,DXB,ISB,2026-09-25,1,android,17
S1005018,SES00032,2026-06-04T16:25:53Z,ISB,SHJ,2026-09-11,1,android,19
S1002172,SES03324,2026-06-04T16:36:57Z,ISB,KHI,2026-09-01,2,mobile_web,28
S1002370,SES01441,2026-06-04T16:38:14Z,LHE,KHI,2026-07-13,1,desktop,32
S9810564,SES01866,2026-06-04T17:05:21Z,KHI,ISB,2026-06-10,2,desktop,6
S1004020,SES00091,2026-06-04T17:08:42Z,LHE,ISB,2026-06-11,2,android,2
S1006565,SES00745,2026-06-04T17:19:24Z,KHI,ISB,2026-08-04,2,android,45
S1001268,SES02902,2026-06-04T17:54:27Z,LHE,DXB,2026-06-28,1,ios,8
S9536976,SES00911,2026-06-04T17:55:20Z,KHI,LHE,2026-09-26,3,desktop,7
S1002791,SES00107,2026-06-04T17:59:40Z,ISB,KHI,2026-07-17,2,android,34
S1007799,SES01556,2026-06-04T18:41:40Z,LHE,DXB,2026-08-26,1,android,11
S1004116,SES00767,2026-06-04T18:42:34Z,LHR,ISB,2026-08-26,1,desktop,36
S1004830,SES01387,2026-06-04T18:48:45Z,KHI,SHJ,2026-09-27,4,android,40
S1003881,SES03170,2026-06-04T18:54:55Z,KHI,ISB,2026-06-26,2,android,15
S1003667,SES02681,2026-06-04T18:55:24Z,KHI,MUX,2026-07-10,2,mobile_web,19
S1000523,SES03118,2026-06-04T19:04:13Z,ISB,LHR,2026-08-13,1,desktop,5
S1006113,SES01641,2026-06-04T19:08:37Z,KHI,DXB,2026-09-07,4,android,26
S1005829,SES02694,2026-06-04T19:29:21Z,KHI,DXB,2026-09-26,2,android,1
S1002971,SES02244,2026-06-04T19:35:13Z,KHI,SHJ,2026-08-01,3,desktop,9
S1002899,SES02575,2026-06-04T19:45:49Z,PEW,DXB,2026-07-20,1,android,12
S1003293,SES00157,2026-06-04T20:00:09Z,ISB,KHI,2026-07-01,1,desktop,47
S1004521,SES02916,2026-06-04T20:01:12Z,ISB,LHR,2026-09-18,1,desktop,44
S1005269,SES01605,2026-06-04T20:51:29Z,SHJ,LHE,2026-07-25,4,android,17
S1000050,SES02983,2026-06-04T20:58:15Z,ISB,LHE,2026-08-25,2,android,41
S1002644,SES02661,2026-06-04T21:29:58Z,LHE,KHI,2026-07-27,1,android,41
S9188664,SES00973,2026-06-04T21:33:22Z,ISB,LHR,2026-06-16,3,desktop,39
S1004408,SES03275,2026-06-04T21:41:19Z,SHJ,LHE,2026-06-10,1,mobile_web,46
S1003559,SES03386,2026-06-04T21:46:00Z,KHI,DXB,2026-07-25,2,android,47
S1000239,SES01026,2026-06-04T22:00:07Z,KHI,JED,2026-09-04,1,mobile_web,9
S1000189,SES02911,2026-06-04T22:12:23Z,LHE,SHJ,2026-09-17,1,android,18
S1004566,SES00469,2026-06-04T22:28:34Z,ISB,LHR,2026-08-11,1,android,9
S1006077,SES03049,2026-06-04T22:41:17Z,KHI,SHJ,2026-08-25,1,bot,9
S9358850,SES01317,2026-06-04T22:54:04Z,KHI,LHE,2026-06-19,2,android,15
S1000253,SES00307,2026-06-04T23:00:31Z,DXB,LHE,2026-06-28,3,desktop,45
S1006324,SES01320,2026-06-04T23:09:33Z,KHI,ISB,2026-06-06,1,ios,47
S1005736,SES02323,2026-06-04T23:12:38Z,ISB,KHI,2026-08-06,1,android,44
S1000972,SES03308,2026-06-04T23:12:42Z,LHR,ISB,2026-07-03,2,android,24
S1004820,SES01182,2026-06-04T23:20:07Z,ISB,KHI,2026-07-02,1,android,13
S1005318,SES00409,2026-06-04T23:34:02Z,LHE,DXB,2026-07-04,2,mobile_web,25
S1004553,SES01373,2026-06-04T23:35:02Z,ISB,LHE,2026-08-13,1,android,24
S1005978,SES00242,2026-06-04T23:53:40Z,KHI,SHJ,2026-07-02,1,ios,11
S1003010,SES01345,2026-06-04T23:56:22Z,LHE,KHI,2026-08-21,2,desktop,46
S1001095,SES02473,2026-06-04T23:59:21Z,KHI,DXB,2026-07-31,1,ios,22
S1005229,SES01921,2026-06-05T00:07:28Z,KHI,PEW,2026-07-03,1,bot,47
S1003216,SES01292,2026-06-05T00:26:19Z,LHE,DXB,2026-09-08,1,ios,40
S1007618,SES02785,2026-06-05T00:27:28Z,ISB,SHJ,2026-07-20,2,android,24
S1007186,SES00556,2026-06-05T00:27:58Z,KHI,DXB,2026-09-15,2,android,43
S1006081,SES02501,2026-06-05T00:31:27Z,KHI,DXB,2026-09-09,1,android,40
S1002033,SES01342,2026-06-05T00:53:25Z,KHI,ISB,2026-08-19,1,mobile_web,9
S1007966,SES00254,2026-06-05T00:58:40Z,KHI,ISB,2026-07-02,1,desktop,13
S1000571,SES01826,2026-06-05T01:07:05Z,LHE,SHJ,2026-08-12,3,android,4
S1007293,SES01926,2026-06-05T01:07:29Z,ISB,SHJ,2026-09-29,1,desktop,36
S1007469,SES00732,2026-06-05T01:25:12Z,KHI,DXB,2026-06-12,3,android,22
S1004752,SES01398,2026-06-05T01:35:25Z,KHI,ISB,2026-08-29,2,android,11
S1000193,SES02008,2026-06-05T01:47:12Z,ISB,SHJ,2026-08-19,1,desktop,45
S1001999,SES02564,2026-06-05T01:58:33Z,KHI,LHE,2026-08-08,2,mobile_web,25
S1002317,SES00845,2026-06-05T02:06:44Z,KHI,LHE,2026-06-07,3,android,28
S1006741,SES00599,2026-06-05T02:17:22Z,ISB,LHE,2026-08-30,1,android,34
S1000957,SES01678,2026-06-05T02:25:25Z,ISB,LHR,2026-08-05,3,android,26
S1000725,SES02453,2026-06-05T02:29:52Z,DXB,LHE,2026-09-26,2,desktop,16
S1007961,SES00459,2026-06-05T02:39:47Z,KHI,LHE,2026-07-13,1,android,37
S1004911,SES03367,2026-06-05T02:58:38Z,KHI,LHE,2026-08-04,4,bot,44
S1006400,SES00003,2026-06-05T03:19:08Z,KHI,ISB,2026-06-25,2,android,1
S1002993,SES03141,2026-06-05T03:29:30Z,KHI,LHE,2026-08-23,1,mobile_web,24
S1003078,SES02140,2026-06-05T03:31:52Z,KHI,LHE,2026-07-18,4,ios,17
S1004458,SES03278,2026-06-05T03:34:42Z,LHE,KHI,2026-09-07,1,android,42
S1004445,SES00794,2026-06-05T03:38:13Z,LHE,KHI,2026-08-30,2,ios,44
S1001123,SES01249,2026-06-05T04:15:57Z,LHE,DXB,2026-07-12,1,ios,46
S1006196,SES01363,2026-06-05T04:21:16Z,LHE,SHJ,2026-09-08,1,android,42
S1001286,SES01021,2026-06-05T04:22:05Z,DXB,KHI,2026-09-30,1,mobile_web,31
S1007526,SES01823,2026-06-05T04:29:56Z,KHI,ISB,2026-09-29,2,mobile_web,21
S1006564,SES02852,2026-06-05T04:38:31Z,KHI,SKT,2026-09-08,3,ios,19
S1004737,SES02080,2026-06-05T04:56:22Z,SHJ,LHE,2026-06-24,1,android,10
S1006749,SES01234,2026-06-05T05:06:04Z,KHI,ISB,2026-10-02,1,android,42
S1003372,SES02599,2026-06-05T05:16:02Z,KHI,LHE,2026-06-14,1,android,30
S1003715,SES02359,2026-06-05T05:19:31Z,KHI,PEW,2026-09-01,1,mobile_web,27
S1006679,SES02089,2026-06-05T05:43:01Z,ISB,PEW,2026-07-07,1,android,12
S1007829,SES02674,2026-06-05T05:47:33Z,KHI,JED,2026-09-26,3,android,48
S1007740,SES03379,2026-06-05T05:59:53Z,KHI,MUX,2026-07-17,1,mobile_web,32
S1003073,SES00600,2026-06-05T06:05:47Z,LHE,DXB,2026-06-24,2,ios,17
S1004688,SES01296,2026-06-05T06:07:05Z,LHE,KHI,2026-09-08,2,android,42
S1001192,SES02060,2026-06-05T06:31:54Z,ISB,DXB,2026-09-10,4,android,26
S1002741,SES01682,2026-06-05T06:51:35Z,ISB,KHI,2026-07-20,3,android,28
S1006067,SES02252,2026-06-05T07:06:16Z,LHE,DXB,2026-06-19,3,android,5
S1007613,SES00165,2026-06-05T07:18:28Z,ISB,KHI,2026-08-19,2,desktop,40
S1003399,SES00920,2026-06-05T07:40:46Z,LHE,SHJ,2026-07-08,1,desktop,17
S1000894,SES03088,2026-06-05T07:48:33Z,ISB,KHI,2026-07-22,1,desktop,11
S1002625,SES01219,2026-06-05T07:59:12Z,ISB,LHE,2026-09-06,1,ios,45
S1001711,SES02141,2026-06-05T08:06:14Z,KHI,ISB,2026-09-27,2,mobile_web,12
S1005259,SES01012,2026-06-05T08:14:17Z,ISB,SHJ,2026-07-29,1,mobile_web,22
S1002757,SES02546,2026-06-05T08:43:03Z,ISB,SHJ,2026-07-27,1,mobile_web,36
S1002494,SES00785,2026-06-05T08:50:25Z,KHI,DXB,2026-09-06,1,ios,10
S1006159,SES01807,2026-06-05T09:15:51Z,ISB,KHI,2026-07-25,2,bot,39
S1007947,SES02248,2026-06-05T09:20:39Z,PEW,SHJ,2026-07-05,1,desktop,43
S1002751,SES01301,2026-06-05T09:32:20Z,PEW,SHJ,2026-06-27,1,ios,43
S1003800,SES02982,2026-06-05T09:55:05Z,LHE,JED,2026-09-14,2,android,8
S1007702,SES03306,2026-06-05T09:58:26Z,KHI,ISB,2026-07-01,2,android,33
S1006126,SES01137,2026-06-05T10:14:57Z,KHI,ISB,2026-06-07,2,android,11
S1002024,SES00048,2026-06-05T10:25:09Z,KHI,LHE,2026-08-15,2,android,30
S1000922,SES00490,2026-06-05T10:44:26Z,ISB,DXB,2026-07-16,1,desktop,4
S1002632,SES02423,2026-06-05T10:44:27Z,LHE,JED,2026-06-20,1,android,34
S9932494,SES01513,2026-06-05T11:00:48Z,LHE,DXB,2026-07-25,1,desktop,18
S1007987,SES03095,2026-06-05T11:22:17Z,ISB,SHJ,2026-06-11,2,mobile_web,25
S1007029,SES03117,2026-06-05T11:30:57Z,KHI,SKT,2026-06-12,2,android,31
S1004330,SES02267,2026-06-05T11:32:10Z,KHI,PEW,2026-08-10,3,mobile_web,13
S9980726,SES01488,2026-06-05T11:40:32Z,ISB,SHJ,2026-07-23,1,desktop,13
S1005737,SES02813,2026-06-05T11:53:28Z,ISB,PEW,2026-07-25,3,android,17
S1003555,SES02947,2026-06-05T11:59:45Z,KHI,ISB,2026-06-06,1,desktop,8
S1006655,SES01252,2026-06-05T12:08:19Z,LHE,KHI,2026-08-22,1,android,31
S1003830,SES02673,2026-06-05T13:11:15Z,LHE,KHI,2026-06-26,2,ios,39
S1006401,SES02848,2026-06-05T13:20:30Z,KHI,SKT,2026-09-16,1,android,39
S1002488,SES02160,2026-06-05T13:24:58Z,KHI,ISB,2026-07-30,2,mobile_web,39
S1007742,SES00047,2026-06-05T13:29:46Z,SHJ,LHE,2026-09-24,2,android,13
S1003474,SES00850,2026-06-05T13:38:09Z,ISB,SHJ,2026-08-30,2,ios,43
S1003409,SES00649,2026-06-05T13:51:56Z,LHE,DXB,2026-07-08,2,android,37
S1001492,SES00856,2026-06-05T14:06:04Z,KHI,MUX,2026-06-08,2,ios,2
S1006258,SES02473,2026-06-05T14:06:22Z,ISB,KHI,2026-09-01,1,android,5
S1006373,SES00229,2026-06-05T14:10:52Z,LHE,SHJ,2026-09-21,3,desktop,20
S9463160,SES01887,2026-06-05T14:16:55Z,LHE,SHJ,2026-06-16,4,android,25
S1007408,SES02259,2026-06-05T14:28:22Z,ISB,KHI,2026-09-28,1,mobile_web,24
S1006152,SES02769,2026-06-05T14:41:52Z,KHI,JED,2026-09-22,4,android,47
S1004412,SES00881,2026-06-05T14:42:18Z,KHI,MUX,2026-07-08,1,mobile_web,48
S1000537,SES02016,2026-06-05T15:29:21Z,PEW,DXB,2026-09-17,3,android,27
S1006542,SES02521,2026-06-05T15:30:55Z,KHI,SHJ,2026-08-19,1,android,39
S1001389,SES00821,2026-06-05T15:47:46Z,LHE,KHI,2026-09-18,2,mobile_web,38
S1004311,SES00726,2026-06-05T15:50:12Z,SHJ,KHI,2026-07-17,2,desktop,7
S1007339,SES03317,2026-06-05T16:06:02Z,KHI,LHE,2026-06-26,1,android,24
S1006466,SES02328,2026-06-05T16:08:57Z,KHI,PEW,2026-09-04,1,bot,26
S1007084,SES02992,2026-06-05T16:12:51Z,LHE,JED,2026-08-02,4,android,3
S1005531,SES02491,2026-06-05T16:19:22Z,KHI,LHE,2026-06-21,2,ios,28
S1006089,SES02745,2026-06-05T16:32:33Z,DXB,ISB,2026-08-25,1,android,25
S1001464,SES02570,2026-06-05T17:00:53Z,KHI,MUX,2026-08-28,3,mobile_web,15
S1003827,SES01490,2026-06-05T17:17:33Z,ISB,KHI,2026-07-28,1,desktop,43
S1005980,SES02279,2026-06-05T17:21:04Z,SHJ,LHE,2026-08-06,2,android,48
S1004168,SES02833,2026-06-05T17:22:10Z,ISB,SHJ,2026-07-26,1,android,6
S1004561,SES02506,2026-06-05T17:32:57Z,PEW,DXB,2026-08-01,2,android,25
S1006336,SES02857,2026-06-05T17:34:42Z,ISB,PEW,2026-08-13,1,desktop,27
S1000250,SES02100,2026-06-05T18:07:41Z,LHE,ISB,2026-09-02,3,mobile_web,29
S1004161,SES01264,2026-06-05T18:24:50Z,KHI,JED,2026-08-29,1,android,20
S1003812,SES00074,2026-06-05T18:26:44Z,ISB,LHE,2026-06-15,2,android,14
S1007017,SES02999,2026-06-05T18:34:36Z,DXB,LHE,2026-06-29,3,android,38
S1005253,SES00087,2026-06-05T18:41:58Z,KHI,SHJ,2026-08-31,2,desktop,3
S1005772,SES01325,2026-06-05T18:42:44Z,KHI,MUX,2026-08-28,3,ios,29
S1001617,SES02896,2026-06-05T18:59:42Z,KHI,LHE,2026-08-30,2,desktop,13
S1005684,SES02790,2026-06-05T19:17:22Z,KHI,ISB,2026-06-17,3,android,15
S1006167,SES01368,2026-06-05T19:20:39Z,LHE,DXB,2026-07-08,2,android,43
S1003040,SES00222,2026-06-05T19:28:05Z,ISB,DXB,2026-07-28,1,bot,9
S1002220,SES02022,2026-06-05T20:01:36Z,LHE,SHJ,2026-07-03,2,desktop,35
S1005095,SES00048,2026-06-05T20:06:43Z,LHE,SHJ,2026-09-11,1,android,38
S1001514,SES01144,2026-06-05T20:11:10Z,KHI,LHE,2026-09-19,1,android,26
S1007404,SES00663,2026-06-05T20:12:20Z,KHI,MUX,2026-07-28,3,mobile_web,12
S1002794,SES02387,2026-06-05T20:19:47Z,SHJ,KHI,2026-08-31,1,android,6
S1005867,SES00752,2026-06-05T20:20:52Z,KHI,LHE,2026-07-05,3,android,40
S1000944,SES00608,2026-06-05T20:56:14Z,PEW,DXB,2026-06-15,2,android,39
S1000915,SES00230,2026-06-05T20:58:59Z,KHI,LHE,2026-06-13,4,android,42
S1002003,SES02418,2026-06-05T21:01:05Z,KHI,ISB,2026-06-18,1,ios,38
S1000080,SES02564,2026-06-05T21:30:54Z,KHI,MUX,2026-06-15,1,android,18
S1005378,SES01832,2026-06-05T21:32:50Z,ISB,KHI,2026-06-23,1,android,26
S1000676,SES00333,2026-06-05T21:38:34Z,ISB,DXB,2026-06-28,1,android,23
S1001978,SES00038,2026-06-05T22:00:04Z,LHE,DXB,2026-08-11,4,android,6
S1002469,SES01013,2026-06-05T22:02:13Z,KHI,DXB,2026-08-04,1,desktop,23
S1004214,SES00344,2026-06-05T22:37:59Z,SHJ,LHE,2026-06-09,2,ios,24
S1005048,SES00951,2026-06-05T22:57:26Z,KHI,ISB,2026-07-09,2,android,12
S1004207,SES01123,2026-06-05T23:06:13Z,LHE,ISB,2026-07-30,1,android,12
S1001037,SES01830,2026-06-05T23:08:25Z,LHE,DXB,2026-06-14,2,android,32
S1007749,SES00939,2026-06-05T23:16:59Z,KHI,ISB,2026-06-19,2,bot,44
S1007185,SES02506,2026-06-05T23:22:01Z,LHE,SHJ,2026-09-04,1,android,13
S1006220,SES03241,2026-06-05T23:26:36Z,PEW,DXB,2026-09-04,1,android,6
S1001864,SES03249,2026-06-05T23:32:37Z,PEW,SHJ,2026-08-11,1,mobile_web,11
S1004984,SES00709,2026-06-05T23:37:09Z,ISB,PEW,2026-09-06,1,android,40
S1001193,SES02315,2026-06-05T23:56:03Z,LHE,DXB,2026-06-15,2,mobile_web,34
S1000946,SES01012,2026-06-05T23:58:54Z,ISB,KHI,2026-09-03,2,android,5
S1002386,SES00566,2026-06-06T00:00:36Z,ISB,LHE,2026-09-14,1,android,34
S1000142,SES03287,2026-06-06T00:07:03Z,SHJ,LHE,2026-09-10,2,mobile_web,4
S1003621,SES01723,2026-06-06T00:08:37Z,KHI,SHJ,2026-08-14,1,mobile_web,37
S1001765,SES01218,2026-06-06T00:13:00Z,KHI,LHE,2026-07-12,1,desktop,13
S1001447,SES02672,2026-06-06T00:21:20Z,ISB,PEW,2026-08-16,1,android,36
S1004147,SES01288,2026-06-06T00:25:23Z,LHE,ISB,2026-09-30,1,desktop,7
S1001920,SES00564,2026-06-06T00:28:32Z,LHE,DXB,2026-07-04,1,android,18
S1003106,SES00734,2026-06-06T00:52:13Z,LHE,ISB,2026-06-21,2,desktop,29
S1000149,SES02912,2026-06-06T00:52:56Z,SHJ,KHI,2026-08-16,2,android,45
S1003572,SES03021,2026-06-06T00:59:07Z,ISB,KHI,2026-09-28,3,ios,31
S9677949,SES02966,2026-06-06T01:01:00Z,PEW,SHJ,2026-06-15,1,android,15
S1000225,SES02033,2026-06-06T01:09:23Z,LHE,KHI,2026-07-06,2,ios,18
S1005224,SES00437,2026-06-06T01:16:42Z,ISB,KHI,2026-08-27,1,ios,26
S1005932,SES00127,2026-06-06T01:23:31Z,ISB,PEW,2026-06-15,1,android,37
S1003989,SES00823,2026-06-06T01:24:46Z,ISB,KHI,2026-09-08,2,mobile_web,0
S1007091,SES03249,2026-06-06T01:25:50Z,ISB,LHE,2026-09-26,1,android,9
S1001776,SES01918,2026-06-06T01:25:54Z,ISB,KHI,2026-07-09,2,android,37
S9928021,SES02712,2026-06-06T01:28:31Z,DXB,KHI,2026-09-29,4,android,39
S1002665,SES01144,2026-06-06T01:51:22Z,KHI,LHE,2026-08-14,2,desktop,40
S1007250,SES01508,2026-06-06T02:01:19Z,KHI,ISB,2026-08-13,1,mobile_web,44
S1004248,SES01895,2026-06-06T02:01:57Z,KHI,ISB,2026-07-02,1,mobile_web,45
S1004097,SES02246,2026-06-06T02:12:57Z,PEW,DXB,2026-09-26,2,mobile_web,10
S1002879,SES00587,2026-06-06T02:24:13Z,LHE,DXB,2026-08-23,1,desktop,23
S1005352,SES00887,2026-06-06T02:32:08Z,KHI,LHE,2026-08-08,1,bot,17
S1006833,SES01221,2026-06-06T02:35:57Z,KHI,LHE,2026-07-24,1,android,37
S1002396,SES01491,2026-06-06T02:37:35Z,LHE,ISB,2026-09-08,2,android,2
S1006681,SES02094,2026-06-06T03:04:11Z,KHI,LHE,2026-06-22,1,mobile_web,7
S1000101,SES03400,2026-06-06T03:18:13Z,KHI,DXB,2026-09-28,3,android,41
S1007327,SES02313,2026-06-06T03:19:08Z,LHE,KHI,2026-07-10,1,android,35
S1002743,SES00713,2026-06-06T03:19:56Z,KHI,DXB,2026-07-08,1,desktop,48
S1007770,SES01306,2026-06-06T03:43:41Z,KHI,MUX,2026-07-16,1,mobile_web,29
S1001518,SES01051,2026-06-06T03:54:46Z,KHI,SKT,2026-09-14,4,ios,9
S1007374,SES02415,2026-06-06T03:55:14Z,KHI,DXB,2026-07-10,2,desktop,24
S1001521,SES01427,2026-06-06T04:06:05Z,ISB,SHJ,2026-07-12,3,android,24
S1004306,SES00281,2026-06-06T04:06:15Z,KHI,LHE,2026-09-20,1,mobile_web,35
S1001011,SES00593,2026-06-06T04:10:10Z,KHI,ISB,2026-08-23,2,android,4
S1004896,SES00343,2026-06-06T04:32:45Z,LHR,ISB,2026-08-04,1,mobile_web,14
S1003042,SES02807,2026-06-06T04:37:09Z,ISB,SHJ,2026-08-09,1,ios,40
S1003282,SES00370,2026-06-06T04:48:13Z,KHI,ISB,2026-08-30,1,android,34
S9196209,SES00069,2026-06-06T05:03:39Z,KHI,UET,2026-07-22,1,desktop,16
S1005593,SES01509,2026-06-06T05:33:06Z,LHE,KHI,2026-07-26,2,ios,1
S1000479,SES00125,2026-06-06T05:37:48Z,ISB,SHJ,2026-08-17,1,mobile_web,42
S1001730,SES02087,2026-06-06T05:47:58Z,KHI,LHE,2026-08-04,2,desktop,0
S1002090,SES02276,2026-06-06T06:01:22Z,KHI,SHJ,2026-10-01,1,android,1
S1000235,SES01389,2026-06-06T06:09:06Z,KHI,ISB,2026-09-16,4,desktop,43
S1005630,SES00377,2026-06-06T06:22:45Z,KHI,ISB,2026-06-13,1,ios,41
S1007876,SES03019,2026-06-06T06:23:45Z,KHI,ISB,2026-08-05,1,ios,22
S1007343,SES02737,2026-06-06T06:25:51Z,ISB,KHI,2026-08-20,1,android,34
S1003551,SES01178,2026-06-06T06:36:21Z,KHI,PEW,2026-10-02,2,android,37
S1004468,SES02146,2026-06-06T06:40:31Z,LHE,KHI,2026-09-11,3,desktop,26
S1006464,SES00979,2026-06-06T06:50:45Z,SHJ,LHE,2026-07-26,3,ios,45
S1005264,SES03274,2026-06-06T07:00:41Z,KHI,LHE,2026-09-19,1,ios,43
S1007818,SES02563,2026-06-06T07:02:04Z,KHI,DXB,2026-08-04,1,ios,2
S1004994,SES01288,2026-06-06T07:34:29Z,LHE,DXB,2026-08-10,3,ios,39
S1005598,SES01102,2026-06-06T07:43:18Z,KHI,ISB,2026-09-27,4,android,10
S1004904,SES02836,2026-06-06T07:49:52Z,ISB,LHR,2026-07-18,3,desktop,34
S1005270,SES00851,2026-06-06T09:05:39Z,LHE,SHJ,2026-09-14,1,desktop,46
S1001764,SES00217,2026-06-06T09:16:18Z,LHE,JED,2026-06-20,3,android,19
S1002765,SES00801,2026-06-06T09:17:20Z,KHI,PEW,2026-10-02,2,ios,12
S1003095,SES00735,2026-06-06T09:26:02Z,PEW,DXB,2026-07-27,3,mobile_web,36
S9578632,SES01373,2026-06-06T09:26:07Z,LHE,KHI,2026-07-25,2,desktop,6
S1000067,SES01475,2026-06-06T09:38:46Z,ISB,SHJ,2026-09-11,1,desktop,42
S1001584,SES02888,2026-06-06T09:43:12Z,KHI,LHE,2026-08-09,1,android,16
S1005027,SES02556,2026-06-06T09:47:30Z,KHI,ISB,2026-07-12,1,android,8
S1006354,SES02151,2026-06-06T10:12:34Z,PEW,SHJ,2026-09-14,1,android,25
S1001797,SES01070,2026-06-06T10:16:51Z,KHI,JED,2026-09-23,1,android,35
S1005208,SES01858,2026-06-06T10:24:41Z,KHI,ISB,2026-08-02,1,bot,30
S1001606,SES03001,2026-06-06T10:32:07Z,LHR,ISB,2026-07-22,3,mobile_web,19
S1000691,SES00728,2026-06-06T10:32:52Z,KHI,SKT,2026-09-01,1,android,47
S1005009,SES02843,2026-06-06T10:44:49Z,LHE,KHI,2026-06-23,1,android,44
S1001722,SES00733,2026-06-06T10:48:54Z,LHE,SHJ,2026-09-06,2,desktop,1
S1003451,SES02607,2026-06-06T10:49:13Z,ISB,SHJ,2026-08-24,2,android,20
S1002064,SES00346,2026-06-06T11:14:12Z,KHI,ISB,2026-06-20,1,android,46
S1005840,SES03001,2026-06-06T11:41:55Z,LHE,KHI,2026-09-14,4,android,40
S1003703,SES01269,2026-06-06T11:59:22Z,SHJ,KHI,2026-08-05,2,android,5
S1000891,SES00038,2026-06-06T12:00:56Z,KHI,MUX,2026-07-04,3,mobile_web,39
S1004586,SES01399,2026-06-06T12:10:04Z,LHE,DXB,2026-07-07,2,android,5
S1007962,SES01389,2026-06-06T12:14:41Z,LHE,ISB,2026-06-20,2,android,24
S1007066,SES01615,2026-06-06T13:04:09Z,LHE,KHI,2026-06-27,3,android,19
S9468394,SES03359,2026-06-06T13:16:23Z,KHI,ISB,2026-07-24,1,desktop,20
S1000800,SES01948,2026-06-06T13:28:55Z,ISB,PEW,2026-09-25,2,android,1
S1007942,SES00950,2026-06-06T13:42:19Z,ISB,PEW,2026-07-25,2,mobile_web,3
S1003298,SES00743,2026-06-06T13:47:48Z,ISB,PEW,2026-07-28,1,ios,6
S1006083,SES02799,2026-06-06T13:53:03Z,LHE,DXB,2026-07-16,2,desktop,10
S1005289,SES00120,2026-06-06T14:10:45Z,KHI,ISB,2026-08-29,1,android,25
S1002325,SES02586,2026-06-06T14:14:51Z,KHI,UET,2026-09-17,1,mobile_web,33
S9897132,SES01837,2026-06-06T14:20:01Z,DXB,KHI,2026-06-26,3,android,12
S1005176,SES01610,2026-06-06T14:24:36Z,ISB,DXB,2026-09-01,1,desktop,46
S1000209,SES01913,2026-06-06T14:27:06Z,ISB,KHI,2026-10-02,2,android,21
S9455208,SES01899,2026-06-06T14:35:43Z,KHI,SKT,2026-07-21,1,desktop,39
S1004318,SES01028,2026-06-06T14:36:58Z,ISB,LHE,2026-09-24,1,mobile_web,23
S1001437,SES01367,2026-06-06T14:46:02Z,LHE,ISB,2026-07-13,2,ios,36
S1002461,SES02126,2026-06-06T14:46:15Z,KHI,LHE,2026-06-28,2,android,7
S1000956,SES03327,2026-06-06T14:46:19Z,DXB,LHE,2026-09-25,1,desktop,28
S1004775,SES01191,2026-06-06T15:18:05Z,LHE,DXB,2026-08-15,3,android,5
S1001032,SES03318,2026-06-06T15:21:28Z,PEW,SHJ,2026-06-16,1,desktop,32
S1000742,SES03170,2026-06-06T15:30:27Z,LHE,ISB,2026-06-13,4,android,7
S9857164,SES01928,2026-06-06T15:33:48Z,KHI,ISB,2026-06-09,2,android,40
S1006038,SES01216,2026-06-06T15:34:57Z,ISB,SHJ,2026-08-09,2,mobile_web,38
S1002920,SES02987,2026-06-06T15:41:57Z,ISB,KHI,2026-09-21,1,android,4
S1007334,SES00542,2026-06-06T16:02:28Z,KHI,SHJ,2026-09-09,4,ios,34
S1003986,SES00062,2026-06-06T16:16:19Z,ISB,DXB,2026-06-22,1,bot,5
S1005231,SES02541,2026-06-06T16:20:49Z,KHI,SHJ,2026-08-10,1,ios,41
S1005538,SES02050,2026-06-06T16:23:47Z,LHE,SHJ,2026-07-03,3,ios,38
S1006045,SES02975,2026-06-06T16:44:20Z,LHE,ISB,2026-08-03,3,desktop,5
S1001508,SES00214,2026-06-06T16:59:52Z,PEW,SHJ,2026-09-23,3,desktop,47
S1005656,SES02866,2026-06-06T17:19:32Z,ISB,SHJ,2026-08-01,1,android,9
S1003070,SES01293,2026-06-06T17:30:43Z,KHI,LHE,2026-08-28,2,android,39
S1005920,SES03086,2026-06-06T17:32:01Z,ISB,PEW,2026-09-22,2,android,20
S1002831,SES00970,2026-06-06T17:32:55Z,KHI,DXB,2026-07-18,1,desktop,19
S1005346,SES00552,2026-06-06T17:40:24Z,ISB,LHE,2026-07-16,1,mobile_web,41
S9702735,SES00146,2026-06-06T17:43:32Z,KHI,ISB,2026-06-11,2,desktop,38
S1005475,SES01186,2026-06-06T17:44:05Z,PEW,DXB,2026-09-22,1,desktop,15
S1005507,SES02761,2026-06-06T17:55:19Z,LHE,ISB,2026-06-18,4,desktop,9
S1005006,SES01860,2026-06-06T18:07:02Z,PEW,SHJ,2026-06-08,1,desktop,35
S1007835,SES00573,2026-06-06T18:18:49Z,SHJ,KHI,2026-08-28,2,ios,23
S1006111,SES00015,2026-06-06T18:24:19Z,SHJ,KHI,2026-09-22,4,android,7
S1004637,SES03178,2026-06-06T18:30:37Z,ISB,SHJ,2026-09-04,2,mobile_web,0
S1003101,SES00735,2026-06-06T18:32:32Z,SHJ,KHI,2026-07-14,4,android,6
S1002908,SES01834,2026-06-06T18:54:31Z,KHI,MUX,2026-08-16,1,android,19
S1007705,SES03072,2026-06-06T19:30:37Z,ISB,KHI,2026-07-02,1,android,32
S1002847,SES00248,2026-06-06T19:38:10Z,ISB,DXB,2026-09-18,2,mobile_web,44
S1004759,SES02647,2026-06-06T19:38:46Z,KHI,LHE,2026-08-06,2,ios,24
S1006307,SES03377,2026-06-06T19:42:11Z,LHE,JED,2026-07-23,1,desktop,16
S1003485,SES02992,2026-06-06T19:43:58Z,LHE,KHI,2026-07-18,3,ios,47
S1004049,SES02566,2026-06-06T20:17:39Z,KHI,LHE,2026-08-22,2,desktop,19
S1002613,SES03325,2026-06-06T20:17:55Z,ISB,PEW,2026-08-11,1,mobile_web,7
S1006145,SES02908,2026-06-06T20:27:06Z,KHI,LHE,2026-09-15,3,bot,22
S1002102,SES00260,2026-06-06T21:00:09Z,KHI,ISB,2026-07-07,1,mobile_web,28
S1006674,SES03082,2026-06-06T21:00:11Z,PEW,SHJ,2026-08-08,1,android,0
S1000669,SES01075,2026-06-06T21:02:12Z,LHE,ISB,2026-09-27,1,ios,22
S1001663,SES01014,2026-06-06T21:09:06Z,KHI,DXB,2026-08-12,2,mobile_web,33
S1004265,SES02382,2026-06-06T21:25:19Z,KHI,MUX,2026-08-05,2,ios,5
S1002522,SES02199,2026-06-06T21:30:45Z,DXB,KHI,2026-08-09,1,android,14
S1003903,SES01632,2026-06-06T21:32:35Z,KHI,SHJ,2026-08-16,1,android,23
S9487623,SES02892,2026-06-06T21:49:17Z,KHI,LHE,2026-06-21,4,android,38
S1002338,SES02349,2026-06-06T21:52:44Z,LHE,SHJ,2026-07-21,4,android,36
S1007821,SES01302,2026-06-06T21:55:42Z,KHI,LHE,2026-08-07,1,mobile_web,21
S1003017,SES01039,2026-06-06T21:59:28Z,PEW,DXB,2026-07-12,1,desktop,42
S1000005,SES00018,2026-06-06T22:03:31Z,ISB,PEW,2026-09-28,1,android,14
S9355713,SES01887,2026-06-06T22:05:37Z,ISB,SHJ,2026-06-13,2,desktop,35
S1003979,SES02510,2026-06-06T22:16:56Z,KHI,LHE,2026-07-08,1,ios,37
S1000596,SES02393,2026-06-06T22:23:30Z,LHE,DXB,2026-07-26,1,android,40
S1001609,SES00429,2026-06-06T22:40:06Z,LHE,KHI,2026-07-17,1,desktop,24
S1006645,SES03359,2026-06-06T22:41:41Z,ISB,SHJ,2026-07-13,1,mobile_web,7
S1003562,SES03280,2026-06-06T22:44:27Z,KHI,JED,2026-09-02,3,ios,43
S1000842,SES02932,2026-06-06T22:45:38Z,LHE,KHI,2026-09-07,1,mobile_web,37
S1002958,SES01640,2026-06-06T23:11:33Z,PEW,DXB,2026-08-02,4,android,17
S1001279,SES02001,2026-06-06T23:15:31Z,KHI,MUX,2026-09-18,1,ios,33
S1003439,SES01225,2026-06-06T23:22:02Z,KHI,DXB,2026-07-07,2,desktop,35
S1005431,SES01104,2026-06-06T23:34:08Z,KHI,DXB,2026-08-25,1,mobile_web,14
S1003540,SES03270,2026-06-06T23:40:30Z,ISB,PEW,2026-08-08,3,android,28
S1003155,SES00255,2026-06-06T23:46:39Z,LHE,ISB,2026-09-03,1,ios,44
S1003640,SES01867,2026-06-06T23:57:15Z,PEW,SHJ,2026-07-08,2,desktop,44
S1004661,SES01653,2026-06-07T00:15:52Z,LHE,ISB,2026-07-05,1,bot,8
S1003692,SES00212,2026-06-07T00:38:16Z,KHI,DXB,2026-06-21,2,desktop,32
S1003854,SES02708,2026-06-07T00:40:26Z,KHI,LHE,2026-06-29,1,mobile_web,22
S1002581,SES02555,2026-06-07T00:51:08Z,PEW,DXB,2026-09-18,1,desktop,27
S1002549,SES01758,2026-06-07T00:51:41Z,DXB,KHI,2026-09-01,4,desktop,48
S1003392,SES02383,2026-06-07T00:58:59Z,SHJ,KHI,2026-07-04,1,ios,23
S1002153,SES02010,2026-06-07T01:06:57Z,ISB,KHI,2026-09-15,1,android,24
S1005563,SES02517,2026-06-07T01:28:47Z,DXB,KHI,2026-09-14,4,mobile_web,27
S1002035,SES00337,2026-06-07T01:46:39Z,KHI,JED,2026-07-22,2,android,19
S1002371,SES01832,2026-06-07T01:46:51Z,KHI,LHE,2026-08-19,4,android,22
S1005771,SES00669,2026-06-07T01:55:38Z,KHI,SKT,2026-07-21,1,mobile_web,4
S1005199,SES00051,2026-06-07T01:57:44Z,KHI,DXB,2026-08-13,1,android,17
S1006391,SES03378,2026-06-07T02:27:53Z,PEW,DXB,2026-07-18,2,desktop,33
S1007683,SES00455,2026-06-07T02:49:33Z,LHE,JED,2026-10-02,1,android,29
S1004405,SES03266,2026-06-07T02:54:53Z,KHI,LHE,2026-07-11,1,android,5
S9367031,SES01366,2026-06-07T03:09:52Z,KHI,LHE,2026-06-12,4,desktop,10
S1003814,SES02487,2026-06-07T03:11:56Z,LHR,ISB,2026-09-05,1,ios,8
S1002967,SES02518,2026-06-07T03:12:42Z,KHI,MUX,2026-07-28,1,desktop,38
S1000521,SES02066,2026-06-07T03:17:08Z,ISB,PEW,2026-07-08,1,mobile_web,15
S1001988,SES00935,2026-06-07T03:35:26Z,LHE,ISB,2026-09-25,1,android,28
S1000405,SES00312,2026-06-07T03:37:01Z,KHI,ISB,2026-07-06,1,ios,24
S1005799,SES03383,2026-06-07T03:52:19Z,KHI,DXB,2026-10-01,1,mobile_web,30
S1006482,SES03067,2026-06-07T03:53:27Z,ISB,KHI,2026-07-30,2,ios,32
S1006480,SES02604,2026-06-07T04:16:05Z,KHI,ISB,2026-08-23,1,desktop,16
S1005914,SES00973,2026-06-07T04:17:11Z,LHE,ISB,2026-08-30,1,ios,0
S1002291,SES01703,2026-06-07T04:24:59Z,LHE,DXB,2026-08-11,4,android,24
S1003031,SES02016,2026-06-07T04:26:42Z,KHI,SHJ,2026-09-09,3,desktop,15
S1000201,SES02488,2026-06-07T04:31:18Z,KHI,PEW,2026-07-04,1,desktop,43
S1001774,SES02219,2026-06-07T04:46:21Z,KHI,JED,2026-06-24,4,android,26
S1004724,SES03072,2026-06-07T05:01:08Z,DXB,LHE,2026-08-16,1,mobile_web,7
S1001907,SES00921,2026-06-07T05:03:04Z,PEW,DXB,2026-08-11,4,android,39
S1004359,SES01468,2026-06-07T05:43:09Z,ISB,SHJ,2026-10-04,1,desktop,4
S9873444,SES00961,2026-06-07T05:57:37Z,KHI,MUX,2026-06-13,3,android,6
S1001046,SES00401,2026-06-07T06:06:34Z,LHE,SHJ,2026-07-12,1,ios,11
S1001141,SES02979,2026-06-07T06:20:54Z,ISB,PEW,2026-08-01,2,android,39
S1003491,SES00650,2026-06-07T06:33:03Z,LHE,SHJ,2026-07-14,1,ios,15
S1004498,SES01487,2026-06-07T06:33:42Z,LHE,KHI,2026-06-28,1,android,46
S1004690,SES02862,2026-06-07T06:36:26Z,LHE,DXB,2026-09-14,1,android,26
S1003148,SES03396,2026-06-07T06:55:36Z,PEW,DXB,2026-09-01,2,desktop,23
S1007505,SES02303,2026-06-07T07:05:59Z,SHJ,KHI,2026-07-14,1,android,43
S1001548,SES01867,2026-06-07T07:09:40Z,ISB,SHJ,2026-09-05,1,ios,46
S1001327,SES02455,2026-06-07T07:32:26Z,KHI,LHE,2026-07-04,1,desktop,17
S1002634,SES02101,2026-06-07T07:34:14Z,KHI,MUX,2026-06-08,2,ios,46
S9838207,SES02737,2026-06-07T07:38:41Z,LHE,ISB,2026-06-12,1,desktop,5
S1006005,SES01602,2026-06-07T07:56:38Z,KHI,ISB,2026-08-28,1,android,16
S1007394,SES00046,2026-06-07T08:15:35Z,LHE,SHJ,2026-10-02,1,android,4
S1006661,SES02549,2026-06-07T08:25:42Z,KHI,ISB,2026-09-07,1,android,27
S1002360,SES00738,2026-06-07T08:37:08Z,KHI,MUX,2026-09-07,1,desktop,9
S1003039,SES01447,2026-06-07T08:41:18Z,LHE,DXB,2026-06-21,4,android,15
S1005985,SES01268,2026-06-07T08:56:48Z,SHJ,KHI,2026-06-18,2,mobile_web,9
S9591924,SES00230,2026-06-07T09:01:39Z,LHE,SHJ,2026-07-25,6,desktop,28
S1006560,SES02748,2026-06-07T09:22:49Z,KHI,ISB,2026-07-02,1,desktop,37
S1004915,SES01557,2026-06-07T09:29:03Z,ISB,SHJ,2026-09-11,2,desktop,45
S9390019,SES01613,2026-06-07T09:35:09Z,KHI,ISB,2026-07-22,2,desktop,35
S1002011,SES01579,2026-06-07T09:35:48Z,PEW,SHJ,2026-07-14,1,desktop,46
S1003672,SES01777,2026-06-07T09:47:21Z,LHE,ISB,2026-09-29,1,ios,17
S1006190,SES01472,2026-06-07T09:57:38Z,DXB,KHI,2026-06-15,2,desktop,8
S1007973,SES03050,2026-06-07T10:06:13Z,SHJ,KHI,2026-07-05,1,android,29
S1000401,SES00522,2026-06-07T10:19:04Z,KHI,MUX,2026-06-28,1,android,23
S1002212,SES00063,2026-06-07T10:27:20Z,KHI,MUX,2026-06-26,1,desktop,18
S1001708,SES02133,2026-06-07T10:35:28Z,KHI,LHE,2026-07-13,1,ios,17
S1005597,SES01818,2026-06-07T11:13:50Z,KHI,LHE,2026-07-31,2,ios,24
S1004794,SES03361,2026-06-07T11:13:53Z,ISB,PEW,2026-09-17,3,mobile_web,15
S1003781,SES01345,2026-06-07T11:14:15Z,KHI,LHE,2026-09-27,2,android,47
S1001033,SES00469,2026-06-07T11:22:10Z,DXB,ISB,2026-07-12,2,desktop,22
S1000265,SES02801,2026-06-07T11:24:39Z,KHI,SKT,2026-08-14,2,mobile_web,28
S1007055,SES02857,2026-06-07T11:33:58Z,LHE,DXB,2026-07-11,2,mobile_web,25
S1007036,SES01404,2026-06-07T11:38:08Z,ISB,KHI,2026-06-16,1,ios,23
S1006035,SES01444,2026-06-07T11:40:00Z,KHI,LHE,2026-07-30,1,mobile_web,25
S9248313,SES01210,2026-06-07T11:41:02Z,DXB,KHI,2026-06-27,2,android,5
S1007660,SES01163,2026-06-07T11:58:05Z,ISB,LHR,2026-07-03,2,android,29
S1005545,SES00300,2026-06-07T12:15:51Z,KHI,ISB,2026-09-30,1,ios,14
S1004893,SES01043,2026-06-07T12:38:34Z,PEW,DXB,2026-07-06,1,android,13
S1007119,SES01456,2026-06-07T12:42:32Z,ISB,SHJ,2026-08-13,2,desktop,43
S1001438,SES01379,2026-06-07T12:52:12Z,LHE,JED,2026-09-28,2,mobile_web,12
S1004221,SES00351,2026-06-07T13:29:16Z,SHJ,KHI,2026-06-10,1,bot,32
S1001614,SES01446,2026-06-07T13:41:11Z,SHJ,LHE,2026-09-16,1,desktop,25
S1000407,SES00325,2026-06-07T13:43:44Z,PEW,DXB,2026-07-06,1,android,15
S1000921,SES02698,2026-06-07T13:52:38Z,PEW,SHJ,2026-07-10,2,ios,4
S1000930,SES02892,2026-06-07T14:04:28Z,KHI,LHE,2026-08-02,4,android,32
S1002432,SES00392,2026-06-07T14:12:37Z,ISB,LHE,2026-09-16,1,mobile_web,18
S1006620,SES03353,2026-06-07T14:15:34Z,KHI,LHE,2026-06-22,3,ios,38
S1000447,SES00334,2026-06-07T14:27:38Z,ISB,SHJ,2026-07-08,2,bot,19
S1000639,SES00828,2026-06-07T14:56:28Z,KHI,LHE,2026-09-14,2,android,35
S1001914,SES01944,2026-06-07T15:14:41Z,LHE,KHI,2026-07-13,3,mobile_web,3
S1006149,SES02615,2026-06-07T15:15:49Z,KHI,DXB,2026-06-24,1,android,34
S1002049,SES00964,2026-06-07T15:26:09Z,KHI,LHE,2026-07-21,1,ios,21
S1001241,SES03297,2026-06-07T15:26:56Z,LHR,ISB,2026-06-09,4,android,47
S1006916,SES01072,2026-06-07T15:30:33Z,KHI,ISB,2026-09-10,2,android,32
S1002957,SES03047,2026-06-07T15:32:57Z,KHI,LHE,2026-06-16,1,desktop,38
S1007675,SES00194,2026-06-07T15:38:05Z,ISB,SHJ,2026-07-03,1,android,37
S1002271,SES02020,2026-06-07T16:00:03Z,PEW,DXB,2026-07-15,4,mobile_web,46
S1007220,SES02892,2026-06-07T16:04:57Z,LHE,JED,2026-07-24,3,android,3
S1005595,SES00333,2026-06-07T16:12:50Z,LHE,SHJ,2026-06-26,2,mobile_web,10
S1002273,SES01750,2026-06-07T16:19:32Z,ISB,SHJ,2026-07-20,2,android,28
S1006244,SES00307,2026-06-07T16:22:00Z,KHI,SHJ,2026-07-19,1,android,11
S1006669,SES03014,2026-06-07T16:43:27Z,LHE,KHI,2026-07-08,1,ios,11
S1005791,SES00847,2026-06-07T16:45:59Z,LHE,ISB,2026-06-26,1,android,11
S1003629,SES02791,2026-06-07T16:57:32Z,ISB,PEW,2026-09-18,1,desktop,28
S1003659,SES01000,2026-06-07T17:08:56Z,ISB,SHJ,2026-07-07,3,android,28
S1003731,SES00810,2026-06-07T17:09:52Z,ISB,LHR,2026-09-26,1,android,27
S1005486,SES01331,2026-06-07T17:14:22Z,KHI,ISB,2026-10-01,1,ios,1
S1002773,SES00949,2026-06-07T17:22:34Z,PEW,DXB,2026-08-12,1,mobile_web,40
S1000121,SES00323,2026-06-07T17:28:36Z,ISB,SHJ,2026-08-30,1,bot,6
S1005727,SES03283,2026-06-07T17:31:44Z,LHE,DXB,2026-10-03,1,android,21
S1003670,SES00395,2026-06-07T17:32:30Z,KHI,LHE,2026-09-10,1,android,31
S1005103,SES00443,2026-06-07T17:39:32Z,LHE,DXB,2026-08-18,2,mobile_web,30
S1007887,SES00859,2026-06-07T17:41:30Z,LHE,ISB,2026-08-31,2,desktop,1
S1000827,SES00556,2026-06-07T17:52:47Z,LHE,DXB,2026-09-28,1,desktop,21
S1000885,SES01878,2026-06-07T18:04:31Z,ISB,KHI,2026-06-26,1,android,46
S1005866,SES01183,2026-06-07T18:07:49Z,ISB,KHI,2026-07-14,1,android,2
S1000448,SES01202,2026-06-07T18:18:10Z,KHI,LHE,2026-09-24,1,mobile_web,22
S1005114,SES03045,2026-06-07T18:21:59Z,ISB,SHJ,2026-09-18,1,desktop,20
S1000051,SES00783,2026-06-07T18:46:52Z,KHI,DXB,2026-06-26,1,desktop,42
S1004760,SES02338,2026-06-07T18:48:45Z,ISB,SHJ,2026-06-14,1,desktop,44
S1004240,SES01381,2026-06-07T18:53:32Z,DXB,KHI,2026-07-30,1,ios,45
S1000025,SES01757,2026-06-07T19:05:07Z,SHJ,KHI,2026-09-01,1,android,5
S1004495,SES00968,2026-06-07T19:16:03Z,LHE,SHJ,2026-10-04,1,bot,48
S1006306,SES01298,2026-06-07T19:38:49Z,ISB,PEW,2026-06-24,1,desktop,2
S1004611,SES01501,2026-06-07T20:21:57Z,LHE,ISB,2026-06-30,3,desktop,48
S1007911,SES02386,2026-06-07T20:41:50Z,KHI,DXB,2026-09-01,2,desktop,13
S1000539,SES00998,2026-06-07T20:42:09Z,DXB,KHI,2026-06-19,1,android,36
S1006403,SES01059,2026-06-07T21:06:22Z,ISB,LHE,2026-07-20,3,mobile_web,10
S1001167,SES03117,2026-06-07T21:06:53Z,LHE,DXB,2026-09-03,1,android,28
S1005039,SES01844,2026-06-07T21:06:58Z,PEW,DXB,2026-07-18,4,android,44
S1005339,SES01538,2026-06-07T21:12:14Z,KHI,ISB,2026-08-11,1,android,10
S1001267,SES01056,2026-06-07T21:13:54Z,SHJ,KHI,2026-06-11,4,android,15
S1002491,SES00079,2026-06-07T21:15:15Z,KHI,ISB,2026-07-15,1,bot,29
S1006170,SES02175,2026-06-07T21:34:20Z,KHI,SKT,2026-06-28,1,android,5
S1005503,SES02726,2026-06-07T21:54:39Z,SHJ,KHI,2026-07-03,2,android,26
S1000715,SES00851,2026-06-07T22:00:59Z,KHI,DXB,2026-09-30,1,android,39
S1000601,SES03114,2026-06-07T22:04:34Z,DXB,LHE,2026-07-26,1,ios,31
S1003136,SES01614,2026-06-07T22:06:43Z,KHI,ISB,2026-06-26,4,ios,7
S1003019,SES02538,2026-06-07T22:19:48Z,ISB,KHI,2026-08-05,1,desktop,40
S1006846,SES01798,2026-06-07T22:33:12Z,LHE,DXB,2026-10-05,2,android,26
S1006289,SES01739,2026-06-07T22:34:16Z,ISB,SHJ,2026-07-06,2,desktop,12
S1001868,SES01761,2026-06-07T22:58:34Z,KHI,DXB,2026-06-22,1,bot,13
S1004634,SES00396,2026-06-07T23:03:43Z,KHI,JED,2026-10-04,1,android,44
S9412994,SES02450,2026-06-07T23:20:51Z,KHI,DXB,2026-09-29,1,desktop,18
S1004924,SES00145,2026-06-07T23:30:47Z,LHE,KHI,2026-06-29,1,desktop,37
S1002929,SES01490,2026-06-07T23:32:14Z,KHI,SHJ,2026-08-03,2,desktop,16
S1004094,SES02443,2026-06-07T23:35:30Z,KHI,ISB,2026-07-17,3,android,10
S9252835,SES02280,2026-06-07T23:39:02Z,KHI,SHJ,2026-06-15,3,android,18
S1005142,SES01775,2026-06-08T00:02:54Z,LHE,DXB,2026-09-13,1,desktop,37
S1001007,SES00974,2026-06-08T00:11:41Z,KHI,DXB,2026-07-17,1,android,10
S1001987,SES01281,2026-06-08T00:18:44Z,SHJ,LHE,2026-07-21,1,desktop,26
S1003082,SES02594,2026-06-08T00:34:05Z,KHI,DXB,2026-08-27,1,android,48
S1005362,SES02548,2026-06-08T00:35:29Z,KHI,MUX,2026-06-24,1,android,16
S1000552,SES01215,2026-06-08T00:51:45Z,PEW,SHJ,2026-09-09,1,android,28
S1006212,SES02769,2026-06-08T01:13:21Z,KHI,UET,2026-07-05,1,android,41
S1000864,SES01268,2026-06-08T01:23:55Z,PEW,DXB,2026-08-15,2,desktop,36
S1007599,SES01276,2026-06-08T01:29:41Z,ISB,KHI,2026-10-02,1,android,36
S1004897,SES02283,2026-06-08T01:38:13Z,KHI,PEW,2026-08-10,1,mobile_web,45
S1000287,SES00061,2026-06-08T01:42:19Z,KHI,ISB,2026-08-03,1,android,20
S1001579,SES02860,2026-06-08T01:52:41Z,LHE,ISB,2026-06-09,3,android,5
S1005666,SES03175,2026-06-08T01:56:00Z,LHE,KHI,2026-07-12,1,android,18
S1002146,SES02205,2026-06-08T02:00:32Z,DXB,ISB,2026-06-15,1,android,32
S1002069,SES00643,2026-06-08T02:02:19Z,KHI,SHJ,2026-06-11,3,mobile_web,29
S1003663,SES00129,2026-06-08T02:06:45Z,ISB,SHJ,2026-08-19,1,ios,6
S1001944,SES00202,2026-06-08T02:18:58Z,ISB,KHI,2026-07-27,2,desktop,22
S1004490,SES00207,2026-06-08T02:27:15Z,LHE,KHI,2026-08-02,1,android,25
S1006682,SES02084,2026-06-08T02:31:21Z,KHI,SHJ,2026-07-23,2,android,6
S1002041,SES00600,2026-06-08T02:48:05Z,ISB,LHE,2026-09-10,2,ios,29
S1000116,SES01977,2026-06-08T03:03:39Z,ISB,KHI,2026-08-24,3,mobile_web,5
S1000540,SES00319,2026-06-08T03:12:12Z,ISB,KHI,2026-07-30,1,android,10
S1005875,SES02964,2026-06-08T03:13:03Z,KHI,SHJ,2026-07-11,1,ios,17
S1001104,SES01868,2026-06-08T03:28:25Z,LHE,DXB,2026-07-27,4,ios,27
S1005154,SES01182,2026-06-08T03:54:00Z,KHI,ISB,2026-06-18,2,desktop,33
S1002452,SES02893,2026-06-08T04:01:13Z,ISB,SHJ,2026-07-09,2,desktop,33
S1005217,SES01198,2026-06-08T04:02:38Z,KHI,LHE,2026-07-25,2,desktop,26
S1003473,SES00695,2026-06-08T04:05:50Z,KHI,ISB,2026-07-04,4,android,18
S1006638,SES00089,2026-06-08T04:21:31Z,ISB,LHE,2026-08-13,2,android,8
S1005682,SES00120,2026-06-08T04:22:22Z,KHI,PEW,2026-09-03,2,android,20
S1005444,SES02198,2026-06-08T04:27:50Z,ISB,LHE,2026-09-02,2,desktop,2
S1006918,SES00638,2026-06-08T04:30:28Z,ISB,DXB,2026-06-10,2,desktop,13
S1002703,SES03079,2026-06-08T04:39:38Z,DXB,KHI,2026-06-21,3,desktop,29
S1004615,SES03013,2026-06-08T04:43:10Z,PEW,DXB,2026-07-28,2,android,26
S1007072,SES00470,2026-06-08T04:52:33Z,KHI,LHE,2026-06-15,3,desktop,2
S1002445,SES00392,2026-06-08T04:55:58Z,PEW,SHJ,2026-09-08,1,ios,13
S1004285,SES00648,2026-06-08T05:09:58Z,KHI,LHE,2026-07-19,1,desktop,38
S1004426,SES00478,2026-06-08T05:19:40Z,KHI,LHE,2026-08-19,1,android,32
S1007200,SES02119,2026-06-08T05:25:02Z,LHR,ISB,2026-07-17,3,ios,24
S1006545,SES00065,2026-06-08T05:25:51Z,SHJ,KHI,2026-08-18,1,android,42
S1003142,SES01570,2026-06-08T05:46:02Z,KHI,SHJ,2026-06-10,1,bot,13
S1001409,SES03264,2026-06-08T05:46:36Z,DXB,KHI,2026-09-15,4,android,28
S1000726,SES02018,2026-06-08T05:49:51Z,KHI,ISB,2026-09-19,2,android,7
S1005077,SES03377,2026-06-08T05:58:31Z,PEW,DXB,2026-07-07,4,mobile_web,26
S1000292,SES02271,2026-06-08T06:02:43Z,KHI,MUX,2026-09-22,1,android,24
S1004665,SES02282,2026-06-08T06:42:32Z,KHI,SHJ,2026-08-18,1,mobile_web,3
S1005247,SES01525,2026-06-08T07:01:08Z,ISB,SHJ,2026-08-12,1,mobile_web,2
S1000700,SES01058,2026-06-08T07:01:52Z,ISB,DXB,2026-08-11,4,ios,35
S1002954,SES01734,2026-06-08T07:12:16Z,KHI,DXB,2026-08-06,1,android,32
S1004381,SES02793,2026-06-08T07:26:03Z,ISB,LHE,2026-08-16,1,desktop,20
S1007437,SES02206,2026-06-08T07:37:38Z,LHE,ISB,2026-06-23,1,desktop,14
S1004339,SES02700,2026-06-08T07:38:52Z,KHI,MUX,2026-07-07,1,mobile_web,34
S1003305,SES00666,2026-06-08T07:49:58Z,KHI,UET,2026-06-21,4,android,36
S9296686,SES00576,2026-06-08T07:58:12Z,LHR,ISB,2026-07-28,1,desktop,32
S1000856,SES00399,2026-06-08T08:03:31Z,SHJ,KHI,2026-08-31,1,ios,13
S1007302,SES00539,2026-06-08T08:11:31Z,LHE,DXB,2026-09-18,4,ios,24
S1003247,SES02919,2026-06-08T08:34:25Z,LHE,DXB,2026-10-02,3,desktop,15
S1005954,SES01504,2026-06-08T08:43:28Z,ISB,KHI,2026-08-04,1,android,44
S1005295,SES03207,2026-06-08T09:09:06Z,ISB,KHI,2026-08-06,2,mobile_web,26
S1001616,SES01145,2026-06-08T09:09:13Z,KHI,DXB,2026-06-26,1,android,5
S1005169,SES01690,2026-06-08T09:10:21Z,KHI,JED,2026-08-07,1,mobile_web,35
S1006633,SES02657,2026-06-08T09:15:55Z,ISB,KHI,2026-08-31,2,android,34
S1004508,SES00398,2026-06-08T09:45:01Z,KHI,LHE,2026-06-23,2,desktop,38
S1000195,SES00041,2026-06-08T09:56:31Z,KHI,SHJ,2026-08-29,1,android,15
S1006411,SES00954,2026-06-08T10:23:45Z,KHI,LHE,2026-07-05,1,android,24
S1002092,SES01877,2026-06-08T10:29:09Z,ISB,SHJ,2026-08-25,1,mobile_web,5
S1006478,SES00938,2026-06-08T10:37:36Z,SHJ,LHE,2026-09-20,3,desktop,31
S1002727,SES01381,2026-06-08T10:59:19Z,ISB,SHJ,2026-10-04,2,desktop,19
S1004667,SES03171,2026-06-08T11:22:44Z,LHE,KHI,2026-07-07,1,android,43
S1006884,SES02887,2026-06-08T11:38:26Z,LHE,ISB,2026-07-06,1,desktop,47
S1003534,SES03261,2026-06-08T11:45:07Z,DXB,KHI,2026-07-07,3,mobile_web,21
S1000285,SES02641,2026-06-08T11:52:20Z,KHI,LHE,2026-08-06,2,mobile_web,15
S1005329,SES02455,2026-06-08T11:56:01Z,DXB,LHE,2026-06-14,1,desktop,3
S1001013,SES03210,2026-06-08T11:56:48Z,ISB,DXB,2026-08-20,1,ios,17
S1004030,SES02547,2026-06-08T12:08:16Z,ISB,PEW,2026-06-19,2,ios,30
S1004337,SES01627,2026-06-08T12:16:12Z,KHI,ISB,2026-08-09,1,android,45
S1003304,SES00757,2026-06-08T12:22:32Z,SHJ,KHI,2026-06-16,3,android,33
S1002414,SES01384,2026-06-08T12:34:27Z,KHI,ISB,2026-06-12,1,android,1
S1004236,SES02361,2026-06-08T12:37:04Z,ISB,LHR,2026-07-05,1,android,39
S1001726,SES01038,2026-06-08T12:46:13Z,KHI,DXB,2026-08-01,1,android,15
S1004150,SES01183,2026-06-08T12:49:23Z,LHE,KHI,2026-06-17,2,android,10
S1001064,SES01368,2026-06-08T13:03:47Z,LHE,KHI,2026-06-25,1,ios,24
S1002392,SES01808,2026-06-08T13:16:31Z,KHI,ISB,2026-07-20,2,desktop,13
S1007135,SES01434,2026-06-08T13:22:42Z,PEW,SHJ,2026-09-14,2,android,37
S9772843,SES00809,2026-06-08T13:25:07Z,LHE,ISB,2026-09-30,1,android,37
S1006100,SES00380,2026-06-08T13:30:57Z,KHI,ISB,2026-06-22,3,desktop,43
S1002708,SES00282,2026-06-08T13:54:23Z,LHE,DXB,2026-08-05,3,android,33
S1005212,SES02557,2026-06-08T14:00:09Z,SHJ,LHE,2026-06-15,2,bot,10
S1000878,SES00156,2026-06-08T14:00:46Z,ISB,LHE,2026-09-11,1,bot,35
S1005363,SES00968,2026-06-08T14:01:44Z,KHI,ISB,2026-08-02,1,android,43
S1007396,SES02102,2026-06-08T14:17:36Z,KHI,SHJ,2026-09-22,1,ios,31
S1006388,SES03039,2026-06-08T15:09:43Z,KHI,DXB,2026-07-16,2,ios,8
S1000468,SES00738,2026-06-08T15:41:27Z,LHE,KHI,2026-06-10,1,android,15
S1002383,SES01603,2026-06-08T15:43:57Z,ISB,KHI,2026-06-21,3,ios,30
S9548190,SES00786,2026-06-08T15:46:29Z,KHI,DXB,2026-07-27,3,desktop,10
S1004258,SES00520,2026-06-08T15:55:48Z,KHI,LHE,2026-06-18,1,android,48
S1000339,SES00765,2026-06-08T15:58:13Z,ISB,KHI,2026-07-17,2,mobile_web,0
S1002236,SES00185,2026-06-08T16:27:44Z,KHI,MUX,2026-06-27,2,android,27
S1003593,SES02859,2026-06-08T16:34:03Z,SHJ,LHE,2026-06-26,2,desktop,16
S1005522,SES00435,2026-06-08T16:38:40Z,KHI,LHE,2026-09-20,1,android,35
S1006818,SES00531,2026-06-08T16:45:04Z,KHI,PEW,2026-08-04,1,mobile_web,46
S1006538,SES03127,2026-06-08T17:16:22Z,DXB,KHI,2026-08-15,4,desktop,43
S1003790,SES02407,2026-06-08T17:45:03Z,KHI,LHE,2026-08-25,3,desktop,25
S1000063,SES03203,2026-06-08T17:45:40Z,KHI,DXB,2026-08-13,1,android,44
S1000481,SES01862,2026-06-08T17:47:58Z,KHI,ISB,2026-07-06,1,mobile_web,36
S1000419,SES03312,2026-06-08T17:49:35Z,ISB,PEW,2026-08-04,3,android,17
S1007326,SES01839,2026-06-08T18:09:37Z,ISB,KHI,2026-06-26,4,ios,31
S1003308,SES01650,2026-06-08T18:17:05Z,LHE,KHI,2026-06-27,4,android,20
S1003038,SES00665,2026-06-08T18:34:11Z,ISB,DXB,2026-08-10,3,desktop,48
S1005588,SES00604,2026-06-08T18:35:06Z,ISB,DXB,2026-09-24,2,android,5
S1007150,SES00933,2026-06-08T19:01:53Z,KHI,DXB,2026-09-05,1,ios,18
S1006491,SES03348,2026-06-08T19:01:58Z,LHE,KHI,2026-08-31,4,desktop,16
S1001620,SES01263,2026-06-08T19:13:44Z,ISB,KHI,2026-06-29,3,mobile_web,22
S1007319,SES00790,2026-06-08T19:14:44Z,ISB,KHI,2026-08-16,1,mobile_web,34
S1001941,SES01168,2026-06-08T19:29:32Z,DXB,ISB,2026-08-30,1,desktop,0
S1004740,SES03194,2026-06-08T19:51:31Z,LHE,JED,2026-09-07,2,ios,3
S1003811,SES00199,2026-06-08T19:58:57Z,KHI,SHJ,2026-08-25,1,ios,13
S1001549,SES03206,2026-06-08T20:05:53Z,KHI,DXB,2026-09-28,1,ios,41
S1006064,SES01374,2026-06-08T20:28:20Z,LHE,KHI,2026-07-31,1,mobile_web,24
S1000945,SES02379,2026-06-08T20:31:37Z,KHI,ISB,2026-07-09,1,bot,42
S1006986,SES02141,2026-06-08T20:44:22Z,ISB,DXB,2026-08-10,1,desktop,44
S1005382,SES01211,2026-06-08T20:59:05Z,ISB,SHJ,2026-06-11,1,bot,5
S1002493,SES01845,2026-06-08T21:06:33Z,KHI,ISB,2026-07-06,2,android,11
S1001680,SES01730,2026-06-08T21:16:19Z,LHE,JED,2026-09-26,1,mobile_web,39
S1007286,SES00975,2026-06-08T21:29:12Z,ISB,SHJ,2026-08-23,2,ios,37
S1004484,SES02108,2026-06-08T21:34:18Z,KHI,DXB,2026-06-18,4,android,47
S1006954,SES01217,2026-06-08T21:56:13Z,KHI,ISB,2026-09-06,2,android,15
S1005047,SES02803,2026-06-08T22:07:48Z,KHI,LHE,2026-08-02,1,android,12
S1000178,SES02385,2026-06-08T22:15:13Z,KHI,ISB,2026-09-24,2,ios,18
S1000626,SES02813,2026-06-08T22:32:37Z,LHE,DXB,2026-08-12,2,android,44
S1002966,SES01020,2026-06-08T22:34:28Z,KHI,PEW,2026-09-06,1,android,28
S1002817,SES01728,2026-06-08T23:02:46Z,SHJ,LHE,2026-09-22,1,android,1
S9341795,SES02463,2026-06-08T23:17:43Z,SHJ,LHE,2026-06-28,1,desktop,32
S1004564,SES01153,2026-06-08T23:23:11Z,ISB,KHI,2026-07-26,2,android,24
S1006716,SES02258,2026-06-08T23:27:58Z,KHI,ISB,2026-07-15,4,ios,31
S1000307,SES03091,2026-06-08T23:36:57Z,KHI,ISB,2026-07-15,2,android,18
S1006371,SES00705,2026-06-08T23:53:51Z,KHI,PEW,2026-08-27,1,desktop,47
S1003453,SES01905,2026-06-09T00:18:57Z,KHI,JED,2026-06-20,1,android,25
S1001266,SES01053,2026-06-09T00:25:10Z,KHI,SHJ,2026-07-29,2,ios,34
S1007461,SES01710,2026-06-09T00:31:28Z,KHI,MUX,2026-09-10,1,android,47
S1002762,SES00184,2026-06-09T00:34:55Z,KHI,ISB,2026-09-01,2,mobile_web,5
S1005338,SES02123,2026-06-09T00:35:20Z,ISB,KHI,2026-09-26,1,android,8
S1007167,SES01455,2026-06-09T00:35:36Z,LHE,ISB,2026-09-02,2,ios,2
S1004657,SES01675,2026-06-09T00:46:21Z,ISB,PEW,2026-08-09,2,desktop,26
S1001042,SES02038,2026-06-09T00:52:41Z,KHI,LHE,2026-07-07,1,android,3
S1003122,SES01786,2026-06-09T01:03:54Z,PEW,SHJ,2026-08-01,1,android,28
S1007274,SES00678,2026-06-09T01:07:42Z,ISB,SHJ,2026-06-12,4,android,35
S1002333,SES01973,2026-06-09T01:13:54Z,KHI,SHJ,2026-06-13,1,bot,26
S1001942,SES01100,2026-06-09T01:15:01Z,LHE,JED,2026-10-07,4,desktop,40
S1003494,SES01365,2026-06-09T01:33:16Z,KHI,ISB,2026-08-16,2,ios,16
S1003364,SES01851,2026-06-09T01:34:46Z,ISB,KHI,2026-06-10,1,ios,43
S1002525,SES01800,2026-06-09T01:59:58Z,ISB,PEW,2026-08-18,3,android,17
S1005277,SES01139,2026-06-09T02:07:05Z,KHI,ISB,2026-08-23,2,desktop,18
S1001222,SES02943,2026-06-09T02:07:17Z,KHI,UET,2026-07-19,1,desktop,12
S1003452,SES00007,2026-06-09T02:07:35Z,KHI,ISB,2026-07-22,1,bot,10
S1000553,SES00838,2026-06-09T02:11:49Z,KHI,MUX,2026-06-25,2,ios,17
S1000888,SES03169,2026-06-09T02:13:44Z,DXB,KHI,2026-06-24,4,mobile_web,18
S1003085,SES01177,2026-06-09T02:14:29Z,LHE,ISB,2026-09-26,2,desktop,26
S1002705,SES00058,2026-06-09T02:21:14Z,KHI,ISB,2026-07-18,1,android,30
S1006357,SES01847,2026-06-09T02:21:19Z,PEW,DXB,2026-06-29,3,android,11
S1006796,SES01696,2026-06-09T02:35:43Z,ISB,LHR,2026-07-29,1,ios,27
S1007095,SES02936,2026-06-09T02:47:56Z,ISB,SHJ,2026-09-05,1,android,27
S1001130,SES02799,2026-06-09T02:48:33Z,LHE,ISB,2026-09-14,2,desktop,7
S1001869,SES00038,2026-06-09T02:49:45Z,LHE,KHI,2026-09-16,3,android,6
S1006254,SES01217,2026-06-09T02:53:40Z,LHE,DXB,2026-07-06,2,android,28
S1002437,SES02848,2026-06-09T02:59:58Z,LHE,DXB,2026-08-02,1,ios,37
S1005021,SES02813,2026-06-09T03:26:52Z,KHI,PEW,2026-06-11,1,android,36
S1007109,SES00937,2026-06-09T03:35:29Z,KHI,MUX,2026-09-02,1,android,9
S1004627,SES03046,2026-06-09T03:55:43Z,KHI,LHE,2026-06-11,1,android,12
S1006952,SES00755,2026-06-09T03:58:36Z,ISB,SHJ,2026-06-25,1,android,11
S1005213,SES00377,2026-06-09T04:05:39Z,ISB,SHJ,2026-08-02,2,android,11
S1005743,SES00332,2026-06-09T04:07:07Z,KHI,MUX,2026-08-29,1,android,42
S1001835,SES02603,2026-06-09T04:16:52Z,KHI,LHE,2026-10-01,1,mobile_web,3
S1006762,SES02678,2026-06-09T04:37:54Z,LHE,JED,2026-07-18,1,ios,2
S1006775,SES02937,2026-06-09T04:50:07Z,KHI,LHE,2026-07-11,2,ios,27
S1003786,SES02229,2026-06-09T05:09:14Z,LHE,DXB,2026-09-21,1,ios,34
S1000122,SES01638,2026-06-09T05:09:45Z,LHE,SHJ,2026-07-21,2,ios,31
S1006600,SES01144,2026-06-09T05:16:01Z,KHI,ISB,2026-09-11,1,android,4
S1002745,SES01487,2026-06-09T05:21:41Z,PEW,DXB,2026-07-13,1,desktop,12
S1003809,SES02712,2026-06-09T05:23:19Z,SHJ,LHE,2026-07-21,1,android,36
S1003254,SES01244,2026-06-09T05:32:57Z,LHE,KHI,2026-07-16,2,desktop,13
S1000986,SES02713,2026-06-09T05:34:17Z,KHI,ISB,2026-09-19,2,android,6
S1002951,SES01078,2026-06-09T05:35:08Z,LHE,DXB,2026-07-05,1,android,0
S1004977,SES01793,2026-06-09T05:46:41Z,LHE,SHJ,2026-07-17,2,android,9
S1006882,SES02510,2026-06-09T05:52:18Z,SHJ,KHI,2026-07-01,1,android,15
S1005305,SES00115,2026-06-09T06:10:44Z,DXB,ISB,2026-06-10,1,android,12
S1005127,SES02898,2026-06-09T06:12:02Z,SHJ,KHI,2026-06-11,2,desktop,44
S1004678,SES00044,2026-06-09T06:13:52Z,LHE,ISB,2026-08-27,2,mobile_web,36
S1007978,SES00363,2026-06-09T06:22:31Z,KHI,LHE,2026-09-02,1,mobile_web,29
S1006109,SES01093,2026-06-09T06:51:01Z,KHI,LHE,2026-08-26,1,android,6
S1001393,SES03179,2026-06-09T07:02:32Z,ISB,DXB,2026-08-21,4,android,47
S1001622,SES01069,2026-06-09T07:12:16Z,KHI,DXB,2026-09-17,1,android,42
S1000682,SES02200,2026-06-09T07:12:31Z,ISB,SHJ,2026-09-04,2,android,16
S1000763,SES01422,2026-06-09T07:21:42Z,KHI,DXB,2026-06-22,1,android,19
S1003074,SES01538,2026-06-09T07:33:32Z,KHI,MUX,2026-08-08,2,android,14
S1003767,SES01262,2026-06-09T07:45:15Z,ISB,LHE,2026-08-22,4,mobile_web,31
S1002017,SES02504,2026-06-09T07:50:21Z,DXB,ISB,2026-08-28,2,android,38
S1000416,SES03378,2026-06-09T08:04:40Z,LHR,ISB,2026-07-04,1,ios,37
S1005766,SES00107,2026-06-09T08:05:11Z,LHE,ISB,2026-07-30,1,bot,24
S1003622,SES00632,2026-06-09T08:23:15Z,PEW,SHJ,2026-07-22,2,android,32
S1005693,SES03110,2026-06-09T09:26:26Z,LHE,KHI,2026-08-18,1,android,39
S9717855,SES00224,2026-06-09T09:40:58Z,ISB,KHI,2026-06-15,1,desktop,39
S1003612,SES00328,2026-06-09T09:47:58Z,ISB,KHI,2026-09-17,1,ios,38
S1006169,SES01023,2026-06-09T09:51:31Z,LHE,DXB,2026-09-30,1,android,42
S1000477,SES00961,2026-06-09T10:16:40Z,ISB,SHJ,2026-06-12,1,desktop,16
S1002061,SES01089,2026-06-09T10:21:15Z,DXB,LHE,2026-06-11,1,android,7
S1000430,SES00848,2026-06-09T10:46:30Z,PEW,DXB,2026-06-16,1,mobile_web,7
S1006338,SES00718,2026-06-09T10:50:12Z,PEW,DXB,2026-06-19,1,android,40
S9822663,SES01865,2026-06-09T11:21:13Z,KHI,SKT,2026-06-12,2,desktop,20
S1005075,SES01840,2026-06-09T11:22:32Z,KHI,ISB,2026-06-16,2,desktop,31
S1003050,SES00349,2026-06-09T11:25:20Z,ISB,KHI,2026-09-11,3,desktop,17
S1000120,SES00696,2026-06-09T11:27:26Z,KHI,LHE,2026-09-24,1,mobile_web,37
S1004552,SES02193,2026-06-09T11:37:10Z,ISB,SHJ,2026-07-14,2,desktop,10
S1004018,SES02447,2026-06-09T11:37:26Z,LHE,DXB,2026-08-12,2,ios,44
S1001613,SES02253,2026-06-09T11:49:53Z,SHJ,LHE,2026-06-20,3,android,38
S1002885,SES03018,2026-06-09T12:14:30Z,ISB,KHI,2026-06-16,3,desktop,36
S1002792,SES00672,2026-06-09T12:34:36Z,LHE,DXB,2026-08-27,1,ios,28
S1004719,SES01686,2026-06-09T12:42:35Z,SHJ,LHE,2026-06-11,3,desktop,0
S1007713,SES03382,2026-06-09T12:54:53Z,KHI,ISB,2026-06-24,1,desktop,13
S1005800,SES02442,2026-06-09T12:57:21Z,KHI,ISB,2026-10-01,1,android,43
S1003286,SES03353,2026-06-09T13:09:47Z,ISB,LHR,2026-08-18,1,mobile_web,9
S9740477,SES01513,2026-06-09T13:22:45Z,ISB,LHE,2026-06-28,2,android,14
S1002298,SES02717,2026-06-09T13:48:40Z,KHI,SKT,2026-09-13,1,android,44
S1004523,SES02761,2026-06-09T14:00:19Z,ISB,SHJ,2026-08-24,1,android,41
S1004949,SES02929,2026-06-09T14:14:45Z,SHJ,LHE,2026-10-06,2,ios,26
S1005254,SES01214,2026-06-09T14:17:13Z,LHE,SHJ,2026-09-12,2,desktop,14
S1000512,SES01500,2026-06-09T14:19:50Z,KHI,DXB,2026-06-27,1,desktop,0
S1004264,SES01643,2026-06-09T14:21:05Z,LHE,KHI,2026-06-17,3,mobile_web,48
S1001971,SES01052,2026-06-09T14:37:04Z,ISB,LHE,2026-09-03,1,android,0
S1005469,SES02662,2026-06-09T14:41:09Z,KHI,ISB,2026-07-02,1,android,39
S1002883,SES02199,2026-06-09T14:59:27Z,KHI,UET,2026-08-21,1,desktop,1
S1004624,SES02765,2026-06-09T15:13:51Z,KHI,LHE,2026-07-31,1,desktop,6
S1000462,SES00371,2026-06-09T15:38:30Z,KHI,LHE,2026-06-16,1,bot,39
S1000445,SES01447,2026-06-09T15:54:32Z,ISB,DXB,2026-06-11,1,mobile_web,27
S1005499,SES02383,2026-06-09T16:01:29Z,KHI,SHJ,2026-07-06,1,android,4
S1001857,SES02653,2026-06-09T16:06:33Z,KHI,DXB,2026-07-22,3,desktop,2
S1004874,SES02859,2026-06-09T16:20:26Z,LHE,KHI,2026-08-07,1,ios,4
S1003641,SES03129,2026-06-09T16:23:37Z,KHI,SHJ,2026-08-23,1,desktop,39
S1000861,SES00650,2026-06-09T16:26:25Z,LHE,DXB,2026-10-07,1,android,22
S1005177,SES01732,2026-06-09T17:08:23Z,KHI,LHE,2026-07-24,1,android,23
S1002300,SES02521,2026-06-09T17:30:57Z,ISB,SHJ,2026-08-01,1,ios,42
S1004293,SES01043,2026-06-09T17:38:13Z,KHI,LHE,2026-08-03,3,android,39
S1005640,SES00453,2026-06-09T17:47:28Z,LHE,KHI,2026-07-30,1,android,12
S1005585,SES00852,2026-06-09T17:47:41Z,KHI,LHE,2026-06-15,1,desktop,38
S1001076,SES02558,2026-06-09T17:51:23Z,ISB,KHI,2026-09-18,1,android,39
S1004768,SES02432,2026-06-09T17:57:55Z,KHI,LHE,2026-09-22,1,android,11
S1002991,SES03006,2026-06-09T18:17:22Z,KHI,ISB,2026-09-27,1,android,3
S1006303,SES01002,2026-06-09T18:18:25Z,KHI,ISB,2026-07-05,1,android,10
S1001036,SES02363,2026-06-09T18:35:02Z,ISB,KHI,2026-07-04,1,android,37
S1007871,SES02000,2026-06-09T18:36:25Z,KHI,PEW,2026-08-11,1,android,39
S1002670,SES02605,2026-06-09T18:46:31Z,KHI,SHJ,2026-06-13,2,android,26
S1006790,SES01891,2026-06-09T18:50:59Z,KHI,ISB,2026-09-29,2,android,5
S1003297,SES03083,2026-06-09T18:52:07Z,LHE,ISB,2026-08-30,1,android,38
S1003842,SES01526,2026-06-09T19:01:55Z,KHI,LHE,2026-08-14,1,mobile_web,18
S1003883,SES00623,2026-06-09T19:48:56Z,KHI,PEW,2026-08-07,1,bot,44
S1007560,SES01822,2026-06-09T19:49:24Z,ISB,KHI,2026-06-15,1,desktop,3
S1006321,SES02556,2026-06-09T20:06:42Z,LHE,JED,2026-06-22,1,ios,20
S1003337,SES00118,2026-06-09T20:12:16Z,DXB,KHI,2026-06-20,1,android,4
S1004088,SES01213,2026-06-09T20:12:18Z,PEW,DXB,2026-08-01,1,bot,5
S1001883,SES00861,2026-06-09T20:27:21Z,KHI,ISB,2026-07-08,1,ios,27
S1000829,SES02293,2026-06-09T20:30:54Z,LHR,ISB,2026-09-03,1,android,44
S1007977,SES01034,2026-06-09T20:56:42Z,LHE,DXB,2026-06-19,1,desktop,41
S1007748,SES01023,2026-06-09T21:03:28Z,PEW,SHJ,2026-10-05,1,android,21
S1002013,SES00007,2026-06-09T21:03:36Z,LHE,DXB,2026-07-05,1,mobile_web,18
S1006355,SES01166,2026-06-09T21:13:24Z,SHJ,LHE,2026-08-05,1,mobile_web,1
S1004855,SES01035,2026-06-09T21:49:25Z,KHI,LHE,2026-07-01,1,android,44
S1006915,SES01604,2026-06-09T22:29:01Z,ISB,SHJ,2026-06-19,1,desktop,25
S1005312,SES03162,2026-06-09T22:33:29Z,KHI,LHE,2026-07-08,3,android,24
S1003833,SES01640,2026-06-09T22:41:13Z,LHE,KHI,2026-07-10,4,android,15
S1007217,SES01515,2026-06-09T22:47:33Z,LHE,KHI,2026-08-05,1,ios,2
S1001108,SES00525,2026-06-09T23:01:22Z,KHI,SHJ,2026-09-24,2,android,32
S1004736,SES01956,2026-06-09T23:03:29Z,ISB,DXB,2026-06-18,2,desktop,11
S1002376,SES00083,2026-06-09T23:05:13Z,LHE,ISB,2026-06-11,4,desktop,11
S1002451,SES00201,2026-06-09T23:15:14Z,ISB,LHR,2026-09-13,2,android,6
S1000306,SES01389,2026-06-09T23:48:24Z,ISB,KHI,2026-07-20,1,android,30
S1007895,SES02812,2026-06-09T23:58:40Z,LHE,SHJ,2026-09-20,2,desktop,25
S1000980,SES00187,2026-06-10T00:09:20Z,SHJ,LHE,2026-07-20,2,desktop,23
S1006745,SES01957,2026-06-10T00:21:02Z,ISB,KHI,2026-07-12,2,ios,11
S1004871,SES00224,2026-06-10T00:23:57Z,LHE,KHI,2026-09-24,3,ios,30
S1002244,SES02487,2026-06-10T00:50:17Z,LHE,DXB,2026-07-30,1,android,18
S1004043,SES00341,2026-06-10T00:50:42Z,DXB,KHI,2026-08-07,3,android,33
S1000905,SES03092,2026-06-10T01:01:18Z,LHE,KHI,2026-09-03,1,desktop,32
S1005198,SES02522,2026-06-10T01:05:50Z,KHI,PEW,2026-09-16,1,bot,38
S1000774,SES01777,2026-06-10T01:18:03Z,PEW,SHJ,2026-09-21,3,android,25
S1003109,SES02881,2026-06-10T01:40:46Z,ISB,PEW,2026-08-13,1,android,24
S1006705,SES01019,2026-06-10T01:49:21Z,KHI,ISB,2026-08-02,1,ios,29
S1007830,SES02710,2026-06-10T01:53:07Z,LHE,DXB,2026-07-01,4,android,43
S1006287,SES02880,2026-06-10T01:58:27Z,LHE,DXB,2026-06-20,2,android,48
S1001184,SES00163,2026-06-10T02:08:47Z,KHI,LHE,2026-09-24,1,android,5
S1004551,SES02121,2026-06-10T02:19:52Z,SHJ,KHI,2026-07-25,1,ios,41
S1001783,SES00067,2026-06-10T02:32:29Z,DXB,ISB,2026-08-24,1,desktop,36
S1004741,SES00646,2026-06-10T02:33:12Z,KHI,DXB,2026-08-24,1,ios,24
S1005203,SES01250,2026-06-10T02:44:48Z,ISB,KHI,2026-08-15,1,mobile_web,5
S1002615,SES01789,2026-06-10T02:49:28Z,DXB,LHE,2026-07-11,3,desktop,18
S1001106,SES00635,2026-06-10T02:51:35Z,KHI,ISB,2026-07-17,3,android,42
S1007269,SES01977,2026-06-10T02:55:08Z,ISB,KHI,2026-09-16,4,ios,10
S1005153,SES00668,2026-06-10T03:05:20Z,DXB,KHI,2026-07-04,2,ios,27
S1000060,SES01259,2026-06-10T03:10:36Z,ISB,PEW,2026-06-14,1,android,38
S1001650,SES00271,2026-06-10T03:10:43Z,PEW,DXB,2026-08-03,3,mobile_web,37
S1000109,SES01101,2026-06-10T03:15:52Z,ISB,KHI,2026-09-28,2,android,0
S1005038,SES00268,2026-06-10T03:37:56Z,SHJ,KHI,2026-09-23,1,mobile_web,26
S1004492,SES02831,2026-06-10T04:03:47Z,KHI,LHE,2026-06-14,1,mobile_web,11
S1000657,SES01683,2026-06-10T04:14:44Z,LHE,JED,2026-07-03,1,desktop,1
S9205819,SES02322,2026-06-10T04:23:15Z,KHI,DXB,2026-06-27,2,android,10
S1001120,SES03024,2026-06-10T04:43:32Z,LHE,ISB,2026-09-13,2,desktop,40
S1006409,SES00830,2026-06-10T04:59:59Z,KHI,LHE,2026-09-27,1,android,28
S1001418,SES02655,2026-06-10T05:02:15Z,ISB,SHJ,2026-09-18,3,android,26
S1001366,SES01984,2026-06-10T05:03:07Z,LHE,SHJ,2026-08-01,1,ios,33
S1003725,SES02761,2026-06-10T05:04:59Z,KHI,MUX,2026-08-27,2,android,0
S1001369,SES02914,2026-06-10T05:36:36Z,KHI,MUX,2026-08-22,2,desktop,8
S1002169,SES01681,2026-06-10T06:00:02Z,ISB,PEW,2026-08-17,2,desktop,32
S1000376,SES02578,2026-06-10T06:04:30Z,KHI,SHJ,2026-08-16,3,ios,23
S1002983,SES02447,2026-06-10T06:10:45Z,ISB,KHI,2026-07-13,1,android,28
S1004600,SES02948,2026-06-10T06:13:12Z,LHE,KHI,2026-08-14,2,ios,47
S1005131,SES00304,2026-06-10T06:22:17Z,ISB,SHJ,2026-07-24,1,android,9
S1007047,SES01070,2026-06-10T06:25:42Z,KHI,LHE,2026-09-24,1,ios,18
S1007470,SES00616,2026-06-10T06:26:31Z,LHE,SHJ,2026-09-19,1,android,27
S1000332,SES03164,2026-06-10T06:35:30Z,DXB,ISB,2026-09-17,4,android,38
S1005412,SES01139,2026-06-10T06:39:44Z,SHJ,LHE,2026-06-26,1,ios,15
S1005602,SES00541,2026-06-10T07:05:14Z,KHI,DXB,2026-07-20,1,bot,25
S1000390,SES01327,2026-06-10T07:16:54Z,KHI,LHE,2026-06-18,3,mobile_web,41
S1007823,SES03352,2026-06-10T07:29:01Z,LHE,DXB,2026-09-28,3,desktop,35
S1005319,SES02552,2026-06-10T07:30:02Z,LHE,ISB,2026-09-22,1,ios,3
S9317895,SES00898,2026-06-10T07:42:15Z,KHI,JED,2026-07-27,3,desktop,12
S1004172,SES02649,2026-06-10T07:49:34Z,KHI,SHJ,2026-10-08,1,bot,47
S1001246,SES02294,2026-06-10T07:52:47Z,ISB,KHI,2026-07-16,1,ios,38
S1002855,SES01186,2026-06-10T07:58:54Z,SHJ,LHE,2026-06-25,1,desktop,37
S1000161,SES02164,2026-06-10T08:08:31Z,DXB,KHI,2026-09-20,2,android,40
S1000883,SES03365,2026-06-10T08:11:20Z,KHI,LHE,2026-06-29,2,ios,18
S1004731,SES02398,2026-06-10T08:16:46Z,KHI,ISB,2026-09-01,2,ios,10
S1005310,SES00434,2026-06-10T08:25:24Z,ISB,KHI,2026-08-28,2,mobile_web,21
S1003785,SES03048,2026-06-10T08:27:13Z,ISB,SHJ,2026-08-17,1,ios,20
S1003928,SES00418,2026-06-10T08:30:33Z,KHI,DXB,2026-07-18,1,ios,6
S1004374,SES00039,2026-06-10T08:36:07Z,KHI,UET,2026-09-21,2,ios,11
S1000384,SES00353,2026-06-10T08:56:31Z,KHI,DXB,2026-08-24,1,android,20
S1007480,SES03174,2026-06-10T09:02:01Z,KHI,SKT,2026-08-20,1,ios,44
S1005998,SES02107,2026-06-10T09:24:17Z,ISB,LHR,2026-07-01,1,desktop,2
S1001317,SES03089,2026-06-10T09:24:30Z,ISB,SHJ,2026-09-01,3,android,36
S1000181,SES01536,2026-06-10T09:41:09Z,KHI,SHJ,2026-07-25,1,android,38
S1003530,SES00516,2026-06-10T09:52:21Z,KHI,SHJ,2026-07-05,1,ios,9
S1002978,SES00090,2026-06-10T10:39:23Z,KHI,ISB,2026-06-24,4,ios,5
S1002384,SES03085,2026-06-10T10:51:52Z,KHI,ISB,2026-09-28,1,ios,23
S1005182,SES00271,2026-06-10T11:05:12Z,PEW,DXB,2026-08-24,4,android,48
S1004728,SES01642,2026-06-10T11:07:03Z,ISB,KHI,2026-06-23,3,ios,1
S1006156,SES01272,2026-06-10T11:12:58Z,KHI,ISB,2026-08-20,1,desktop,17
S1000844,SES02632,2026-06-10T11:20:07Z,KHI,ISB,2026-09-07,1,mobile_web,34
S1007061,SES02434,2026-06-10T11:25:02Z,LHE,SHJ,2026-09-18,1,mobile_web,18
S1003616,SES02683,2026-06-10T11:31:05Z,DXB,ISB,2026-08-05,3,android,13
S1000179,SES02353,2026-06-10T12:03:07Z,LHE,DXB,2026-10-08,2,android,12
S1007731,SES03356,2026-06-10T12:31:37Z,PEW,SHJ,2026-07-17,1,android,9
S1002826,SES02337,2026-06-10T12:33:18Z,KHI,ISB,2026-08-27,1,desktop,14
S1007954,SES01068,2026-06-10T12:47:31Z,DXB,KHI,2026-09-23,3,android,35
S1002531,SES03020,2026-06-10T12:47:58Z,DXB,ISB,2026-07-06,4,ios,35
S1002895,SES00792,2026-06-10T13:03:48Z,KHI,UET,2026-09-28,1,ios,9
S1002400,SES00172,2026-06-10T13:04:28Z,ISB,KHI,2026-06-23,1,android,19
S9375453,SES03132,2026-06-10T13:28:53Z,KHI,ISB,2026-09-30,2,desktop,36
S1001762,SES00387,2026-06-10T13:36:05Z,LHE,JED,2026-09-26,1,mobile_web,15
S1001422,SES02985,2026-06-10T13:37:42Z,ISB,SHJ,2026-08-29,1,android,15
S1002962,SES00143,2026-06-10T13:38:51Z,DXB,LHE,2026-09-05,1,android,46
S1000049,SES01086,2026-06-10T14:01:09Z,ISB,KHI,2026-08-13,3,android,0
S1002450,SES02613,2026-06-10T14:06:22Z,KHI,DXB,2026-07-02,1,mobile_web,22
S1006732,SES01075,2026-06-10T14:15:57Z,ISB,SHJ,2026-07-08,3,android,4
S9498599,SES02826,2026-06-10T14:28:59Z,KHI,LHE,2026-06-27,3,desktop,37
S1007369,SES01451,2026-06-10T14:42:07Z,DXB,LHE,2026-08-08,3,android,4
S1007219,SES00107,2026-06-10T14:44:20Z,DXB,ISB,2026-06-13,1,mobile_web,48
S1002267,SES01196,2026-06-10T14:53:17Z,DXB,ISB,2026-06-17,1,android,13
S1006717,SES03107,2026-06-10T15:01:29Z,KHI,ISB,2026-08-15,1,mobile_web,7
S1000965,SES02878,2026-06-10T15:22:42Z,KHI,SHJ,2026-07-11,1,mobile_web,17
S1006207,SES00527,2026-06-10T15:24:43Z,LHE,DXB,2026-08-19,2,android,36
S1002403,SES00551,2026-06-10T15:30:58Z,LHE,ISB,2026-09-03,1,android,46
S1006308,SES01246,2026-06-10T15:32:29Z,PEW,SHJ,2026-08-26,1,android,37
S1004701,SES01834,2026-06-10T15:47:59Z,LHE,KHI,2026-09-14,3,android,10
S1002401,SES01494,2026-06-10T16:06:48Z,KHI,SKT,2026-07-13,2,android,25
S1001252,SES02739,2026-06-10T16:50:38Z,KHI,SHJ,2026-07-23,1,android,20
S1007320,SES01298,2026-06-10T16:52:26Z,KHI,LHE,2026-09-29,1,android,20
S1002058,SES03009,2026-06-10T17:06:49Z,SHJ,KHI,2026-09-01,2,android,43
S1005450,SES00405,2026-06-10T17:24:40Z,LHE,ISB,2026-07-21,3,mobile_web,4
S1003150,SES02158,2026-06-10T17:27:24Z,PEW,DXB,2026-09-11,1,mobile_web,26
S1003189,SES00861,2026-06-10T17:28:01Z,KHI,DXB,2026-08-01,1,android,5
S1002725,SES02313,2026-06-10T17:35:35Z,ISB,SHJ,2026-06-27,2,android,16
S9381247,SES00973,2026-06-10T17:38:13Z,KHI,LHE,2026-06-28,1,desktop,11
S1006441,SES02833,2026-06-10T17:52:00Z,KHI,LHE,2026-08-29,3,android,33
S1007763,SES00984,2026-06-10T18:24:42Z,KHI,SHJ,2026-06-26,1,android,13
S1004373,SES02421,2026-06-10T18:35:38Z,ISB,DXB,2026-09-30,2,android,10
S1004861,SES02994,2026-06-10T18:37:40Z,ISB,KHI,2026-07-19,1,desktop,8
S1000590,SES03015,2026-06-10T18:46:52Z,DXB,ISB,2026-08-03,1,android,2
S1002160,SES02508,2026-06-10T18:57:02Z,SHJ,LHE,2026-06-19,1,mobile_web,22
S1007958,SES02602,2026-06-10T19:20:46Z,DXB,KHI,2026-07-19,1,android,15
S1005623,SES00667,2026-06-10T19:20:49Z,ISB,LHR,2026-07-16,2,android,16
S1004396,SES00401,2026-06-10T19:48:41Z,LHE,DXB,2026-08-10,3,android,29
S1004494,SES00043,2026-06-10T19:56:26Z,KHI,LHE,2026-08-15,2,android,7
S1003153,SES00297,2026-06-10T20:05:11Z,KHI,ISB,2026-07-30,1,android,16
S1001330,SES00962,2026-06-10T20:28:48Z,DXB,ISB,2026-09-22,3,android,24
S1007206,SES01628,2026-06-10T20:30:07Z,SHJ,KHI,2026-07-17,3,ios,28
S1005925,SES02898,2026-06-10T20:36:49Z,KHI,SHJ,2026-07-17,1,android,42
S1002086,SES02542,2026-06-10T20:37:55Z,LHE,DXB,2026-06-16,2,android,16
S1000695,SES01586,2026-06-10T20:40:06Z,KHI,LHE,2026-07-15,1,desktop,48
S1005704,SES00216,2026-06-10T20:42:11Z,LHE,KHI,2026-10-07,1,android,16
S1007370,SES03340,2026-06-10T20:56:14Z,DXB,ISB,2026-07-07,1,desktop,48
S1003949,SES02234,2026-06-10T21:04:21Z,ISB,LHE,2026-08-21,1,android,18
S1006290,SES00158,2026-06-10T21:12:28Z,LHE,KHI,2026-07-13,4,android,33
S1004148,SES02140,2026-06-10T21:50:39Z,KHI,JED,2026-09-05,1,android,5
S1001109,SES02099,2026-06-10T21:54:40Z,ISB,LHE,2026-06-12,2,mobile_web,22
S1000217,SES03283,2026-06-10T22:03:03Z,LHE,ISB,2026-08-22,1,ios,1
S1001992,SES00440,2026-06-10T22:06:37Z,KHI,SHJ,2026-08-25,1,desktop,33
S1005368,SES01582,2026-06-10T22:09:13Z,KHI,SKT,2026-10-01,3,android,7
S1000783,SES01645,2026-06-10T22:09:49Z,KHI,LHE,2026-07-31,1,ios,23
S9147091,SES01094,2026-06-10T22:11:23Z,LHE,DXB,2026-06-17,1,android,9
S1007786,SES00449,2026-06-10T22:19:29Z,ISB,PEW,2026-08-19,1,android,24
S1000575,SES00007,2026-06-10T22:34:27Z,ISB,LHR,2026-07-24,2,android,48
S1001028,SES03286,2026-06-10T22:42:26Z,PEW,DXB,2026-10-02,1,desktop,14
S1002088,SES01472,2026-06-10T22:45:33Z,KHI,JED,2026-09-05,2,android,30
S1006468,SES01670,2026-06-10T22:47:54Z,LHE,JED,2026-07-30,2,ios,11
S1005968,SES01387,2026-06-10T22:57:28Z,KHI,LHE,2026-09-29,2,android,10
S1000194,SES00464,2026-06-10T23:03:35Z,KHI,SHJ,2026-07-20,2,desktop,9
S1004159,SES02392,2026-06-10T23:16:37Z,LHE,DXB,2026-09-09,1,desktop,33
S1004563,SES02177,2026-06-10T23:20:49Z,KHI,SHJ,2026-07-16,1,mobile_web,37
S1001344,SES02901,2026-06-10T23:37:14Z,KHI,PEW,2026-08-05,2,android,35
S1001129,SES03294,2026-06-10T23:47:15Z,SHJ,LHE,2026-06-25,1,ios,28
S1001281,SES01538,2026-06-11T00:27:14Z,LHE,KHI,2026-10-09,1,desktop,7
S1004254,SES03300,2026-06-11T00:45:12Z,KHI,SHJ,2026-07-26,4,android,14
S1005028,SES02186,2026-06-11T00:48:47Z,ISB,KHI,2026-06-21,2,android,39
S1002269,SES02853,2026-06-11T00:49:04Z,ISB,SHJ,2026-09-03,4,mobile_web,36
S1000795,SES03295,2026-06-11T00:54:48Z,KHI,LHE,2026-08-15,2,mobile_web,2
S9844353,SES01572,2026-06-11T00:56:08Z,KHI,ISB,2026-06-15,1,desktop,13
S1005357,SES01913,2026-06-11T01:07:10Z,ISB,KHI,2026-09-08,1,android,11
S1005529,SES02100,2026-06-11T01:18:54Z,KHI,DXB,2026-06-30,2,mobile_web,33
S1007328,SES02348,2026-06-11T01:23:54Z,LHE,KHI,2026-09-13,2,ios,48
S1003658,SES01616,2026-06-11T01:30:53Z,LHE,ISB,2026-08-23,1,android,15
S1004407,SES02463,2026-06-11T01:31:38Z,LHE,ISB,2026-09-26,1,bot,7
S1001023,SES00067,2026-06-11T01:42:28Z,DXB,ISB,2026-07-30,1,android,6
S1005371,SES02408,2026-06-11T01:53:37Z,KHI,SHJ,2026-07-07,1,android,23
S1007956,SES01568,2026-06-11T02:12:58Z,DXB,LHE,2026-09-23,1,android,38
S1007106,SES01122,2026-06-11T02:14:21Z,ISB,PEW,2026-09-09,1,mobile_web,44
S1005137,SES01431,2026-06-11T02:20:03Z,LHE,DXB,2026-07-04,1,android,47
S1006875,SES01625,2026-06-11T02:22:05Z,KHI,ISB,2026-07-24,4,desktop,47
S1002323,SES03189,2026-06-11T02:37:57Z,KHI,ISB,2026-08-28,3,android,6
S1002539,SES01894,2026-06-11T02:49:30Z,LHE,DXB,2026-07-22,2,bot,28
S1002872,SES01408,2026-06-11T02:51:08Z,ISB,KHI,2026-09-27,3,android,29
S1000222,SES01556,2026-06-11T03:09:49Z,KHI,MUX,2026-08-01,2,android,43
S1000305,SES01798,2026-06-11T03:16:36Z,KHI,ISB,2026-09-15,3,desktop,15
S1001245,SES02611,2026-06-11T03:17:23Z,ISB,KHI,2026-07-25,3,android,7
S9299642,SES01086,2026-06-11T03:34:13Z,KHI,DXB,2026-06-18,4,android,37
S1002617,SES02148,2026-06-11T03:43:33Z,ISB,LHR,2026-09-22,1,desktop,46
S1001976,SES01453,2026-06-11T03:43:57Z,KHI,ISB,2026-06-13,3,desktop,25
S1002788,SES01459,2026-06-11T04:18:53Z,LHE,DXB,2026-06-20,1,android,13
S1003330,SES00389,2026-06-11T04:33:52Z,LHE,DXB,2026-08-02,1,android,41
S9523792,SES03293,2026-06-11T04:59:21Z,KHI,ISB,2026-06-26,2,desktop,38
S1003718,SES00192,2026-06-11T05:21:46Z,KHI,LHE,2026-08-25,2,mobile_web,13
S1006596,SES00012,2026-06-11T05:28:17Z,LHE,KHI,2026-09-16,3,desktop,36
S1007515,SES01610,2026-06-11T05:40:19Z,DXB,LHE,2026-09-05,2,bot,48
S1000879,SES00599,2026-06-11T05:44:13Z,DXB,KHI,2026-09-20,1,android,19
S1004085,SES00415,2026-06-11T06:06:13Z,LHE,ISB,2026-08-26,2,mobile_web,24
S1000381,SES02434,2026-06-11T06:08:17Z,KHI,ISB,2026-07-22,1,ios,20
S1007567,SES00421,2026-06-11T06:19:57Z,DXB,KHI,2026-09-22,1,ios,33
S1005517,SES00373,2026-06-11T06:22:52Z,ISB,PEW,2026-08-21,1,mobile_web,27
S1000778,SES03235,2026-06-11T06:27:35Z,LHR,ISB,2026-08-29,1,android,34
S1007711,SES01219,2026-06-11T06:30:15Z,KHI,ISB,2026-09-25,1,desktop,30
S9578368,SES01787,2026-06-11T06:32:23Z,KHI,DXB,2026-06-30,3,android,28
S1006322,SES00616,2026-06-11T06:35:30Z,KHI,ISB,2026-08-18,2,mobile_web,4
S1002886,SES01267,2026-06-11T06:35:32Z,ISB,SHJ,2026-07-17,1,android,40
S1005707,SES01051,2026-06-11T06:35:40Z,LHE,DXB,2026-07-10,2,ios,0
S1002953,SES03197,2026-06-11T06:41:46Z,LHE,ISB,2026-08-28,1,desktop,26
S1006193,SES00789,2026-06-11T07:53:32Z,KHI,SKT,2026-08-04,1,android,21
S1006263,SES00426,2026-06-11T08:18:44Z,KHI,ISB,2026-07-08,1,desktop,2
S1005145,SES00439,2026-06-11T08:55:02Z,DXB,ISB,2026-10-07,1,android,12
S1006162,SES03068,2026-06-11T09:14:24Z,PEW,DXB,2026-06-27,3,desktop,37
S1001996,SES02359,2026-06-11T09:15:12Z,KHI,ISB,2026-09-28,1,mobile_web,24
S1005124,SES02260,2026-06-11T09:18:55Z,LHE,KHI,2026-07-05,1,mobile_web,35
S1004856,SES02126,2026-06-11T09:20:39Z,KHI,LHE,2026-09-08,1,desktop,30
S1001391,SES01184,2026-06-11T09:29:10Z,KHI,MUX,2026-06-18,2,android,2
S1005629,SES00124,2026-06-11T10:03:44Z,LHE,ISB,2026-07-17,1,desktop,16
S1001866,SES02514,2026-06-11T10:06:43Z,DXB,KHI,2026-07-27,1,android,25
S1004386,SES02175,2026-06-11T10:10:07Z,ISB,SHJ,2026-10-06,3,mobile_web,17
S1001642,SES00534,2026-06-11T10:14:18Z,LHE,DXB,2026-08-15,4,android,20
S1004463,SES01805,2026-06-11T10:33:49Z,LHE,KHI,2026-08-10,1,desktop,26
S1005427,SES02157,2026-06-11T10:59:50Z,LHE,ISB,2026-07-04,1,android,45
S1003664,SES02015,2026-06-11T11:06:20Z,KHI,LHE,2026-09-25,4,ios,31
S1006299,SES01687,2026-06-11T11:08:46Z,LHE,SHJ,2026-08-07,2,android,26
S1003938,SES01592,2026-06-11T11:30:23Z,ISB,KHI,2026-07-15,1,desktop,22
S1007041,SES00980,2026-06-11T12:08:16Z,KHI,LHE,2026-08-16,3,android,7
S1003513,SES00617,2026-06-11T12:38:16Z,PEW,SHJ,2026-06-17,1,desktop,42
S1000724,SES02527,2026-06-11T12:55:29Z,DXB,KHI,2026-08-18,4,android,28
S1006247,SES00415,2026-06-11T13:07:24Z,DXB,KHI,2026-06-13,1,ios,13
S1002468,SES01475,2026-06-11T13:41:51Z,KHI,DXB,2026-10-05,1,desktop,7
S1000172,SES00205,2026-06-11T13:45:51Z,ISB,LHE,2026-10-08,1,android,17
S1006275,SES01056,2026-06-11T13:55:45Z,KHI,MUX,2026-09-11,1,ios,40
S1000787,SES03199,2026-06-11T14:06:16Z,ISB,KHI,2026-08-18,1,ios,37
S1007141,SES00793,2026-06-11T14:18:15Z,KHI,DXB,2026-07-29,3,ios,36
S1005713,SES02111,2026-06-11T14:21:50Z,ISB,SHJ,2026-07-28,3,mobile_web,14
S1003804,SES03345,2026-06-11T14:23:05Z,LHE,KHI,2026-09-24,1,android,16
S1007839,SES01540,2026-06-11T14:46:57Z,KHI,SHJ,2026-07-14,1,ios,17
S1003685,SES00345,2026-06-11T14:52:37Z,KHI,ISB,2026-07-04,1,ios,40
S1001453,SES02339,2026-06-11T15:07:22Z,SHJ,KHI,2026-09-16,2,desktop,43
S1007643,SES01796,2026-06-11T15:36:42Z,KHI,MUX,2026-09-03,1,android,37
S1006427,SES00389,2026-06-11T15:36:49Z,KHI,LHE,2026-07-12,2,mobile_web,4
S1000611,SES00730,2026-06-11T15:56:45Z,LHE,ISB,2026-08-27,2,desktop,26
S1004593,SES01932,2026-06-11T16:22:35Z,ISB,PEW,2026-06-14,1,android,34
S1004035,SES00216,2026-06-11T16:39:44Z,LHE,SHJ,2026-08-27,1,android,36
S1002646,SES02202,2026-06-11T16:41:53Z,KHI,SHJ,2026-10-03,1,desktop,16
S1005387,SES02340,2026-06-11T16:46:06Z,LHE,DXB,2026-06-12,1,ios,25
S1004096,SES01601,2026-06-11T16:51:12Z,KHI,SKT,2026-08-18,1,mobile_web,41
S1004550,SES01041,2026-06-11T16:53:22Z,ISB,KHI,2026-08-01,2,android,12
S1001576,SES02617,2026-06-11T16:53:47Z,PEW,SHJ,2026-09-06,1,ios,17
S9187345,SES02605,2026-06-11T17:06:05Z,LHE,DXB,2026-06-26,3,desktop,32
S1001519,SES01791,2026-06-11T17:28:11Z,LHE,SHJ,2026-09-15,2,android,14
S1007575,SES01355,2026-06-11T17:36:12Z,ISB,KHI,2026-06-26,1,desktop,36
S9463121,SES01975,2026-06-11T17:43:24Z,KHI,ISB,2026-06-17,3,desktop,7
S1005665,SES03250,2026-06-11T17:45:48Z,KHI,ISB,2026-08-22,1,android,27
S1002099,SES01310,2026-06-11T18:02:44Z,LHE,DXB,2026-06-30,1,desktop,18
S1005194,SES00368,2026-06-11T18:03:09Z,ISB,DXB,2026-10-09,2,mobile_web,25
S1007395,SES02424,2026-06-11T18:25:40Z,ISB,LHE,2026-09-03,1,desktop,24
S1002476,SES01680,2026-06-11T18:33:14Z,DXB,LHE,2026-10-09,1,ios,19
S9987675,SES01097,2026-06-11T18:49:14Z,DXB,ISB,2026-07-01,6,android,38
S1007633,SES01360,2026-06-11T18:51:53Z,KHI,ISB,2026-07-19,2,android,31
S1003577,SES02565,2026-06-11T18:56:09Z,KHI,SHJ,2026-06-19,4,android,44
S1007297,SES00058,2026-06-11T19:02:00Z,KHI,DXB,2026-08-20,1,mobile_web,31
S1006151,SES01009,2026-06-11T19:07:11Z,LHE,ISB,2026-08-29,1,android,25
S1002897,SES01414,2026-06-11T19:08:50Z,DXB,KHI,2026-09-28,3,desktop,43
S1000210,SES00644,2026-06-11T19:09:48Z,KHI,LHE,2026-08-10,1,desktop,28
S1004192,SES01877,2026-06-11T19:19:33Z,KHI,ISB,2026-09-15,3,android,4
S1007936,SES00295,2026-06-11T19:26:12Z,LHE,KHI,2026-09-23,1,mobile_web,20
S1004922,SES00227,2026-06-11T19:26:52Z,ISB,PEW,2026-08-09,4,android,36
S1004697,SES00286,2026-06-11T19:47:45Z,ISB,KHI,2026-08-25,1,ios,19
S1002455,SES00752,2026-06-11T20:03:27Z,DXB,LHE,2026-09-30,1,desktop,22
S1007121,SES03201,2026-06-11T20:12:21Z,KHI,MUX,2026-07-25,1,mobile_web,21
S1002214,SES00473,2026-06-11T20:45:50Z,LHE,DXB,2026-07-15,2,desktop,6
S1006235,SES02018,2026-06-11T20:49:49Z,LHE,DXB,2026-07-18,1,android,38
S1007142,SES01987,2026-06-11T21:29:06Z,KHI,SHJ,2026-08-06,4,ios,7
S1001691,SES01893,2026-06-11T21:32:42Z,LHE,KHI,2026-06-29,2,android,38
S1001442,SES00479,2026-06-11T21:35:35Z,KHI,SHJ,2026-09-03,2,ios,22
S1005893,SES01137,2026-06-11T21:39:06Z,KHI,ISB,2026-09-10,3,ios,44
S1004825,SES02164,2026-06-11T21:46:59Z,KHI,ISB,2026-08-15,2,desktop,15
S1007463,SES01274,2026-06-11T21:50:42Z,KHI,SHJ,2026-08-17,3,mobile_web,45
S1006257,SES02383,2026-06-11T22:02:15Z,ISB,KHI,2026-09-14,4,desktop,42
S1003424,SES00107,2026-06-11T22:29:04Z,KHI,DXB,2026-10-08,1,desktop,45
S1007556,SES01603,2026-06-11T22:44:24Z,KHI,MUX,2026-07-06,1,android,24
S1007166,SES00524,2026-06-11T22:46:44Z,PEW,SHJ,2026-08-25,3,mobile_web,1
S1007316,SES00262,2026-06-11T22:48:35Z,KHI,UET,2026-08-17,2,mobile_web,43
S1003646,SES02328,2026-06-11T22:58:50Z,KHI,LHE,2026-09-30,2,android,1
S1005555,SES01007,2026-06-11T23:08:29Z,KHI,ISB,2026-09-17,1,ios,26
S9465803,SES02448,2026-06-11T23:50:32Z,LHE,ISB,2026-06-16,2,desktop,30
S1006504,SES01571,2026-06-11T23:54:21Z,ISB,SHJ,2026-09-12,3,ios,34
S1007205,SES01940,2026-06-12T00:33:34Z,ISB,KHI,2026-08-17,2,android,25
S1003799,SES00945,2026-06-12T00:42:29Z,LHE,KHI,2026-09-23,4,android,23
S1002819,SES02551,2026-06-12T00:57:27Z,LHE,DXB,2026-09-17,2,mobile_web,16
S1004777,SES01114,2026-06-12T01:06:09Z,ISB,SHJ,2026-09-19,4,desktop,46
S1002397,SES01745,2026-06-12T01:12:41Z,LHE,SHJ,2026-10-08,2,desktop,15
S1001380,SES01161,2026-06-12T01:13:40Z,DXB,LHE,2026-08-13,2,desktop,14
S1005043,SES02088,2026-06-12T01:15:34Z,ISB,KHI,2026-10-08,1,android,25
S1000718,SES00746,2026-06-12T01:36:09Z,LHE,DXB,2026-10-09,1,android,33
S1003587,SES02981,2026-06-12T01:36:45Z,KHI,PEW,2026-08-09,1,desktop,42
S1006838,SES02490,2026-06-12T01:46:19Z,LHE,KHI,2026-06-13,1,android,41
S1003682,SES01386,2026-06-12T02:16:00Z,LHE,ISB,2026-09-05,1,android,44
S1007414,SES00730,2026-06-12T02:26:37Z,DXB,KHI,2026-09-30,1,android,32
S1000733,SES02442,2026-06-12T02:37:12Z,KHI,DXB,2026-07-09,1,desktop,40
S9204513,SES02720,2026-06-12T02:48:45Z,ISB,SHJ,2026-06-15,2,android,13
S1002305,SES02438,2026-06-12T02:53:53Z,KHI,DXB,2026-07-06,1,android,34
S9928759,SES02486,2026-06-12T03:08:54Z,DXB,KHI,2026-07-29,4,android,9
S1006000,SES01640,2026-06-12T03:27:32Z,ISB,SHJ,2026-09-02,4,android,8
S9982821,SES01027,2026-06-12T03:44:29Z,LHE,KHI,2026-06-27,2,desktop,37
S1003332,SES01285,2026-06-12T04:04:18Z,SHJ,LHE,2026-06-25,1,android,31
S1004679,SES00590,2026-06-12T04:11:56Z,LHR,ISB,2026-06-28,2,android,33
S1004493,SES02205,2026-06-12T04:13:34Z,LHE,KHI,2026-09-08,1,android,40
S1000653,SES00818,2026-06-12T04:21:34Z,KHI,ISB,2026-08-11,2,ios,6
S1006249,SES00995,2026-06-12T04:26:03Z,KHI,ISB,2026-07-04,1,ios,38
S1006789,SES00917,2026-06-12T04:47:14Z,ISB,PEW,2026-06-17,1,desktop,45
S1002133,SES00964,2026-06-12T05:04:02Z,ISB,PEW,2026-09-03,1,ios,44
S1004417,SES00065,2026-06-12T05:04:37Z,ISB,KHI,2026-09-27,1,android,44
S1006082,SES02172,2026-06-12T05:34:42Z,ISB,SHJ,2026-07-18,1,android,21
S1006809,SES01733,2026-06-12T05:44:52Z,PEW,DXB,2026-07-05,3,android,25
S1000356,SES03015,2026-06-12T05:55:22Z,LHE,SHJ,2026-10-09,1,android,30
S1005815,SES03030,2026-06-12T06:32:48Z,LHE,SHJ,2026-09-08,2,android,33
S1000308,SES00045,2026-06-12T06:54:37Z,PEW,DXB,2026-07-28,1,desktop,19
S1005916,SES01735,2026-06-12T07:14:03Z,LHE,JED,2026-09-28,2,android,2
S1001611,SES00909,2026-06-12T07:20:05Z,KHI,JED,2026-08-16,1,desktop,44
S1001634,SES00121,2026-06-12T07:20:21Z,LHE,KHI,2026-07-21,1,android,18
S1007707,SES02947,2026-06-12T07:21:02Z,KHI,ISB,2026-09-06,1,android,34
S9961260,SES03218,2026-06-12T07:29:00Z,KHI,ISB,2026-07-31,1,desktop,29
S1005986,SES02572,2026-06-12T07:36:02Z,KHI,DXB,2026-07-22,1,mobile_web,47
S1004301,SES02471,2026-06-12T07:36:30Z,PEW,DXB,2026-08-17,1,android,33
S1001308,SES00346,2026-06-12T07:36:44Z,KHI,LHE,2026-08-18,2,android,42
S1004607,SES01266,2026-06-12T07:37:26Z,KHI,ISB,2026-10-03,1,android,39
S1005757,SES02987,2026-06-12T08:07:40Z,KHI,LHE,2026-09-17,1,ios,36
S9895533,SES02885,2026-06-12T08:20:57Z,KHI,LHE,2026-07-02,2,android,14
S1000094,SES00666,2026-06-12T08:24:40Z,LHE,DXB,2026-07-21,1,android,21
S1004164,SES02710,2026-06-12T08:33:02Z,ISB,PEW,2026-09-11,3,mobile_web,35
S1003635,SES00519,2026-06-12T09:12:09Z,KHI,MUX,2026-06-23,1,mobile_web,36
S1001517,SES03229,2026-06-12T09:12:29Z,ISB,PEW,2026-07-23,1,android,32
S1006811,SES02535,2026-06-12T09:14:09Z,ISB,KHI,2026-07-28,1,android,41
S1003688,SES00692,2026-06-12T09:19:55Z,ISB,SHJ,2026-07-15,2,mobile_web,47
S1000016,SES00808,2026-06-12T09:34:09Z,LHE,SHJ,2026-06-29,3,desktop,14
S1000284,SES02148,2026-06-12T09:35:52Z,KHI,SKT,2026-07-01,1,android,35
S1003912,SES01626,2026-06-12T09:42:08Z,KHI,ISB,2026-09-12,1,mobile_web,34
S1005675,SES02318,2026-06-12T09:55:05Z,LHE,DXB,2026-10-09,1,desktop,15
S1003960,SES01898,2026-06-12T09:55:08Z,KHI,DXB,2026-10-05,3,desktop,15
S1004889,SES00001,2026-06-12T09:57:35Z,ISB,SHJ,2026-06-25,1,desktop,32
S1004137,SES01671,2026-06-12T10:09:19Z,SHJ,LHE,2026-09-07,1,android,45
S1003896,SES02215,2026-06-12T10:16:48Z,LHE,DXB,2026-07-09,1,android,7
S1006204,SES01828,2026-06-12T10:23:55Z,LHE,SHJ,2026-08-20,1,ios,28
S9698759,SES03294,2026-06-12T10:32:22Z,DXB,LHE,2026-06-18,3,android,27
S1006228,SES02844,2026-06-12T10:47:31Z,KHI,UET,2026-06-14,4,ios,23
S1006280,SES00998,2026-06-12T10:53:52Z,KHI,PEW,2026-08-05,2,android,6
S1007775,SES02346,2026-06-12T11:12:56Z,SHJ,LHE,2026-08-19,2,android,18
S1001490,SES00205,2026-06-12T11:21:07Z,ISB,KHI,2026-06-19,1,ios,45
S1006735,SES00533,2026-06-12T11:33:08Z,KHI,LHE,2026-08-30,1,desktop,28
S1004263,SES02711,2026-06-12T11:54:31Z,ISB,PEW,2026-10-04,2,android,16
S1005803,SES02657,2026-06-12T12:02:20Z,KHI,ISB,2026-08-31,2,desktop,45
S1007536,SES00776,2026-06-12T12:02:40Z,DXB,LHE,2026-08-13,4,bot,0
S1003177,SES02521,2026-06-12T12:06:20Z,KHI,LHE,2026-08-16,1,android,23
S1005448,SES03016,2026-06-12T12:17:47Z,PEW,DXB,2026-08-02,1,ios,37
S1004869,SES02219,2026-06-12T12:33:40Z,LHE,DXB,2026-07-10,4,ios,34
S1005328,SES00373,2026-06-12T12:40:20Z,KHI,SKT,2026-09-17,3,desktop,40
S1005649,SES00672,2026-06-12T13:03:33Z,PEW,DXB,2026-08-10,2,ios,27
S1002767,SES03056,2026-06-12T13:17:57Z,LHE,ISB,2026-10-08,1,desktop,13
S9489316,SES00667,2026-06-12T13:22:49Z,KHI,LHE,2026-06-20,2,desktop,26
S1001720,SES01161,2026-06-12T13:29:41Z,ISB,PEW,2026-07-05,1,android,34
S1000070,SES00373,2026-06-12T13:50:12Z,ISB,SHJ,2026-08-25,1,android,13
S1007568,SES01888,2026-06-12T14:14:06Z,KHI,ISB,2026-06-21,1,android,5
S1004443,SES00630,2026-06-12T14:22:18Z,LHE,JED,2026-07-01,2,mobile_web,31
S1005833,SES00497,2026-06-12T14:23:19Z,KHI,ISB,2026-07-11,2,android,30
S1005263,SES01970,2026-06-12T14:28:10Z,KHI,MUX,2026-10-01,1,mobile_web,20
S1000868,SES00520,2026-06-12T14:39:06Z,LHE,DXB,2026-06-27,3,mobile_web,2
S1003943,SES03230,2026-06-12T14:50:28Z,KHI,LHE,2026-08-15,1,mobile_web,3
S1002217,SES03355,2026-06-12T14:52:07Z,KHI,LHE,2026-07-29,2,bot,2
S1002124,SES01689,2026-06-12T15:03:03Z,KHI,MUX,2026-09-05,1,android,45
S1004303,SES03388,2026-06-12T15:05:09Z,DXB,LHE,2026-06-20,1,desktop,14
S1006692,SES01414,2026-06-12T15:14:44Z,SHJ,KHI,2026-07-02,1,android,38
S1005365,SES00877,2026-06-12T15:20:21Z,LHE,ISB,2026-09-23,2,android,24
S1003579,SES00239,2026-06-12T15:26:17Z,KHI,PEW,2026-07-11,1,bot,37
S1004230,SES00120,2026-06-12T16:12:02Z,LHE,KHI,2026-09-18,3,android,31
S1002509,SES00056,2026-06-12T16:22:22Z,ISB,KHI,2026-09-09,2,mobile_web,18
S1006013,SES00075,2026-06-12T16:56:32Z,KHI,UET,2026-06-25,1,android,48
S1005092,SES00084,2026-06-12T17:09:55Z,KHI,ISB,2026-07-08,2,android,9
S1001187,SES02898,2026-06-12T17:25:19Z,LHE,DXB,2026-08-31,1,android,22
S1006530,SES02983,2026-06-12T17:32:28Z,KHI,SKT,2026-09-06,1,mobile_web,41
S1004651,SES02439,2026-06-12T17:40:17Z,KHI,ISB,2026-07-20,1,mobile_web,28
S1007565,SES00849,2026-06-12T17:42:30Z,KHI,SHJ,2026-07-11,1,ios,44
S1006278,SES03379,2026-06-12T17:44:25Z,KHI,UET,2026-07-20,1,desktop,9
S1001228,SES00737,2026-06-12T18:08:28Z,PEW,DXB,2026-10-07,1,ios,34
S1001665,SES02429,2026-06-12T18:08:52Z,KHI,DXB,2026-06-18,1,desktop,43
S1005227,SES02671,2026-06-12T18:14:27Z,KHI,DXB,2026-07-29,1,ios,30
S9212892,SES01472,2026-06-12T18:17:53Z,KHI,DXB,2026-06-19,1,desktop,18
S1006483,SES01755,2026-06-12T18:24:28Z,LHE,DXB,2026-07-29,2,android,26
S1005184,SES02825,2026-06-12T18:25:49Z,ISB,SHJ,2026-09-25,3,android,6
S1005495,SES02449,2026-06-12T18:25:56Z,ISB,SHJ,2026-09-30,1,desktop,32
S1002974,SES03022,2026-06-12T18:33:32Z,LHE,KHI,2026-10-04,2,bot,5
S1000589,SES01297,2026-06-12T18:35:11Z,ISB,KHI,2026-07-07,1,mobile_web,40
S1003400,SES02523,2026-06-12T18:43:53Z,KHI,LHE,2026-07-14,1,desktop,20
S1003571,SES00802,2026-06-12T18:45:17Z,ISB,SHJ,2026-08-29,2,mobile_web,43
S1003499,SES01704,2026-06-12T18:46:20Z,KHI,ISB,2026-08-25,2,desktop,43
S1005152,SES03372,2026-06-12T19:10:56Z,ISB,LHE,2026-10-10,2,android,46
S9725370,SES02213,2026-06-12T19:20:47Z,LHE,SHJ,2026-06-27,1,desktop,5
S1005161,SES02487,2026-06-12T19:22:02Z,KHI,ISB,2026-08-18,3,android,35
S1004786,SES03400,2026-06-12T19:27:02Z,KHI,ISB,2026-06-17,2,desktop,16
S1006328,SES00286,2026-06-12T19:40:17Z,LHE,JED,2026-06-30,2,ios,44
S1007855,SES00833,2026-06-12T19:49:59Z,KHI,DXB,2026-10-08,1,android,3
S1002672,SES01418,2026-06-12T19:50:46Z,ISB,LHE,2026-09-25,2,android,13
S1001525,SES01950,2026-06-12T19:57:24Z,KHI,ISB,2026-07-25,1,bot,38
S1000011,SES01670,2026-06-12T20:05:25Z,PEW,SHJ,2026-08-03,1,ios,7
S1002972,SES02399,2026-06-12T20:06:19Z,KHI,SKT,2026-10-06,2,android,22
S9303384,SES03308,2026-06-12T20:12:02Z,KHI,LHE,2026-07-01,4,android,10
S1003569,SES00401,2026-06-12T20:20:40Z,PEW,SHJ,2026-06-18,2,android,44
S9672944,SES01895,2026-06-12T20:25:28Z,KHI,ISB,2026-07-29,1,android,10
S1005332,SES02700,2026-06-12T20:38:24Z,KHI,LHE,2026-08-03,1,desktop,44
S1007371,SES02141,2026-06-12T21:02:45Z,LHE,DXB,2026-09-22,3,mobile_web,41
S1000958,SES01655,2026-06-12T21:03:11Z,ISB,LHR,2026-07-09,1,desktop,14
S1005726,SES00312,2026-06-12T21:07:57Z,ISB,SHJ,2026-09-22,1,android,1
S1002410,SES02229,2026-06-12T21:19:18Z,ISB,SHJ,2026-06-25,1,mobile_web,44
S1006341,SES00413,2026-06-12T21:30:01Z,KHI,LHE,2026-09-05,2,android,34
S1007427,SES01283,2026-06-12T21:44:40Z,KHI,DXB,2026-09-30,3,android,28
S1004691,SES00086,2026-06-12T21:46:46Z,ISB,KHI,2026-07-01,2,mobile_web,36
S1000845,SES02308,2026-06-12T21:53:09Z,SHJ,KHI,2026-09-21,2,android,46
S9676066,SES00274,2026-06-12T21:58:18Z,KHI,SKT,2026-06-23,1,desktop,20
S1000379,SES00772,2026-06-12T22:17:42Z,KHI,SKT,2026-09-25,4,android,40
S1005015,SES02615,2026-06-12T22:49:36Z,DXB,KHI,2026-06-14,1,android,2
S1000259,SES01420,2026-06-12T23:00:21Z,DXB,KHI,2026-09-16,2,desktop,38
S1002597,SES02593,2026-06-12T23:04:13Z,LHE,DXB,2026-06-21,1,ios,12
S1006646,SES00634,2026-06-12T23:13:21Z,KHI,SHJ,2026-08-05,1,mobile_web,13
S1005076,SES01207,2026-06-12T23:32:09Z,KHI,LHE,2026-06-20,1,desktop,5
S1001552,SES02392,2026-06-12T23:54:37Z,PEW,DXB,2026-06-16,1,android,16
S1000925,SES00069,2026-06-12T23:56:20Z,LHE,DXB,2026-08-20,2,bot,42
S1000663,SES00578,2026-06-13T00:07:16Z,LHE,ISB,2026-07-12,2,android,39
S1005392,SES01878,2026-06-13T00:20:10Z,KHI,ISB,2026-08-30,1,android,33
S1007896,SES02939,2026-06-13T00:39:23Z,KHI,DXB,2026-10-08,4,desktop,28
S1005948,SES00104,2026-06-13T00:41:40Z,DXB,LHE,2026-07-05,2,android,30
S1006297,SES02339,2026-06-13T00:44:57Z,ISB,KHI,2026-10-01,2,desktop,20
S1002485,SES00074,2026-06-13T00:49:14Z,ISB,SHJ,2026-07-05,1,android,6
S1001000,SES01860,2026-06-13T00:59:47Z,KHI,SHJ,2026-07-11,2,mobile_web,36
S1001714,SES02030,2026-06-13T01:15:28Z,ISB,SHJ,2026-08-29,1,mobile_web,1
S1002274,SES02184,2026-06-13T01:15:37Z,LHE,ISB,2026-07-12,1,android,32
S1006356,SES01901,2026-06-13T01:28:17Z,SHJ,LHE,2026-09-21,1,android,6
S1001572,SES00322,2026-06-13T01:30:25Z,KHI,DXB,2026-08-04,2,android,43
S1003118,SES00014,2026-06-13T01:34:44Z,LHE,ISB,2026-10-11,3,ios,41
S1002194,SES02840,2026-06-13T01:38:11Z,ISB,SHJ,2026-08-17,1,android,46
S1005436,SES02945,2026-06-13T01:38:21Z,ISB,KHI,2026-06-14,1,desktop,25
S9438239,SES02480,2026-06-13T02:06:04Z,KHI,SHJ,2026-10-01,1,desktop,24
S1001053,SES01985,2026-06-13T02:17:05Z,KHI,DXB,2026-09-30,1,bot,24
S1003507,SES02605,2026-06-13T02:20:37Z,LHE,DXB,2026-09-13,2,desktop,35
S1007571,SES00732,2026-06-13T02:43:43Z,KHI,PEW,2026-07-19,4,ios,31
S9291418,SES00112,2026-06-13T02:49:46Z,KHI,ISB,2026-06-15,4,android,32
S1005994,SES03030,2026-06-13T02:57:16Z,ISB,LHE,2026-10-02,2,mobile_web,23
S1003615,SES03303,2026-06-13T03:14:46Z,PEW,DXB,2026-08-07,3,ios,9
S1003857,SES02307,2026-06-13T03:16:12Z,SHJ,KHI,2026-08-31,1,android,24
S1000055,SES01429,2026-06-13T03:17:54Z,LHE,KHI,2026-07-18,1,ios,8
S1002423,SES02530,2026-06-13T03:21:38Z,LHE,SHJ,2026-06-25,1,android,19
S1004069,SES02354,2026-06-13T03:31:32Z,KHI,MUX,2026-06-14,1,desktop,14
S1000673,SES01951,2026-06-13T03:32:50Z,ISB,SHJ,2026-07-20,4,android,34
S1000757,SES00387,2026-06-13T03:44:31Z,ISB,SHJ,2026-07-03,1,desktop,14
S1005041,SES00815,2026-06-13T03:45:55Z,ISB,PEW,2026-08-13,2,mobile_web,28
S1003576,SES02352,2026-06-13T03:57:23Z,ISB,LHE,2026-08-21,3,desktop,28
S1002116,SES01905,2026-06-13T04:11:36Z,ISB,LHR,2026-08-14,1,android,34
S9885868,SES02619,2026-06-13T04:13:52Z,LHE,ISB,2026-06-21,1,desktop,37
S1000312,SES00555,2026-06-13T04:19:40Z,KHI,ISB,2026-07-04,2,android,48
S1007529,SES01417,2026-06-13T04:21:57Z,KHI,SHJ,2026-09-13,1,android,19
S1000226,SES01720,2026-06-13T04:24:53Z,ISB,DXB,2026-08-08,1,mobile_web,10
S1004560,SES01225,2026-06-13T04:56:25Z,KHI,LHE,2026-08-02,1,desktop,18
S1001610,SES00249,2026-06-13T05:04:36Z,DXB,KHI,2026-07-30,1,desktop,18
S1003111,SES02000,2026-06-13T05:09:00Z,ISB,SHJ,2026-08-10,2,desktop,39
S1000188,SES02138,2026-06-13T05:11:52Z,KHI,DXB,2026-07-25,3,android,29
S1006943,SES00156,2026-06-13T05:34:04Z,DXB,LHE,2026-09-25,2,ios,4
S1007093,SES01638,2026-06-13T05:38:22Z,LHE,DXB,2026-06-23,1,desktop,32
S1006582,SES01392,2026-06-13T05:49:07Z,ISB,SHJ,2026-06-14,3,android,24
S1006590,SES01332,2026-06-13T06:01:28Z,LHE,ISB,2026-08-04,2,ios,29
S1001911,SES01444,2026-06-13T06:11:20Z,KHI,LHE,2026-06-28,2,android,5
S1000329,SES01339,2026-06-13T06:16:24Z,LHE,DXB,2026-07-09,1,android,32
S1002459,SES00004,2026-06-13T06:16:43Z,KHI,LHE,2026-08-03,1,ios,35
S1003133,SES01880,2026-06-13T06:19:42Z,KHI,DXB,2026-09-15,1,android,13
S9803194,SES02236,2026-06-13T06:28:36Z,KHI,LHE,2026-06-22,1,desktop,26
S1004969,SES02470,2026-06-13T06:40:48Z,ISB,PEW,2026-09-16,2,desktop,44
S1002572,SES01607,2026-06-13T06:54:43Z,ISB,DXB,2026-09-19,1,desktop,18
S1000867,SES02662,2026-06-13T07:01:43Z,ISB,KHI,2026-07-30,3,mobile_web,10
S1004945,SES02083,2026-06-13T07:05:43Z,PEW,SHJ,2026-06-28,1,desktop,44
S1005430,SES01173,2026-06-13T07:11:17Z,ISB,KHI,2026-09-16,2,android,9
S1006980,SES02486,2026-06-13T07:31:48Z,DXB,KHI,2026-07-20,1,android,46
S1005966,SES02024,2026-06-13T07:34:35Z,LHE,KHI,2026-07-31,2,desktop,14
S1001963,SES02238,2026-06-13T08:00:11Z,KHI,DXB,2026-09-27,2,mobile_web,10
S1004149,SES01378,2026-06-13T08:03:18Z,KHI,LHE,2026-07-05,1,ios,27
S1003249,SES01124,2026-06-13T08:11:47Z,KHI,ISB,2026-07-19,1,ios,18
S1003299,SES00841,2026-06-13T08:15:46Z,LHE,ISB,2026-09-24,1,android,40
S1004076,SES00279,2026-06-13T08:16:54Z,LHE,DXB,2026-07-27,2,mobile_web,37
S1005471,SES00749,2026-06-13T09:05:08Z,KHI,DXB,2026-08-19,2,ios,18
S1006085,SES00553,2026-06-13T09:14:23Z,ISB,SHJ,2026-10-02,1,android,11
S1000036,SES00456,2026-06-13T09:17:48Z,DXB,KHI,2026-09-18,2,android,37
S1003880,SES01408,2026-06-13T09:40:01Z,ISB,SHJ,2026-09-17,3,desktop,24
S1005314,SES03188,2026-06-13T09:50:38Z,DXB,LHE,2026-10-04,1,android,39
S1001721,SES00851,2026-06-13T09:50:40Z,DXB,ISB,2026-07-30,1,android,44
S1006964,SES00038,2026-06-13T10:33:08Z,KHI,PEW,2026-09-04,2,android,39
S1006039,SES02286,2026-06-13T10:44:59Z,ISB,PEW,2026-07-28,2,android,36
S1001848,SES01986,2026-06-13T10:45:09Z,ISB,SHJ,2026-09-08,1,mobile_web,22
S1002787,SES00439,2026-06-13T11:44:44Z,LHE,ISB,2026-07-02,1,mobile_web,38
S1004447,SES00152,2026-06-13T11:47:12Z,KHI,LHE,2026-07-27,3,ios,26
S1001945,SES03139,2026-06-13T11:49:00Z,ISB,LHE,2026-07-18,1,android,12
S1003347,SES02503,2026-06-13T12:01:20Z,SHJ,LHE,2026-08-27,1,mobile_web,5
S1004473,SES00230,2026-06-13T12:04:38Z,SHJ,KHI,2026-09-08,3,desktop,40
S1007277,SES00850,2026-06-13T12:08:14Z,LHE,DXB,2026-10-06,1,android,1
S1004124,SES01618,2026-06-13T12:15:27Z,ISB,PEW,2026-10-05,2,desktop,42
S1002433,SES00483,2026-06-13T12:21:44Z,KHI,DXB,2026-07-09,3,android,44
S1003637,SES00369,2026-06-13T12:24:33Z,KHI,SHJ,2026-06-20,3,ios,7
S1002073,SES03043,2026-06-13T12:34:26Z,ISB,PEW,2026-07-10,1,ios,24
S1006843,SES02722,2026-06-13T13:04:30Z,KHI,PEW,2026-09-05,2,android,26
S1002192,SES00968,2026-06-13T13:07:53Z,ISB,SHJ,2026-06-21,2,android,5
S1004676,SES02002,2026-06-13T13:09:08Z,DXB,ISB,2026-08-31,1,ios,12
S1005081,SES01187,2026-06-13T13:09:30Z,PEW,DXB,2026-07-04,3,android,37
S1006194,SES02080,2026-06-13T13:19:54Z,KHI,PEW,2026-08-04,2,android,43
S1004357,SES03220,2026-06-13T13:20:47Z,KHI,SKT,2026-09-23,2,desktop,1
S1003554,SES01941,2026-06-13T13:25:24Z,KHI,SHJ,2026-07-27,3,ios,19
S1005719,SES03334,2026-06-13T13:31:30Z,KHI,LHE,2026-08-24,2,ios,2
S1001399,SES01791,2026-06-13T13:43:57Z,KHI,SHJ,2026-06-18,1,android,17
S1000325,SES03213,2026-06-13T14:18:15Z,PEW,DXB,2026-06-17,1,android,2
S1001159,SES02698,2026-06-13T14:24:16Z,PEW,SHJ,2026-08-30,3,desktop,26
S1001747,SES00421,2026-06-13T14:38:49Z,KHI,ISB,2026-07-08,1,desktop,39
S1006976,SES02995,2026-06-13T14:40:12Z,LHE,DXB,2026-09-01,1,desktop,27
S1007743,SES03166,2026-06-13T14:44:51Z,ISB,KHI,2026-07-01,1,android,45
S1000658,SES02027,2026-06-13T14:50:52Z,LHE,ISB,2026-07-27,1,android,38
S1002366,SES01103,2026-06-13T14:51:19Z,KHI,LHE,2026-07-19,3,desktop,45
S1000043,SES02032,2026-06-13T15:15:26Z,KHI,LHE,2026-08-25,3,mobile_web,27
S1006748,SES01094,2026-06-13T15:43:14Z,ISB,SHJ,2026-08-24,4,android,22
S1006494,SES02445,2026-06-13T15:59:39Z,LHE,KHI,2026-09-10,1,ios,41
S1001589,SES00613,2026-06-13T16:20:43Z,KHI,LHE,2026-07-05,2,mobile_web,5
S1007472,SES01119,2026-06-13T16:48:04Z,LHE,KHI,2026-08-22,1,desktop,45
S1007562,SES00200,2026-06-13T16:54:02Z,KHI,DXB,2026-07-07,1,bot,43
S9742854,SES02708,2026-06-13T16:57:52Z,KHI,ISB,2026-07-30,1,desktop,36
S1004790,SES00197,2026-06-13T17:02:27Z,DXB,LHE,2026-08-07,1,mobile_web,9
S1004704,SES00934,2026-06-13T17:11:07Z,ISB,SHJ,2026-07-29,1,android,25
S1004466,SES02886,2026-06-13T17:28:32Z,KHI,LHE,2026-08-07,1,desktop,22
S1000394,SES02006,2026-06-13T17:46:17Z,KHI,ISB,2026-10-06,1,mobile_web,30
S1000995,SES02106,2026-06-13T17:51:52Z,DXB,LHE,2026-08-12,1,android,29
S1002051,SES00735,2026-06-13T17:59:33Z,LHE,SHJ,2026-07-18,1,android,5
S1006803,SES01801,2026-06-13T18:01:16Z,ISB,PEW,2026-08-07,1,android,11
S1000777,SES01469,2026-06-13T18:18:40Z,KHI,LHE,2026-09-01,1,android,44
S1001770,SES01965,2026-06-13T18:20:41Z,KHI,SHJ,2026-07-07,1,desktop,30
S1004398,SES00526,2026-06-13T18:22:26Z,KHI,LHE,2026-06-17,1,mobile_web,45
S1003568,SES01742,2026-06-13T18:40:31Z,ISB,LHR,2026-08-09,1,android,39
S1007672,SES01444,2026-06-13T18:44:44Z,DXB,KHI,2026-07-30,2,android,1
S1000047,SES00720,2026-06-13T19:08:50Z,ISB,LHR,2026-07-09,2,ios,33
S1006177,SES01453,2026-06-13T19:17:05Z,ISB,KHI,2026-06-15,3,android,0
S1004026,SES02351,2026-06-13T19:31:09Z,KHI,ISB,2026-08-05,1,desktop,2
S1004868,SES02788,2026-06-13T19:32:43Z,ISB,KHI,2026-09-03,1,mobile_web,5
S1005876,SES01500,2026-06-13T19:37:50Z,ISB,KHI,2026-09-04,2,android,20
S1006835,SES00548,2026-06-13T19:39:05Z,KHI,SHJ,2026-06-30,3,desktop,18
S1003710,SES02126,2026-06-13T19:49:34Z,KHI,LHE,2026-07-02,1,ios,36
S1003702,SES02502,2026-06-13T20:07:24Z,KHI,JED,2026-07-24,2,ios,41
S1007159,SES03338,2026-06-13T20:09:30Z,KHI,LHE,2026-08-12,1,android,29
S1007007,SES01602,2026-06-13T20:30:07Z,ISB,SHJ,2026-08-17,1,android,35
S1003273,SES01789,2026-06-13T20:33:01Z,KHI,LHE,2026-09-10,1,mobile_web,5
S1007712,SES02751,2026-06-13T20:42:43Z,LHE,KHI,2026-06-21,2,ios,28
S1005193,SES03066,2026-06-13T20:43:23Z,KHI,PEW,2026-08-12,1,ios,32
S1000415,SES01233,2026-06-13T21:00:48Z,KHI,SHJ,2026-09-05,1,android,15
S1003001,SES01815,2026-06-13T21:02:23Z,LHE,DXB,2026-09-15,2,ios,11
S1005751,SES02334,2026-06-13T21:23:37Z,DXB,ISB,2026-06-23,2,desktop,28
S1007034,SES01355,2026-06-13T21:37:58Z,LHE,ISB,2026-06-27,2,android,44
S1001556,SES00631,2026-06-13T21:38:48Z,LHE,KHI,2026-08-21,2,mobile_web,2
S1003906,SES02065,2026-06-13T21:44:22Z,KHI,LHE,2026-06-27,4,android,48
S1002240,SES01131,2026-06-13T21:48:16Z,PEW,DXB,2026-06-21,2,desktop,15
S9383095,SES00799,2026-06-13T22:07:20Z,ISB,SHJ,2026-06-29,2,android,7
S1005831,SES00676,2026-06-13T22:08:49Z,KHI,ISB,2026-06-28,1,ios,18
S1006031,SES00339,2026-06-13T22:45:35Z,LHE,SHJ,2026-09-04,1,ios,28
S1001924,SES01595,2026-06-13T22:49:05Z,KHI,ISB,2026-08-15,2,desktop,45
S1004203,SES02165,2026-06-13T22:51:19Z,SHJ,LHE,2026-07-03,1,android,12
S1003885,SES01301,2026-06-13T23:00:11Z,ISB,LHE,2026-06-16,1,desktop,0
S1004115,SES03329,2026-06-13T23:08:04Z,KHI,MUX,2026-10-04,1,mobile_web,45
S1000263,SES03166,2026-06-13T23:13:04Z,ISB,SHJ,2026-09-12,1,android,2
S1006528,SES02450,2026-06-13T23:16:24Z,KHI,ISB,2026-06-29,3,mobile_web,38
S1006687,SES00003,2026-06-13T23:31:05Z,KHI,LHE,2026-08-12,1,desktop,40
S1001483,SES03101,2026-06-13T23:41:25Z,KHI,ISB,2026-08-13,2,bot,30
S1007002,SES02167,2026-06-14T00:10:18Z,LHE,ISB,2026-09-06,1,ios,34
S1001353,SES01362,2026-06-14T00:12:37Z,KHI,PEW,2026-09-05,1,android,33
S1004141,SES01993,2026-06-14T00:17:45Z,LHE,DXB,2026-07-08,2,desktop,22
S1001834,SES00757,2026-06-14T00:19:11Z,LHE,KHI,2026-06-18,2,android,33
S1004816,SES01261,2026-06-14T00:23:00Z,KHI,SHJ,2026-08-28,4,android,14
S1003277,SES02338,2026-06-14T00:34:13Z,KHI,SHJ,2026-08-15,1,ios,5
S1005183,SES01021,2026-06-14T00:44:03Z,KHI,ISB,2026-08-28,1,android,27
S1001531,SES01670,2026-06-14T00:44:41Z,KHI,SKT,2026-07-05,1,android,43
S1003322,SES01169,2026-06-14T00:55:04Z,PEW,SHJ,2026-09-11,4,android,8
S1007248,SES03139,2026-06-14T00:58:21Z,LHE,ISB,2026-09-29,2,ios,15
S1000529,SES01589,2026-06-14T01:28:44Z,KHI,SHJ,2026-10-02,1,android,47
S1003375,SES01170,2026-06-14T01:39:06Z,LHE,DXB,2026-07-28,1,desktop,5
S1003777,SES03085,2026-06-14T01:52:17Z,LHE,ISB,2026-08-05,1,mobile_web,21
S1002247,SES02196,2026-06-14T02:01:06Z,LHE,DXB,2026-07-02,1,desktop,4
S1001377,SES02412,2026-06-14T02:17:58Z,KHI,MUX,2026-08-17,3,android,15
S1007158,SES00843,2026-06-14T02:27:15Z,ISB,KHI,2026-06-28,1,desktop,14
S1007471,SES03207,2026-06-14T02:27:21Z,DXB,KHI,2026-10-09,1,desktop,5
S1000174,SES00459,2026-06-14T02:32:33Z,KHI,DXB,2026-09-03,1,android,30
S1004329,SES00589,2026-06-14T02:56:57Z,KHI,ISB,2026-07-19,3,mobile_web,48
S1002253,SES03191,2026-06-14T02:59:26Z,ISB,KHI,2026-07-23,4,android,44
S1002731,SES01857,2026-06-14T03:27:22Z,SHJ,LHE,2026-07-28,2,desktop,29
S9143812,SES00450,2026-06-14T03:27:38Z,ISB,PEW,2026-07-30,4,android,11
S1002119,SES00740,2026-06-14T03:35:08Z,ISB,DXB,2026-06-15,4,mobile_web,43
S9513194,SES03370,2026-06-14T03:39:02Z,PEW,SHJ,2026-06-30,1,desktop,15
S1002673,SES02153,2026-06-14T03:52:53Z,KHI,ISB,2026-06-20,2,ios,43
S1001781,SES03321,2026-06-14T04:54:03Z,KHI,SHJ,2026-07-16,2,android,16
S1005011,SES00668,2026-06-14T04:58:23Z,PEW,DXB,2026-09-27,1,mobile_web,1
S1003105,SES01131,2026-06-14T05:02:42Z,DXB,ISB,2026-07-14,1,mobile_web,12
S1001010,SES01344,2026-06-14T05:06:38Z,LHE,SHJ,2026-07-06,1,mobile_web,46
S1003779,SES03385,2026-06-14T05:32:07Z,LHE,ISB,2026-08-17,1,desktop,40
S1002937,SES01172,2026-06-14T05:37:26Z,ISB,LHE,2026-08-07,2,desktop,42
S1000919,SES02829,2026-06-14T05:38:05Z,KHI,LHE,2026-09-29,3,android,32
S1005478,SES02863,2026-06-14T05:42:40Z,PEW,DXB,2026-10-04,1,desktop,18
S1006699,SES00913,2026-06-14T05:48:11Z,LHE,SHJ,2026-09-25,3,desktop,34
S1007179,SES00517,2026-06-14T06:10:09Z,KHI,DXB,2026-07-20,2,android,15
S1002521,SES01545,2026-06-14T06:27:13Z,KHI,LHE,2026-10-02,1,android,12
S1006597,SES01632,2026-06-14T06:29:27Z,PEW,DXB,2026-06-28,1,android,33
S1001210,SES02671,2026-06-14T06:32:05Z,KHI,DXB,2026-07-14,4,ios,45
S1000910,SES02387,2026-06-14T06:34:20Z,LHE,ISB,2026-06-20,1,desktop,30
S1001103,SES00531,2026-06-14T06:35:39Z,DXB,LHE,2026-08-05,1,bot,3
S1005032,SES00434,2026-06-14T06:37:11Z,LHE,KHI,2026-08-16,2,mobile_web,17
S1002728,SES02431,2026-06-14T06:42:08Z,KHI,SHJ,2026-07-20,4,desktop,7
S1002395,SES02327,2026-06-14T06:43:51Z,SHJ,LHE,2026-09-02,3,mobile_web,37
S1006594,SES03167,2026-06-14T06:58:53Z,KHI,DXB,2026-08-11,2,mobile_web,17
S9736312,SES02404,2026-06-14T06:59:32Z,KHI,UET,2026-06-19,2,desktop,8
S1003432,SES01863,2026-06-14T07:16:48Z,KHI,ISB,2026-08-08,1,bot,46
S1004113,SES01493,2026-06-14T07:19:00Z,LHE,ISB,2026-09-04,1,mobile_web,15
S1000863,SES02775,2026-06-14T07:20:16Z,LHE,DXB,2026-08-24,3,ios,20
S1007239,SES01043,2026-06-14T07:20:33Z,KHI,LHE,2026-09-18,3,android,24
S1003535,SES03345,2026-06-14T07:22:43Z,KHI,ISB,2026-08-20,1,android,45
S1007482,SES00219,2026-06-14T07:37:07Z,ISB,KHI,2026-09-29,1,android,10
S1002472,SES03186,2026-06-14T07:39:11Z,SHJ,LHE,2026-09-17,3,mobile_web,42
S1000744,SES02737,2026-06-14T07:48:10Z,DXB,KHI,2026-07-15,1,ios,15
S1003762,SES01115,2026-06-14T07:50:51Z,ISB,DXB,2026-09-11,3,desktop,41
S1006771,SES00330,2026-06-14T08:05:39Z,KHI,SKT,2026-08-17,1,android,12
S1004841,SES02349,2026-06-14T08:09:09Z,KHI,SHJ,2026-06-15,1,ios,4
S1001838,SES00290,2026-06-14T08:11:27Z,DXB,KHI,2026-07-23,2,android,12
S1006693,SES00144,2026-06-14T08:22:34Z,KHI,ISB,2026-08-02,1,android,48
S1005858,SES00253,2026-06-14T08:49:27Z,ISB,KHI,2026-09-19,1,android,18
S1006517,SES00873,2026-06-14T08:59:27Z,KHI,LHE,2026-09-08,3,android,45
S9810235,SES02508,2026-06-14T09:00:42Z,KHI,ISB,2026-10-04,1,desktop,38
S1002309,SES03039,2026-06-14T09:16:11Z,LHE,KHI,2026-07-14,1,android,24
S1003539,SES00382,2026-06-14T09:18:32Z,KHI,SKT,2026-06-21,2,android,23
S1002138,SES02931,2026-06-14T09:20:10Z,KHI,MUX,2026-07-24,3,desktop,1
S1003645,SES00036,2026-06-14T09:25:13Z,DXB,KHI,2026-09-23,2,android,1
S1002849,SES02799,2026-06-14T09:35:40Z,KHI,SHJ,2026-09-14,1,ios,44
S1002802,SES01830,2026-06-14T09:36:08Z,SHJ,KHI,2026-09-18,2,ios,31
S1001547,SES03047,2026-06-14T09:48:52Z,KHI,LHE,2026-09-19,2,ios,35
S1007594,SES02878,2026-06-14T10:22:26Z,ISB,SHJ,2026-08-19,4,ios,29
S1005989,SES02583,2026-06-14T10:37:12Z,KHI,ISB,2026-07-20,2,ios,40
S1004739,SES02151,2026-06-14T10:42:19Z,ISB,SHJ,2026-07-30,2,mobile_web,27
S1005647,SES01575,2026-06-14T10:46:44Z,KHI,ISB,2026-07-01,1,android,20
S1005758,SES00879,2026-06-14T10:59:44Z,KHI,LHE,2026-09-17,1,ios,36
S1002318,SES00419,2026-06-14T11:10:34Z,KHI,SKT,2026-07-31,1,android,32
S1000258,SES01820,2026-06-14T11:12:32Z,ISB,PEW,2026-10-06,2,desktop,22
S1001795,SES01470,2026-06-14T11:29:11Z,KHI,JED,2026-07-26,1,mobile_web,36
S1003151,SES00877,2026-06-14T11:34:19Z,ISB,LHE,2026-10-12,1,android,1
S1001887,SES00030,2026-06-14T11:50:07Z,ISB,SHJ,2026-07-12,1,android,24
S1007946,SES01222,2026-06-14T11:59:49Z,ISB,PEW,2026-08-13,1,mobile_web,41
S1007456,SES01458,2026-06-14T12:00:24Z,KHI,ISB,2026-07-04,1,android,4
S1002196,SES02143,2026-06-14T12:09:12Z,KHI,ISB,2026-07-01,1,desktop,23
S1004187,SES01874,2026-06-14T12:12:38Z,LHE,KHI,2026-07-03,1,desktop,48
S1003624,SES00539,2026-06-14T12:17:18Z,ISB,SHJ,2026-07-28,1,android,31
S1000702,SES03141,2026-06-14T12:31:39Z,PEW,DXB,2026-07-14,1,mobile_web,36
S1007732,SES00214,2026-06-14T12:33:48Z,KHI,UET,2026-09-19,4,android,26
S1007964,SES02881,2026-06-14T12:34:45Z,KHI,DXB,2026-07-06,2,android,11
S1002378,SES03338,2026-06-14T12:39:44Z,KHI,DXB,2026-09-25,2,desktop,32
S1005889,SES00853,2026-06-14T12:43:20Z,KHI,ISB,2026-09-21,3,android,33
S1007379,SES03025,2026-06-14T13:11:32Z,ISB,SHJ,2026-06-15,3,mobile_web,15
S1007533,SES00247,2026-06-14T13:12:11Z,LHE,DXB,2026-09-19,1,bot,7
S1007579,SES01099,2026-06-14T13:19:25Z,ISB,LHE,2026-08-12,1,ios,47
S1000907,SES01997,2026-06-14T13:20:33Z,LHE,SHJ,2026-07-08,1,desktop,20
S1002067,SES03159,2026-06-14T13:31:41Z,LHE,KHI,2026-07-26,2,android,44
S1007132,SES01707,2026-06-14T13:33:03Z,ISB,SHJ,2026-07-31,1,desktop,34
S1005787,SES00631,2026-06-14T13:38:48Z,ISB,DXB,2026-08-06,2,mobile_web,37
S1002500,SES01077,2026-06-14T13:53:30Z,KHI,ISB,2026-07-16,2,bot,13
S1004163,SES02462,2026-06-14T14:05:50Z,LHE,JED,2026-09-30,1,desktop,25
S1007165,SES00461,2026-06-14T14:16:12Z,ISB,SHJ,2026-09-24,1,desktop,23
S1005868,SES01454,2026-06-14T14:32:41Z,KHI,LHE,2026-06-16,1,ios,33
S1001792,SES01744,2026-06-14T14:33:31Z,LHE,SHJ,2026-08-01,1,mobile_web,9
S1000600,SES00758,2026-06-14T14:39:40Z,KHI,LHE,2026-08-01,1,android,17
S1006931,SES02564,2026-06-14T14:41:58Z,ISB,KHI,2026-07-13,4,android,34
S1001853,SES03237,2026-06-14T14:44:08Z,KHI,DXB,2026-07-30,3,ios,37
S1002286,SES02385,2026-06-14T14:45:36Z,KHI,LHE,2026-07-22,4,android,7
S1007120,SES01034,2026-06-14T14:47:26Z,KHI,ISB,2026-10-05,2,mobile_web,48
S1005568,SES03137,2026-06-14T14:48:23Z,KHI,LHE,2026-08-06,2,desktop,11
S1001585,SES00079,2026-06-14T14:55:47Z,KHI,ISB,2026-08-31,3,mobile_web,35
S1004577,SES03216,2026-06-14T15:13:01Z,LHE,JED,2026-08-26,1,desktop,48
S1003426,SES02068,2026-06-14T15:15:49Z,KHI,SHJ,2026-06-26,1,desktop,31
S1001901,SES00962,2026-06-14T15:19:20Z,LHE,ISB,2026-10-07,3,mobile_web,37
S1005694,SES00057,2026-06-14T15:38:17Z,ISB,LHR,2026-09-21,1,android,42
S1002173,SES02133,2026-06-14T15:43:00Z,LHE,SHJ,2026-10-01,2,android,28
S9443337,SES00833,2026-06-14T15:43:50Z,SHJ,KHI,2026-07-04,2,android,12
S1001958,SES01402,2026-06-14T16:03:51Z,PEW,SHJ,2026-07-07,2,android,29
S1005489,SES00933,2026-06-14T16:09:47Z,KHI,MUX,2026-08-05,2,android,23
S1005900,SES02274,2026-06-14T16:11:25Z,ISB,LHR,2026-08-04,2,android,7
S1002052,SES01950,2026-06-14T16:17:56Z,KHI,SHJ,2026-06-16,1,android,42
S1004658,SES00378,2026-06-14T16:19:17Z,KHI,MUX,2026-08-06,2,desktop,21
S1003357,SES00853,2026-06-14T16:21:42Z,ISB,SHJ,2026-09-18,1,android,47
S1004620,SES00671,2026-06-14T16:22:37Z,LHE,JED,2026-07-20,2,android,1
S1004899,SES00902,2026-06-14T16:58:09Z,ISB,KHI,2026-06-15,4,android,42
S1005705,SES03053,2026-06-14T17:02:47Z,KHI,UET,2026-09-29,1,mobile_web,45
S9623417,SES02241,2026-06-14T17:25:22Z,KHI,LHE,2026-06-28,1,android,35
S1006695,SES03332,2026-06-14T17:41:02Z,ISB,LHE,2026-08-15,2,ios,34
S1001535,SES01043,2026-06-14T17:51:47Z,ISB,KHI,2026-07-18,1,mobile_web,16
S1003113,SES01324,2026-06-14T18:04:56Z,KHI,LHE,2026-07-29,2,android,6
S1005859,SES02683,2026-06-14T18:06:16Z,LHE,SHJ,2026-06-26,1,bot,26
S1006293,SES03399,2026-06-14T18:21:42Z,ISB,SHJ,2026-10-11,1,android,37
S1001114,SES02743,2026-06-14T18:24:25Z,KHI,LHE,2026-09-20,1,android,14
S1007617,SES00862,2026-06-14T18:30:24Z,SHJ,KHI,2026-10-11,2,desktop,31
S1001905,SES00996,2026-06-14T18:31:23Z,KHI,ISB,2026-07-14,2,android,29
S1005151,SES01697,2026-06-14T18:45:59Z,SHJ,KHI,2026-07-13,2,bot,19
S1006379,SES02930,2026-06-14T18:47:53Z,SHJ,LHE,2026-09-25,3,ios,23
S1007282,SES01087,2026-06-14T19:17:27Z,ISB,PEW,2026-09-24,1,desktop,22
S1007068,SES00232,2026-06-14T19:22:02Z,KHI,LHE,2026-09-04,1,desktop,22
S1005650,SES01579,2026-06-14T19:40:18Z,ISB,DXB,2026-07-23,1,android,32
S1004033,SES02790,2026-06-14T19:54:44Z,KHI,ISB,2026-07-20,3,android,42
S1000855,SES00402,2026-06-14T20:06:24Z,KHI,LHE,2026-09-02,1,ios,36
S1001948,SES01410,2026-06-14T20:10:47Z,KHI,SKT,2026-07-02,1,mobile_web,2
S1001618,SES03319,2026-06-14T20:20:05Z,SHJ,KHI,2026-06-21,2,mobile_web,38
S1004480,SES03344,2026-06-14T20:21:27Z,ISB,PEW,2026-08-07,2,android,16
S1004304,SES01456,2026-06-14T20:41:55Z,DXB,LHE,2026-08-21,1,ios,47
S1002839,SES02027,2026-06-14T20:45:03Z,LHE,KHI,2026-07-02,1,desktop,29
S1001254,SES03355,2026-06-14T21:02:30Z,SHJ,LHE,2026-09-03,2,desktop,29
S1002029,SES01754,2026-06-14T21:12:47Z,DXB,LHE,2026-08-06,2,ios,45
S9157439,SES00121,2026-06-14T21:16:57Z,ISB,PEW,2026-06-23,1,desktop,13
S1005034,SES00662,2026-06-14T21:20:16Z,ISB,SHJ,2026-08-08,1,android,47
S1002256,SES01369,2026-06-14T21:23:49Z,KHI,SHJ,2026-06-20,1,desktop,36
S1007891,SES00307,2026-06-14T21:47:42Z,ISB,SHJ,2026-09-15,2,mobile_web,35
S1007450,SES00920,2026-06-14T21:57:16Z,ISB,KHI,2026-10-06,1,ios,34
S1004910,SES01728,2026-06-14T22:19:50Z,ISB,LHR,2026-08-18,2,desktop,19
S1000758,SES00092,2026-06-14T22:20:57Z,ISB,LHE,2026-10-04,1,desktop,40
S1003348,SES01386,2026-06-14T22:21:39Z,KHI,MUX,2026-10-05,1,android,33
S1003671,SES02297,2026-06-14T22:22:47Z,LHE,JED,2026-06-29,3,android,35
S1004246,SES01404,2026-06-14T22:28:04Z,LHE,ISB,2026-07-08,1,desktop,48
S1002140,SES02617,2026-06-14T22:37:38Z,DXB,LHE,2026-06-30,1,mobile_web,25
S1006009,SES02661,2026-06-14T22:41:49Z,PEW,SHJ,2026-07-10,1,android,41
S1003504,SES01754,2026-06-14T22:44:07Z,ISB,SHJ,2026-08-20,1,android,48
S1000642,SES02555,2026-06-14T22:47:42Z,LHE,JED,2026-07-27,1,android,20
S1006960,SES00725,2026-06-14T22:56:43Z,ISB,SHJ,2026-07-17,2,desktop,22
S1006878,SES01486,2026-06-14T23:07:13Z,KHI,ISB,2026-08-05,3,ios,47
S1006444,SES01938,2026-06-14T23:14:57Z,KHI,ISB,2026-06-29,1,android,39
S1004499,SES02936,2026-06-14T23:16:55Z,KHI,LHE,2026-07-05,2,android,12
S1002072,SES03277,2026-06-14T23:27:33Z,KHI,SKT,2026-06-25,1,bot,38
S1007202,SES01814,2026-06-14T23:40:14Z,LHE,DXB,2026-08-20,1,mobile_web,21
S1005599,SES02898,2026-06-14T23:44:02Z,SHJ,KHI,2026-08-05,2,android,32
S1007860,SES00511,2026-06-14T23:46:16Z,ISB,KHI,2026-07-11,1,mobile_web,28
S1006136,SES00088,2026-06-14T23:46:51Z,KHI,LHE,2026-08-04,1,android,35
S1007677,SES01386,2026-06-14T23:49:53Z,KHI,DXB,2026-07-14,3,mobile_web,35
S9105541,SES01224,2026-06-15T00:01:08Z,ISB,KHI,2026-06-20,3,desktop,5
S9806091,SES00971,2026-06-15T00:06:32Z,KHI,LHE,2026-06-17,4,desktop,8
S1003655,SES00005,2026-06-15T00:09:05Z,KHI,PEW,2026-08-20,1,android,5
S1002653,SES03115,2026-06-15T00:33:43Z,KHI,LHE,2026-07-21,1,bot,28
S1006117,SES01587,2026-06-15T00:44:42Z,LHE,ISB,2026-07-01,1,ios,37
S1001169,SES01799,2026-06-15T00:45:54Z,LHE,DXB,2026-08-10,2,ios,18
S1006810,SES01950,2026-06-15T01:02:03Z,ISB,SHJ,2026-07-12,1,android,40
S1001271,SES00681,2026-06-15T01:02:45Z,LHE,KHI,2026-07-13,1,ios,23
S1003940,SES02691,2026-06-15T01:05:26Z,PEW,DXB,2026-08-10,3,android,46
S1001900,SES01460,2026-06-15T01:28:06Z,KHI,JED,2026-08-05,1,mobile_web,31
S1007229,SES01156,2026-06-15T01:35:22Z,KHI,LHE,2026-07-16,3,ios,31
S1003758,SES00734,2026-06-15T01:37:31Z,KHI,DXB,2026-08-25,2,ios,43
S1006521,SES01736,2026-06-15T01:40:14Z,KHI,LHE,2026-09-29,1,mobile_web,37
S1001472,SES02456,2026-06-15T01:50:08Z,KHI,MUX,2026-07-24,1,android,32
S1007665,SES01555,2026-06-15T01:57:28Z,KHI,ISB,2026-07-16,2,desktop,28
S1001098,SES01488,2026-06-15T01:58:02Z,ISB,KHI,2026-07-10,2,desktop,42
S1004705,SES00781,2026-06-15T02:00:14Z,DXB,ISB,2026-09-03,1,desktop,14
S1004764,SES00147,2026-06-15T02:12:17Z,KHI,DXB,2026-09-14,1,desktop,30
S1003167,SES03218,2026-06-15T02:22:55Z,DXB,ISB,2026-06-22,1,mobile_web,30
S1007542,SES01564,2026-06-15T02:26:04Z,KHI,ISB,2026-07-28,1,android,17
S1002446,SES01152,2026-06-15T02:28:30Z,LHE,SHJ,2026-07-30,4,desktop,32
S1003755,SES03295,2026-06-15T02:36:15Z,LHE,DXB,2026-09-08,1,android,14
S1005894,SES03173,2026-06-15T02:41:23Z,ISB,LHE,2026-07-29,2,ios,31
S1002039,SES01931,2026-06-15T02:46:08Z,KHI,SHJ,2026-08-08,1,android,13
S1000520,SES02316,2026-06-15T03:09:47Z,KHI,JED,2026-08-27,1,android,12
S1000739,SES02379,2026-06-15T03:10:19Z,ISB,SHJ,2026-10-11,3,desktop,25
S1006690,SES01116,2026-06-15T03:11:11Z,LHE,KHI,2026-07-18,1,mobile_web,22
S9476890,SES01227,2026-06-15T03:21:04Z,KHI,SHJ,2026-06-25,3,desktop,36
S1005386,SES02487,2026-06-15T03:22:27Z,ISB,PEW,2026-09-03,1,mobile_web,2
S1002487,SES01907,2026-06-15T03:52:54Z,LHE,SHJ,2026-07-09,2,desktop,22
S1003867,SES00466,2026-06-15T03:55:05Z,PEW,DXB,2026-09-23,1,ios,30
S1002871,SES02909,2026-06-15T04:15:32Z,KHI,SHJ,2026-10-09,3,ios,31
S1000196,SES00471,2026-06-15T04:20:46Z,PEW,SHJ,2026-08-23,1,mobile_web,18
S1002354,SES01519,2026-06-15T04:26:43Z,SHJ,KHI,2026-08-10,2,android,6
S1002852,SES00726,2026-06-15T05:06:58Z,KHI,JED,2026-08-18,2,desktop,37
S1003460,SES00241,2026-06-15T05:12:49Z,ISB,SHJ,2026-07-16,3,android,47
S9158203,SES03006,2026-06-15T05:24:21Z,KHI,LHE,2026-07-01,1,desktop,5
S1001891,SES02677,2026-06-15T05:27:27Z,KHI,LHE,2026-07-04,1,desktop,44
S1000734,SES02801,2026-06-15T05:46:09Z,KHI,LHE,2026-09-27,4,android,13
S1004992,SES00398,2026-06-15T06:03:28Z,LHE,KHI,2026-09-08,2,android,7
S1005753,SES01438,2026-06-15T06:25:28Z,ISB,DXB,2026-08-23,1,mobile_web,2
S1007292,SES02322,2026-06-15T06:28:34Z,LHE,JED,2026-09-05,2,android,47
S1007448,SES01095,2026-06-15T06:44:54Z,KHI,ISB,2026-08-07,1,ios,48
S1007496,SES02097,2026-06-15T06:48:41Z,LHE,DXB,2026-09-01,4,desktop,36
S1005354,SES00596,2026-06-15T06:53:29Z,ISB,LHE,2026-06-26,3,desktop,23
S1005804,SES03127,2026-06-15T07:00:11Z,ISB,DXB,2026-07-12,3,desktop,39
S1004205,SES00226,2026-06-15T07:12:51Z,KHI,ISB,2026-06-24,1,desktop,0
S1000745,SES01678,2026-06-15T07:18:22Z,SHJ,KHI,2026-08-07,4,mobile_web,37
S1002612,SES02695,2026-06-15T07:25:54Z,KHI,ISB,2026-10-05,2,ios,11
S1002977,SES02922,2026-06-15T07:31:53Z,DXB,LHE,2026-08-27,1,ios,33
S1003071,SES00601,2026-06-15T07:35:32Z,KHI,DXB,2026-08-06,1,bot,9
S1004640,SES01393,2026-06-15T08:04:07Z,PEW,DXB,2026-10-11,1,desktop,2
S1001990,SES02829,2026-06-15T08:19:23Z,PEW,DXB,2026-09-30,4,desktop,47
S1002190,SES01393,2026-06-15T08:20:09Z,PEW,SHJ,2026-07-17,1,bot,26
S1000261,SES00377,2026-06-15T08:35:30Z,LHE,ISB,2026-07-16,1,desktop,34
S1004262,SES03002,2026-06-15T08:36:57Z,KHI,DXB,2026-07-16,1,android,30
S1004105,SES01536,2026-06-15T08:48:40Z,PEW,SHJ,2026-10-09,1,android,5
S1004875,SES01727,2026-06-15T08:52:41Z,LHE,KHI,2026-08-29,4,android,0
S1001879,SES02186,2026-06-15T08:55:41Z,SHJ,LHE,2026-07-26,4,ios,21
S1004702,SES02348,2026-06-15T09:15:07Z,ISB,LHE,2026-07-11,1,android,36
S1000454,SES03168,2026-06-15T09:27:21Z,ISB,LHE,2026-08-11,2,mobile_web,0
S1001598,SES00030,2026-06-15T10:01:22Z,LHE,KHI,2026-07-27,1,desktop,30
S1005162,SES03175,2026-06-15T10:12:15Z,ISB,KHI,2026-07-15,1,ios,40
S1005463,SES03167,2026-06-15T10:20:02Z,KHI,ISB,2026-07-02,1,ios,39
S1005291,SES01464,2026-06-15T10:20:31Z,KHI,MUX,2026-08-06,1,ios,34
S1000021,SES00132,2026-06-15T10:38:26Z,DXB,KHI,2026-10-04,1,desktop,24
S1001001,SES00617,2026-06-15T11:35:20Z,ISB,DXB,2026-07-18,1,mobile_web,17
S1001243,SES02786,2026-06-15T11:44:17Z,ISB,KHI,2026-09-19,1,ios,16
S1002251,SES01240,2026-06-15T11:48:01Z,KHI,LHE,2026-07-25,4,ios,10
S1007545,SES02786,2026-06-15T11:48:28Z,LHE,SHJ,2026-08-26,2,bot,8
S1000145,SES01326,2026-06-15T12:01:03Z,ISB,SHJ,2026-08-20,3,android,38
S1006425,SES01524,2026-06-15T12:03:04Z,KHI,ISB,2026-09-03,1,android,46
S9510267,SES00912,2026-06-15T12:10:23Z,KHI,LHE,2026-08-05,3,desktop,13
S1006992,SES01702,2026-06-15T12:37:01Z,KHI,MUX,2026-09-29,1,mobile_web,32
S1007845,SES00864,2026-06-15T12:37:48Z,LHE,SHJ,2026-08-15,2,android,22
S1004272,SES02793,2026-06-15T12:41:42Z,LHE,ISB,2026-10-10,1,desktop,29
S1007425,SES00444,2026-06-15T12:42:25Z,DXB,KHI,2026-08-15,1,android,24
S1000585,SES00465,2026-06-15T12:55:32Z,LHE,KHI,2026-08-24,1,android,44
S1003508,SES03071,2026-06-15T13:11:02Z,KHI,DXB,2026-07-01,2,ios,27
S1003769,SES00106,2026-06-15T13:13:24Z,LHE,DXB,2026-08-07,1,android,36
S9799264,SES02128,2026-06-15T13:24:26Z,LHE,DXB,2026-06-23,2,android,32
S1005708,SES02528,2026-06-15T13:35:13Z,ISB,SHJ,2026-08-24,3,android,6
S9595177,SES00857,2026-06-15T13:38:38Z,KHI,DXB,2026-06-24,1,android,37
S1002018,SES02582,2026-06-15T13:42:34Z,KHI,UET,2026-10-10,1,android,5
S9425192,SES00535,2026-06-15T14:03:43Z,LHE,ISB,2026-06-18,4,android,27
S1003935,SES00542,2026-06-15T14:09:10Z,LHE,DXB,2026-10-02,3,android,22
S1001035,SES02153,2026-06-15T14:16:25Z,ISB,SHJ,2026-07-28,1,ios,48
S1005513,SES00992,2026-06-15T14:16:46Z,KHI,ISB,2026-06-23,1,ios,18
S1000506,SES00794,2026-06-15T14:20:33Z,ISB,KHI,2026-10-13,1,desktop,23
S1002382,SES03330,2026-06-15T14:22:20Z,LHE,SHJ,2026-08-22,1,android,23
S1000081,SES00016,2026-06-15T14:26:59Z,KHI,DXB,2026-10-11,2,mobile_web,19
S9575187,SES01825,2026-06-15T14:40:25Z,KHI,LHE,2026-07-01,1,android,25
S1007616,SES02798,2026-06-15T14:53:26Z,LHE,DXB,2026-09-22,4,android,11
S1007085,SES02751,2026-06-15T14:56:47Z,SHJ,LHE,2026-08-09,2,android,26
S1004323,SES00678,2026-06-15T14:58:24Z,PEW,DXB,2026-06-23,1,android,24
S1000556,SES03159,2026-06-15T15:01:57Z,SHJ,KHI,2026-08-07,2,android,24
S1000230,SES02363,2026-06-15T15:08:09Z,PEW,DXB,2026-10-13,2,mobile_web,15
S1004766,SES01970,2026-06-15T15:25:43Z,PEW,SHJ,2026-07-16,1,ios,22
S1006246,SES02175,2026-06-15T15:34:18Z,LHE,DXB,2026-08-01,2,android,18
S1004099,SES03389,2026-06-15T16:03:02Z,KHI,SHJ,2026-08-26,3,mobile_web,33
S1001688,SES01941,2026-06-15T16:16:26Z,LHE,DXB,2026-09-19,2,desktop,4
S1004725,SES00373,2026-06-15T16:30:03Z,LHE,SHJ,2026-08-16,4,ios,5
S1000666,SES01349,2026-06-15T16:35:19Z,ISB,PEW,2026-07-06,1,ios,30
S1002796,SES01198,2026-06-15T16:52:56Z,KHI,DXB,2026-07-22,4,desktop,42
S9383818,SES02664,2026-06-15T17:17:51Z,KHI,UET,2026-06-18,1,desktop,16
S1002900,SES01055,2026-06-15T17:22:43Z,LHE,KHI,2026-08-26,1,android,43
S1007390,SES00202,2026-06-15T17:23:25Z,PEW,DXB,2026-09-21,4,android,39
S1005767,SES02369,2026-06-15T17:32:08Z,LHE,ISB,2026-07-22,2,desktop,5
S1007501,SES00167,2026-06-15T17:56:48Z,KHI,ISB,2026-07-21,4,desktop,28
S1001292,SES02085,2026-06-15T18:24:10Z,KHI,LHE,2026-08-10,1,android,7
S1007868,SES01652,2026-06-15T18:25:12Z,KHI,LHE,2026-07-31,1,mobile_web,7
S1004765,SES01364,2026-06-15T18:30:45Z,KHI,SHJ,2026-10-02,1,mobile_web,40
S1006919,SES01921,2026-06-15T18:34:34Z,SHJ,LHE,2026-09-22,3,android,10
S1002861,SES01933,2026-06-15T18:37:21Z,ISB,KHI,2026-06-19,1,ios,38
S1001214,SES00935,2026-06-15T18:43:04Z,ISB,LHE,2026-09-25,2,android,16
S1001206,SES01448,2026-06-15T18:50:48Z,KHI,ISB,2026-08-31,1,desktop,48
S1000418,SES00740,2026-06-15T19:33:04Z,KHI,DXB,2026-09-16,1,ios,11
S1004857,SES00723,2026-06-15T19:39:16Z,KHI,PEW,2026-06-21,1,android,39
S1005309,SES00512,2026-06-15T19:41:23Z,KHI,LHE,2026-09-24,1,ios,16
S1005887,SES02630,2026-06-15T19:43:55Z,KHI,DXB,2026-08-22,1,android,47
S1005909,SES02753,2026-06-15T19:59:28Z,ISB,PEW,2026-09-02,1,desktop,6
S1007040,SES03249,2026-06-15T20:02:49Z,LHE,JED,2026-08-09,2,android,32
S1001746,SES02835,2026-06-15T20:14:44Z,SHJ,LHE,2026-06-16,1,android,43
S1006612,SES00394,2026-06-15T20:37:03Z,KHI,ISB,2026-10-04,1,android,43
S1000551,SES02470,2026-06-15T20:38:11Z,LHE,DXB,2026-09-15,2,ios,42
S1007657,SES03234,2026-06-15T21:07:37Z,KHI,UET,2026-10-08,2,android,45
S1001461,SES01560,2026-06-15T21:20:24Z,KHI,LHE,2026-09-28,4,android,15
S1001854,SES01315,2026-06-15T21:21:13Z,KHI,LHE,2026-07-30,1,desktop,47
S1000177,SES00391,2026-06-15T21:23:56Z,LHE,KHI,2026-07-04,1,desktop,34
S1006438,SES02718,2026-06-15T21:25:24Z,KHI,DXB,2026-09-19,1,bot,20
S1007295,SES01542,2026-06-15T21:29:56Z,DXB,LHE,2026-07-01,1,ios,46
S1005385,SES00272,2026-06-15T21:30:30Z,KHI,DXB,2026-07-08,1,desktop,15
S1006437,SES03337,2026-06-15T21:32:28Z,KHI,SHJ,2026-07-26,1,desktop,39
S1004826,SES01957,2026-06-15T21:44:17Z,ISB,LHE,2026-09-23,1,ios,37
S1002381,SES00006,2026-06-15T21:52:07Z,KHI,MUX,2026-08-07,2,android,17
S9202484,SES03172,2026-06-15T21:58:48Z,LHE,KHI,2026-06-23,1,android,23
S1003642,SES01975,2026-06-15T22:09:12Z,ISB,SHJ,2026-07-20,1,desktop,32
S1006087,SES01724,2026-06-15T22:14:03Z,KHI,ISB,2026-08-02,2,android,41
S1004623,SES00256,2026-06-15T22:37:42Z,PEW,SHJ,2026-08-16,2,android,29
S1003488,SES02377,2026-06-15T22:45:29Z,KHI,SHJ,2026-07-24,1,android,41
S1003116,SES01543,2026-06-15T22:45:37Z,LHE,JED,2026-06-18,2,android,48
S1007584,SES00183,2026-06-15T23:00:14Z,LHE,DXB,2026-07-05,1,android,32
S1003794,SES00163,2026-06-15T23:07:24Z,ISB,SHJ,2026-10-12,2,bot,1
S1001282,SES03366,2026-06-15T23:07:34Z,LHE,KHI,2026-09-16,1,desktop,42
S1005618,SES02719,2026-06-15T23:16:15Z,SHJ,LHE,2026-08-18,1,android,6
S1001182,SES02373,2026-06-15T23:18:36Z,PEW,SHJ,2026-08-16,1,ios,14
S1007436,SES02981,2026-06-15T23:20:23Z,LHE,SHJ,2026-09-14,1,ios,33
S1002979,SES00412,2026-06-15T23:21:46Z,SHJ,KHI,2026-09-20,2,ios,6
S1006719,SES00404,2026-06-15T23:24:23Z,ISB,LHR,2026-06-26,1,desktop,3
S1001425,SES02999,2026-06-15T23:24:51Z,ISB,KHI,2026-09-18,1,mobile_web,42
S1000319,SES01329,2026-06-15T23:33:21Z,DXB,LHE,2026-09-03,1,android,9
S1007323,SES00800,2026-06-15T23:55:25Z,KHI,MUX,2026-09-20,1,mobile_web,45
S1005927,SES00804,2026-06-15T23:58:40Z,ISB,DXB,2026-08-10,3,bot,4
S1005596,SES00412,2026-06-15T23:58:43Z,LHE,ISB,2026-08-10,2,ios,20
S1004078,SES03067,2026-06-16T00:08:32Z,DXB,LHE,2026-10-12,3,android,22
S1001089,SES01058,2026-06-16T00:24:55Z,KHI,JED,2026-08-24,1,ios,15
S1002152,SES02321,2026-06-16T00:27:54Z,KHI,MUX,2026-10-03,1,android,38
S1007850,SES03126,2026-06-16T00:40:30Z,KHI,SHJ,2026-07-21,1,desktop,6
S1002590,SES02870,2026-06-16T00:43:24Z,KHI,UET,2026-06-23,2,desktop,25
S1003591,SES01646,2026-06-16T00:46:34Z,LHE,KHI,2026-07-22,1,desktop,7
S1001719,SES01866,2026-06-16T00:47:41Z,KHI,DXB,2026-09-16,2,android,18
S1006017,SES01810,2026-06-16T00:58:23Z,KHI,LHE,2026-09-30,1,bot,15
S1000962,SES01648,2026-06-16T00:59:01Z,KHI,SKT,2026-07-12,3,android,40
S1001262,SES01795,2026-06-16T01:14:57Z,LHE,KHI,2026-08-29,3,android,45
S1002559,SES00118,2026-06-16T01:18:41Z,LHR,ISB,2026-09-05,1,desktop,6
S1004541,SES01591,2026-06-16T01:24:18Z,KHI,ISB,2026-09-26,1,android,37
S1004007,SES02927,2026-06-16T01:43:21Z,ISB,KHI,2026-08-09,4,ios,13
S1001538,SES00728,2026-06-16T01:47:45Z,DXB,ISB,2026-08-21,1,android,20
S1005274,SES00709,2026-06-16T01:51:58Z,LHR,ISB,2026-10-04,2,mobile_web,39
S1005260,SES01940,2026-06-16T01:56:11Z,SHJ,KHI,2026-08-17,1,ios,22
S1005459,SES01329,2026-06-16T01:58:54Z,ISB,KHI,2026-07-17,1,mobile_web,30
S1006227,SES01615,2026-06-16T02:11:57Z,LHE,SHJ,2026-07-03,1,ios,32
S9306328,SES01866,2026-06-16T02:14:10Z,LHE,KHI,2026-07-03,1,desktop,12
S1001804,SES02152,2026-06-16T02:27:24Z,KHI,JED,2026-07-19,1,android,47
S1003792,SES01421,2026-06-16T02:32:02Z,LHE,DXB,2026-10-06,1,android,15
S1007809,SES02944,2026-06-16T02:34:13Z,DXB,LHE,2026-09-21,2,mobile_web,8
S1005237,SES02464,2026-06-16T02:46:01Z,PEW,SHJ,2026-10-07,2,android,38
S1006208,SES00812,2026-06-16T03:07:49Z,LHE,SHJ,2026-09-16,1,bot,4
S1002479,SES02362,2026-06-16T03:23:30Z,KHI,ISB,2026-06-27,3,android,14
S1007422,SES03004,2026-06-16T03:26:04Z,LHE,SHJ,2026-07-05,4,android,41
S1004601,SES01998,2026-06-16T03:32:42Z,LHE,KHI,2026-07-13,1,android,11
S1002658,SES02258,2026-06-16T03:52:50Z,KHI,DXB,2026-07-08,4,desktop,30
S1002524,SES02956,2026-06-16T03:52:58Z,KHI,DXB,2026-07-14,1,android,19
S1002184,SES02966,2026-06-16T03:54:54Z,KHI,LHE,2026-09-09,1,mobile_web,27
S1003524,SES03186,2026-06-16T03:55:44Z,KHI,MUX,2026-06-24,1,android,15
S1001918,SES00852,2026-06-16T03:59:34Z,KHI,DXB,2026-09-27,2,android,46
S1001938,SES00726,2026-06-16T04:01:11Z,KHI,DXB,2026-07-13,2,ios,14
S1005004,SES02793,2026-06-16T04:04:41Z,LHE,ISB,2026-07-27,4,desktop,17
S1004441,SES02650,2026-06-16T04:11:43Z,PEW,DXB,2026-08-23,1,bot,22
S1004503,SES01183,2026-06-16T04:34:48Z,LHE,DXB,2026-08-16,2,desktop,11
S1003862,SES02525,2026-06-16T04:41:15Z,KHI,DXB,2026-07-31,3,bot,21
S1003520,SES02637,2026-06-16T04:50:17Z,ISB,SHJ,2026-10-12,1,bot,29
S1006428,SES00163,2026-06-16T04:51:47Z,SHJ,LHE,2026-07-22,1,bot,16
S1007714,SES02459,2026-06-16T04:55:26Z,LHE,KHI,2026-08-14,2,android,35
S1006102,SES00763,2026-06-16T05:00:12Z,KHI,PEW,2026-10-05,2,android,32
S1006603,SES00486,2026-06-16T05:06:47Z,KHI,DXB,2026-09-19,1,mobile_web,42
S1007423,SES03337,2026-06-16T05:16:29Z,KHI,ISB,2026-07-24,1,android,38
S1002166,SES03370,2026-06-16T05:25:55Z,LHE,JED,2026-07-01,1,desktop,11
S1007869,SES01469,2026-06-16T05:52:45Z,LHE,ISB,2026-08-29,2,ios,44
S9565075,SES02693,2026-06-16T05:53:21Z,SHJ,KHI,2026-06-27,4,android,17
S1007866,SES02801,2026-06-16T06:06:22Z,DXB,ISB,2026-09-15,1,desktop,20
S1007992,SES03160,2026-06-16T06:18:29Z,LHE,JED,2026-07-04,1,android,22
S1000826,SES02516,2026-06-16T06:44:43Z,KHI,LHE,2026-09-17,2,mobile_web,27
S1000090,SES02622,2026-06-16T06:46:56Z,KHI,ISB,2026-10-06,1,ios,48
S1003163,SES02900,2026-06-16T06:54:26Z,LHE,KHI,2026-07-07,3,android,4
S1004112,SES02428,2026-06-16T06:58:10Z,KHI,LHE,2026-07-21,1,desktop,43
S1007207,SES02033,2026-06-16T07:32:43Z,ISB,DXB,2026-09-30,1,android,47
S1006831,SES02249,2026-06-16T07:53:59Z,SHJ,KHI,2026-07-08,3,android,30
S1003939,SES02985,2026-06-16T08:19:10Z,KHI,ISB,2026-09-07,4,android,27
S1004714,SES02304,2026-06-16T08:36:17Z,KHI,LHE,2026-09-10,2,bot,24
S1004536,SES01540,2026-06-16T08:40:34Z,KHI,SHJ,2026-09-22,1,android,13
S1006525,SES02993,2026-06-16T08:43:32Z,ISB,DXB,2026-08-16,1,mobile_web,9
S1006795,SES03025,2026-06-16T08:50:00Z,KHI,MUX,2026-08-08,1,desktop,34
S1005238,SES03173,2026-06-16T09:22:57Z,KHI,ISB,2026-10-13,1,android,24
S1000576,SES00715,2026-06-16T09:23:55Z,LHE,KHI,2026-09-20,2,ios,23
S1005673,SES02478,2026-06-16T09:39:18Z,KHI,SHJ,2026-08-19,2,mobile_web,29
S1003033,SES02685,2026-06-16T09:40:57Z,KHI,LHE,2026-10-07,3,android,38
S1000820,SES01346,2026-06-16T09:49:18Z,LHE,SHJ,2026-09-14,1,android,38
S1006778,SES00136,2026-06-16T09:56:46Z,PEW,DXB,2026-07-24,1,ios,13
S1007028,SES03003,2026-06-16T10:12:14Z,LHE,KHI,2026-09-28,1,android,45
S1007406,SES02805,2026-06-16T10:15:53Z,DXB,ISB,2026-09-23,1,bot,8
S1002026,SES01770,2026-06-16T10:25:43Z,LHE,JED,2026-07-10,2,android,8
S1007527,SES00232,2026-06-16T10:45:15Z,KHI,SHJ,2026-08-02,2,desktop,21
S1007019,SES00615,2026-06-16T10:45:37Z,KHI,ISB,2026-06-17,1,desktop,9
S1005577,SES00602,2026-06-16T10:53:32Z,KHI,LHE,2026-07-19,1,android,14
S1004670,SES02120,2026-06-16T11:11:21Z,LHE,JED,2026-10-11,2,android,7
S1001153,SES01464,2026-06-16T11:39:13Z,KHI,DXB,2026-10-09,3,android,0
S9749649,SES01940,2026-06-16T12:01:06Z,SHJ,LHE,2026-06-26,1,android,20
S1004587,SES02031,2026-06-16T12:06:41Z,PEW,DXB,2026-07-04,3,android,4
S1004780,SES01133,2026-06-16T12:28:00Z,DXB,KHI,2026-08-20,3,ios,11
S1006054,SES01914,2026-06-16T12:40:27Z,ISB,KHI,2026-06-17,2,mobile_web,16
S1000166,SES01055,2026-06-16T12:42:27Z,LHE,DXB,2026-10-14,1,mobile_web,46
S1007054,SES02234,2026-06-16T12:46:56Z,KHI,SHJ,2026-10-04,1,android,41
S1004776,SES00451,2026-06-16T12:53:48Z,LHE,ISB,2026-09-06,2,android,1
S1001189,SES02608,2026-06-16T12:57:51Z,KHI,SHJ,2026-06-24,1,desktop,27
S1003740,SES00990,2026-06-16T13:03:49Z,LHE,ISB,2026-07-01,1,ios,43
S1006562,SES03235,2026-06-16T13:04:07Z,LHE,JED,2026-07-13,1,bot,6
S1004160,SES00178,2026-06-16T13:05:16Z,LHE,ISB,2026-08-26,1,desktop,35
S1001200,SES00785,2026-06-16T13:05:37Z,LHE,SHJ,2026-08-15,1,android,15
S1002868,SES01719,2026-06-16T13:20:00Z,KHI,ISB,2026-09-12,4,android,34
S1001668,SES01037,2026-06-16T13:34:50Z,LHE,KHI,2026-07-05,2,desktop,6
S1007160,SES01025,2026-06-16T13:53:54Z,KHI,ISB,2026-10-12,1,android,5
S1000680,SES00102,2026-06-16T14:07:53Z,KHI,LHE,2026-06-30,2,desktop,19
S1003291,SES01691,2026-06-16T14:19:37Z,ISB,SHJ,2026-10-11,2,ios,10
S1005390,SES01258,2026-06-16T15:11:52Z,ISB,LHE,2026-07-23,2,android,41
S1004546,SES00525,2026-06-16T15:25:08Z,KHI,MUX,2026-10-13,1,android,42
S1002000,SES02044,2026-06-16T15:30:07Z,SHJ,LHE,2026-08-09,4,desktop,11
S1007576,SES01777,2026-06-16T15:45:39Z,LHE,JED,2026-09-11,1,ios,9
S1003975,SES03303,2026-06-16T15:56:18Z,LHE,KHI,2026-09-30,1,android,19
S1003201,SES00389,2026-06-16T16:02:20Z,ISB,KHI,2026-06-24,2,desktop,3
S1007267,SES01317,2026-06-16T16:10:49Z,ISB,SHJ,2026-07-11,1,android,1
S1000932,SES03187,2026-06-16T16:17:11Z,LHE,ISB,2026-10-12,2,ios,17
S1003644,SES00851,2026-06-16T16:33:56Z,ISB,SHJ,2026-08-18,1,android,19
S1004277,SES00106,2026-06-16T16:35:27Z,LHE,ISB,2026-08-11,1,ios,44
S1004169,SES00583,2026-06-16T16:57:38Z,KHI,DXB,2026-08-03,1,android,43
S1005117,SES03332,2026-06-16T17:04:37Z,KHI,DXB,2026-08-30,1,desktop,1
S1006043,SES00394,2026-06-16T17:08:59Z,LHE,KHI,2026-07-21,2,ios,20
S1003009,SES00921,2026-06-16T17:09:04Z,KHI,SKT,2026-07-18,1,android,12
S1003120,SES00235,2026-06-16T17:13:50Z,DXB,ISB,2026-09-21,2,ios,43
S1007619,SES00180,2026-06-16T17:18:31Z,ISB,KHI,2026-08-14,1,android,12
S1000491,SES02690,2026-06-16T17:49:43Z,ISB,SHJ,2026-08-23,3,android,45
S1007566,SES02329,2026-06-16T17:54:43Z,KHI,LHE,2026-06-30,1,mobile_web,36
S1006415,SES00119,2026-06-16T17:56:36Z,KHI,DXB,2026-08-26,1,desktop,44
S1000859,SES02257,2026-06-16T18:00:19Z,LHE,DXB,2026-09-25,2,ios,20
S1000654,SES02888,2026-06-16T18:09:28Z,LHE,DXB,2026-08-01,1,android,43
S1000674,SES00988,2026-06-16T18:12:28Z,KHI,ISB,2026-07-19,1,android,0
S1003117,SES03303,2026-06-16T18:16:53Z,ISB,PEW,2026-08-25,1,ios,24
S1006479,SES01537,2026-06-16T18:30:41Z,DXB,ISB,2026-07-24,3,desktop,43
S1003025,SES02884,2026-06-16T18:38:48Z,ISB,SHJ,2026-06-22,2,android,1
S1000082,SES02925,2026-06-16T18:48:01Z,KHI,LHE,2026-08-29,1,android,39
S1006175,SES01985,2026-06-16T18:56:09Z,ISB,KHI,2026-08-07,3,desktop,7
S1007214,SES00095,2026-06-16T19:10:07Z,KHI,ISB,2026-10-10,1,android,25
S1006599,SES02060,2026-06-16T19:18:42Z,ISB,PEW,2026-09-10,3,mobile_web,34
S1001029,SES02828,2026-06-16T19:19:03Z,KHI,LHE,2026-06-30,1,desktop,12
S9840938,SES00565,2026-06-16T19:24:25Z,KHI,ISB,2026-06-23,1,desktop,15
S1005687,SES00416,2026-06-16T20:07:22Z,PEW,SHJ,2026-09-23,1,android,17
S1007836,SES02787,2026-06-16T20:08:17Z,LHE,JED,2026-08-06,1,ios,15
S1007874,SES02803,2026-06-16T20:11:22Z,ISB,SHJ,2026-06-17,4,mobile_web,39
S1005946,SES01093,2026-06-16T20:12:17Z,DXB,LHE,2026-09-13,3,mobile_web,47
S1001534,SES00866,2026-06-16T20:20:52Z,ISB,DXB,2026-09-18,1,android,47
S1007098,SES01583,2026-06-16T20:22:44Z,KHI,MUX,2026-09-20,3,mobile_web,45
S1001086,SES01934,2026-06-16T20:23:21Z,PEW,DXB,2026-08-08,1,ios,8
S1007330,SES01875,2026-06-16T20:26:55Z,KHI,LHE,2026-07-31,3,android,8
S1001877,SES01841,2026-06-16T20:28:14Z,LHE,SHJ,2026-07-27,2,android,31
S9554559,SES01011,2026-06-16T20:30:55Z,LHR,ISB,2026-07-31,4,android,19
S1004123,SES01425,2026-06-16T20:43:03Z,KHI,LHE,2026-08-16,3,android,20
S1006715,SES00298,2026-06-16T20:43:51Z,DXB,LHE,2026-09-14,1,bot,5
S1003214,SES00592,2026-06-16T20:47:16Z,KHI,LHE,2026-07-18,2,android,28
S1001738,SES01037,2026-06-16T20:55:07Z,PEW,DXB,2026-09-09,2,android,26
S1007086,SES00518,2026-06-16T21:04:33Z,LHE,DXB,2026-09-09,1,android,35
S1004281,SES02754,2026-06-16T21:09:49Z,LHE,ISB,2026-07-05,1,mobile_web,2
S1006893,SES02545,2026-06-16T21:25:22Z,LHE,SHJ,2026-09-28,1,desktop,29
S1002520,SES01877,2026-06-16T21:39:43Z,LHE,SHJ,2026-09-06,1,android,18
S1006961,SES00329,2026-06-16T21:50:06Z,LHE,KHI,2026-08-05,1,ios,27
S1002812,SES02383,2026-06-16T22:39:47Z,KHI,LHE,2026-07-25,1,android,12
S1003270,SES01065,2026-06-16T22:40:12Z,KHI,SKT,2026-06-25,1,ios,24
S9697123,SES01449,2026-06-16T22:51:02Z,KHI,MUX,2026-06-28,1,desktop,37
S1007546,SES01131,2026-06-16T22:51:25Z,KHI,DXB,2026-10-05,1,android,44
S1006866,SES00416,2026-06-16T23:10:59Z,LHE,KHI,2026-06-26,2,desktop,2
S1001474,SES02866,2026-06-16T23:20:42Z,PEW,SHJ,2026-06-30,1,android,24
S1003018,SES02421,2026-06-16T23:43:41Z,KHI,ISB,2026-09-19,1,ios,16
S1006949,SES02895,2026-06-16T23:47:09Z,LHE,SHJ,2026-07-01,3,ios,38
S1000143,SES00695,2026-06-16T23:51:46Z,LHE,KHI,2026-08-08,1,desktop,32
S1004174,SES02509,2026-06-16T23:56:31Z,LHE,DXB,2026-08-18,3,android,44
S1004699,SES01096,2026-06-17T00:00:24Z,ISB,SHJ,2026-09-01,1,mobile_web,7
S1005933,SES00669,2026-06-17T00:09:07Z,KHI,DXB,2026-06-21,4,android,6
S1002891,SES00005,2026-06-17T00:17:46Z,ISB,DXB,2026-08-17,3,mobile_web,42
S1005668,SES00712,2026-06-17T00:23:26Z,LHE,ISB,2026-06-24,4,android,18
S1000460,SES01485,2026-06-17T00:31:01Z,ISB,KHI,2026-08-12,1,android,21
S1003673,SES03294,2026-06-17T00:37:31Z,KHI,LHE,2026-08-23,1,ios,19
S1001998,SES03270,2026-06-17T00:42:10Z,KHI,LHE,2026-07-23,1,desktop,20
S1006084,SES01281,2026-06-17T01:11:15Z,SHJ,KHI,2026-09-02,1,ios,0
S1006988,SES01758,2026-06-17T01:15:43Z,ISB,SHJ,2026-09-06,1,android,4
S1006604,SES01287,2026-06-17T01:16:01Z,KHI,LHE,2026-06-27,1,desktop,2
S1003414,SES01239,2026-06-17T01:27:52Z,LHE,DXB,2026-06-27,1,mobile_web,17
S1004599,SES02098,2026-06-17T01:32:36Z,KHI,JED,2026-07-16,2,bot,37
S1000595,SES01547,2026-06-17T01:45:34Z,ISB,LHR,2026-10-15,1,bot,41
S1006991,SES01061,2026-06-17T01:49:33Z,ISB,KHI,2026-08-31,2,bot,21
S1007596,SES01521,2026-06-17T02:14:44Z,LHE,ISB,2026-09-13,3,ios,44
S1000274,SES01723,2026-06-17T02:27:45Z,LHE,KHI,2026-06-21,1,android,20
S9130050,SES00944,2026-06-17T02:37:51Z,LHE,DXB,2026-07-06,1,android,26
S1004421,SES01408,2026-06-17T02:42:18Z,ISB,KHI,2026-09-15,3,android,14
S1004464,SES00200,2026-06-17T02:47:14Z,DXB,KHI,2026-07-08,2,android,3
S1005122,SES00057,2026-06-17T02:55:12Z,LHE,DXB,2026-10-11,1,ios,8
S1007861,SES00536,2026-06-17T02:56:28Z,KHI,LHE,2026-09-15,3,android,17
S1006932,SES02770,2026-06-17T03:06:43Z,KHI,PEW,2026-07-12,4,desktop,11
S1005482,SES00353,2026-06-17T03:08:39Z,KHI,ISB,2026-07-21,1,android,10
S1004420,SES02088,2026-06-17T03:20:22Z,DXB,KHI,2026-10-02,1,android,41
S1002157,SES02595,2026-06-17T03:25:06Z,KHI,ISB,2026-08-18,1,desktop,16
S9232089,SES00252,2026-06-17T03:26:05Z,ISB,KHI,2026-08-04,2,desktop,11
S1002372,SES02450,2026-06-17T03:27:53Z,KHI,DXB,2026-08-05,1,mobile_web,32
S1006868,SES01020,2026-06-17T03:36:32Z,KHI,SHJ,2026-10-09,1,android,41
S1005311,SES00155,2026-06-17T03:42:32Z,DXB,LHE,2026-09-04,2,mobile_web,38
S1006131,SES00048,2026-06-17T03:47:43Z,KHI,LHE,2026-09-04,4,mobile_web,9
S1006948,SES02389,2026-06-17T03:57:03Z,LHE,KHI,2026-07-14,1,android,12
S1006402,SES02028,2026-06-17T04:06:23Z,SHJ,LHE,2026-09-29,1,android,22
S9473934,SES02567,2026-06-17T04:20:42Z,ISB,SHJ,2026-07-01,1,desktop,9
S1003292,SES02146,2026-06-17T04:21:35Z,ISB,LHE,2026-08-15,1,mobile_web,7
S1002652,SES02414,2026-06-17T04:23:06Z,ISB,LHE,2026-08-16,3,ios,7
S1000577,SES01367,2026-06-17T04:27:37Z,KHI,ISB,2026-10-06,4,android,30
S1004084,SES01340,2026-06-17T04:33:59Z,KHI,DXB,2026-06-29,2,ios,21
S1000985,SES02673,2026-06-17T04:48:08Z,DXB,KHI,2026-09-21,1,desktop,20
S1006516,SES02971,2026-06-17T05:00:43Z,PEW,DXB,2026-06-30,1,desktop,27
S1007930,SES02332,2026-06-17T05:05:01Z,ISB,PEW,2026-09-09,4,android,6
S1007191,SES01254,2026-06-17T05:08:32Z,KHI,ISB,2026-08-11,2,android,3
S1005255,SES02998,2026-06-17T05:16:09Z,KHI,LHE,2026-09-29,4,ios,7
S1000504,SES03156,2026-06-17T05:16:24Z,KHI,LHE,2026-09-02,1,mobile_web,34
S1003837,SES02064,2026-06-17T05:31:21Z,ISB,SHJ,2026-08-24,1,mobile_web,6
S1004080,SES00747,2026-06-17T05:32:47Z,KHI,DXB,2026-08-03,1,desktop,6
S1007381,SES00896,2026-06-17T05:51:10Z,KHI,SKT,2026-09-17,3,mobile_web,22
S1000417,SES00475,2026-06-17T05:55:46Z,KHI,ISB,2026-06-24,2,mobile_web,25
S1007393,SES00507,2026-06-17T05:57:04Z,LHR,ISB,2026-06-24,2,android,33
S1007512,SES01623,2026-06-17T06:02:09Z,KHI,MUX,2026-09-22,1,ios,19
S1000633,SES01153,2026-06-17T06:03:40Z,KHI,LHE,2026-08-20,2,desktop,37
S1004267,SES02058,2026-06-17T06:26:57Z,DXB,KHI,2026-06-23,2,desktop,5
S1002560,SES03027,2026-06-17T06:38:25Z,ISB,KHI,2026-07-24,3,mobile_web,48
S1004136,SES03203,2026-06-17T07:08:42Z,KHI,ISB,2026-10-08,1,mobile_web,46
S1001149,SES01969,2026-06-17T07:33:42Z,ISB,DXB,2026-10-10,1,mobile_web,26
S1000526,SES00098,2026-06-17T07:39:44Z,LHE,DXB,2026-08-01,3,android,31
S1004683,SES01644,2026-06-17T08:45:47Z,KHI,LHE,2026-08-26,1,mobile_web,21
S1001131,SES00829,2026-06-17T08:49:26Z,KHI,LHE,2026-08-18,1,ios,25
S1006475,SES02251,2026-06-17T09:07:13Z,ISB,PEW,2026-07-06,1,android,25
S1002913,SES01293,2026-06-17T09:18:03Z,ISB,SHJ,2026-07-02,1,android,19
S1000911,SES01060,2026-06-17T09:18:35Z,LHE,ISB,2026-10-08,1,android,41
S1002650,SES02474,2026-06-17T09:23:08Z,PEW,SHJ,2026-06-24,1,android,0
S1002006,SES01446,2026-06-17T09:29:11Z,PEW,SHJ,2026-07-13,2,desktop,44
S1007650,SES03275,2026-06-17T09:36:13Z,ISB,SHJ,2026-09-09,1,bot,9
S1000730,SES00033,2026-06-17T09:40:20Z,LHE,JED,2026-10-12,1,ios,8
S1007648,SES00130,2026-06-17T09:59:26Z,LHE,KHI,2026-09-21,2,ios,14
S1002770,SES02218,2026-06-17T10:04:04Z,PEW,SHJ,2026-08-24,1,android,12
S1001362,SES00339,2026-06-17T10:34:27Z,KHI,ISB,2026-09-05,4,android,29
S1000964,SES03068,2026-06-17T10:36:04Z,LHE,DXB,2026-08-12,4,android,24
S1002860,SES01863,2026-06-17T10:56:15Z,KHI,SHJ,2026-09-04,1,desktop,30
S1005643,SES00324,2026-06-17T11:10:57Z,LHE,SHJ,2026-08-02,1,android,37
S1005102,SES01166,2026-06-17T11:20:52Z,LHE,DXB,2026-07-20,2,android,18
S1003990,SES00108,2026-06-17T11:32:25Z,DXB,LHE,2026-09-23,2,desktop,0
S1005654,SES02889,2026-06-17T12:03:24Z,ISB,LHE,2026-09-30,1,android,47
S1005195,SES02597,2026-06-17T12:10:58Z,LHE,DXB,2026-07-01,1,android,0
S1006953,SES02819,2026-06-17T12:21:12Z,LHR,ISB,2026-07-11,1,ios,3
S1001009,SES02318,2026-06-17T12:40:27Z,LHE,KHI,2026-07-02,1,android,15
S1005917,SES00303,2026-06-17T13:24:50Z,LHE,DXB,2026-08-23,1,desktop,31
S1003707,SES03328,2026-06-17T13:28:20Z,ISB,PEW,2026-08-30,1,mobile_web,27
S1005562,SES02575,2026-06-17T13:41:35Z,PEW,DXB,2026-08-21,1,android,13
S1004791,SES01126,2026-06-17T13:44:43Z,ISB,SHJ,2026-07-08,2,mobile_web,0
S1000467,SES01155,2026-06-17T13:51:21Z,KHI,UET,2026-08-22,3,android,39
S1001677,SES02081,2026-06-17T13:56:23Z,ISB,PEW,2026-07-06,1,android,22
S1001439,SES02230,2026-06-17T14:00:27Z,ISB,SHJ,2026-07-23,4,desktop,31
S1003865,SES00991,2026-06-17T14:38:46Z,KHI,ISB,2026-10-10,1,android,10
S1002399,SES01726,2026-06-17T14:42:22Z,LHE,ISB,2026-06-26,2,desktop,19
S1005500,SES01420,2026-06-17T15:11:42Z,ISB,SHJ,2026-08-08,2,android,17
S1007885,SES00929,2026-06-17T15:12:28Z,KHI,LHE,2026-08-31,1,ios,1
S1004828,SES02324,2026-06-17T15:23:25Z,KHI,ISB,2026-09-09,1,desktop,9
S1000191,SES03232,2026-06-17T15:23:58Z,KHI,SKT,2026-08-16,1,android,18
S1005615,SES03371,2026-06-17T15:40:13Z,KHI,LHE,2026-07-12,2,android,43
S1003954,SES00810,2026-06-17T15:43:45Z,ISB,SHJ,2026-08-23,2,android,16
S1007147,SES00739,2026-06-17T16:05:14Z,KHI,UET,2026-09-04,2,android,31
S1006223,SES03149,2026-06-17T16:10:44Z,ISB,PEW,2026-08-11,1,desktop,15
S1002412,SES00093,2026-06-17T16:12:22Z,DXB,KHI,2026-08-29,2,mobile_web,7
S1002174,SES02844,2026-06-17T16:14:15Z,ISB,SHJ,2026-09-13,1,android,40
S1003404,SES01001,2026-06-17T16:16:05Z,LHE,DXB,2026-09-29,2,desktop,6
S1001338,SES01460,2026-06-17T16:36:10Z,LHE,ISB,2026-07-04,1,desktop,2
S1004475,SES02249,2026-06-17T16:36:37Z,LHE,KHI,2026-08-20,1,android,33
S1007435,SES00551,2026-06-17T16:43:56Z,DXB,ISB,2026-09-23,3,ios,40
S1003461,SES03238,2026-06-17T16:48:10Z,KHI,SHJ,2026-06-24,2,desktop,45
S9110493,SES00991,2026-06-17T16:56:50Z,ISB,KHI,2026-06-24,3,desktop,34
S1000245,SES00724,2026-06-17T17:09:59Z,KHI,ISB,2026-06-29,1,android,18
S1002689,SES03234,2026-06-17T17:39:49Z,LHE,ISB,2026-06-27,1,mobile_web,5
S1000996,SES00760,2026-06-17T17:51:45Z,PEW,DXB,2026-09-19,1,mobile_web,35
S1001198,SES01382,2026-06-17T17:59:51Z,ISB,SHJ,2026-09-28,1,android,48
S1007353,SES03216,2026-06-17T18:01:54Z,LHR,ISB,2026-09-11,1,android,3
S1000662,SES01706,2026-06-17T18:27:31Z,SHJ,KHI,2026-08-30,1,mobile_web,9
S1006763,SES02272,2026-06-17T18:46:45Z,LHE,KHI,2026-08-23,1,android,32
S1002352,SES02033,2026-06-17T18:48:38Z,KHI,DXB,2026-10-13,1,desktop,48
S1005837,SES02223,2026-06-17T19:06:29Z,LHE,KHI,2026-06-21,1,mobile_web,6
S1003742,SES02734,2026-06-17T20:04:14Z,LHE,JED,2026-09-01,1,android,3
S9821188,SES01640,2026-06-17T20:08:43Z,LHE,JED,2026-07-05,4,desktop,13
S1006199,SES02974,2026-06-17T20:18:42Z,LHE,ISB,2026-08-19,3,desktop,19
S1002444,SES01451,2026-06-17T20:29:53Z,LHE,ISB,2026-09-10,3,ios,5
S1003210,SES01913,2026-06-17T20:33:54Z,ISB,SHJ,2026-08-23,3,android,40
S1003679,SES03319,2026-06-17T20:35:33Z,KHI,ISB,2026-10-04,2,android,30
S1004274,SES02738,2026-06-17T20:42:24Z,ISB,DXB,2026-08-17,2,desktop,33
S1006057,SES01658,2026-06-17T21:02:13Z,KHI,LHE,2026-08-18,2,android,36
S1006456,SES00247,2026-06-17T21:14:04Z,KHI,PEW,2026-06-26,4,desktop,7
S1002610,SES00207,2026-06-17T21:14:24Z,ISB,KHI,2026-08-13,2,ios,44
S1007552,SES01240,2026-06-17T21:14:52Z,PEW,DXB,2026-08-03,2,ios,15
S9196094,SES01151,2026-06-17T21:21:40Z,KHI,ISB,2026-08-04,1,desktop,17
S1003563,SES02037,2026-06-17T21:31:33Z,ISB,SHJ,2026-09-23,4,android,13
S1001094,SES00665,2026-06-17T21:52:06Z,SHJ,KHI,2026-10-15,2,desktop,7
S1000531,SES01221,2026-06-17T22:11:45Z,LHR,ISB,2026-08-21,2,ios,23
S9727161,SES01104,2026-06-17T22:31:39Z,PEW,SHJ,2026-06-24,1,desktop,19
S1007488,SES00359,2026-06-17T22:37:43Z,LHE,DXB,2026-08-01,1,mobile_web,1
S1002726,SES03016,2026-06-17T22:37:59Z,KHI,LHE,2026-09-27,2,android,6
S1001059,SES02121,2026-06-17T22:38:11Z,LHE,ISB,2026-06-22,4,android,35
S1002910,SES02402,2026-06-17T22:41:34Z,KHI,ISB,2026-10-10,1,android,3
S1003676,SES00671,2026-06-17T22:43:05Z,KHI,DXB,2026-07-27,1,android,5
S1006779,SES00522,2026-06-17T22:52:36Z,KHI,LHE,2026-07-27,1,bot,41
S9421005,SES02235,2026-06-17T23:03:27Z,KHI,JED,2026-07-02,1,desktop,28
S1002960,SES03209,2026-06-17T23:26:12Z,LHE,DXB,2026-07-16,1,mobile_web,9
S1000807,SES02637,2026-06-17T23:51:10Z,LHE,KHI,2026-08-11,1,ios,21
S1001659,SES01730,2026-06-17T23:59:56Z,ISB,LHE,2026-07-10,1,android,2
S1003342,SES00841,2026-06-18T00:04:41Z,LHE,KHI,2026-06-19,2,android,36
S1006360,SES01300,2026-06-18T00:10:20Z,ISB,KHI,2026-08-31,1,desktop,48
S1006353,SES00500,2026-06-18T00:17:29Z,KHI,SHJ,2026-09-10,2,desktop,24
S1000097,SES01584,2026-06-18T00:46:11Z,KHI,DXB,2026-07-13,3,desktop,38
S1006046,SES01981,2026-06-18T00:46:37Z,KHI,ISB,2026-07-01,1,ios,40
S1002874,SES02095,2026-06-18T00:47:08Z,LHE,KHI,2026-07-27,1,mobile_web,19
S9539755,SES03340,2026-06-18T01:11:58Z,LHE,DXB,2026-06-20,1,desktop,17
S1002638,SES02375,2026-06-18T01:12:07Z,PEW,SHJ,2026-09-09,1,android,35
S9594426,SES02698,2026-06-18T01:13:45Z,ISB,SHJ,2026-08-02,2,desktop,33
S1001180,SES00506,2026-06-18T01:16:16Z,LHE,KHI,2026-08-05,1,android,36
S9134378,SES01806,2026-06-18T02:09:41Z,KHI,MUX,2026-08-02,1,desktop,12
S1004919,SES01965,2026-06-18T02:58:20Z,SHJ,LHE,2026-08-26,2,bot,42
S1000881,SES01781,2026-06-18T03:07:37Z,KHI,LHE,2026-06-25,1,android,42
S1006894,SES00392,2026-06-18T03:07:38Z,DXB,LHE,2026-07-06,2,desktop,8
S1004767,SES02388,2026-06-18T03:31:30Z,DXB,KHI,2026-08-16,4,android,44
S1001510,SES02823,2026-06-18T04:07:21Z,KHI,DXB,2026-07-24,1,desktop,14
S1004431,SES00377,2026-06-18T04:42:35Z,KHI,LHE,2026-07-23,1,desktop,3
S1002527,SES00772,2026-06-18T04:47:28Z,KHI,LHE,2026-10-08,3,android,8
S9252807,SES00732,2026-06-18T04:48:56Z,KHI,LHE,2026-10-12,4,desktop,34
S1003231,SES00385,2026-06-18T05:04:10Z,KHI,LHE,2026-09-01,2,android,38
S1003529,SES01741,2026-06-18T05:28:47Z,SHJ,KHI,2026-09-15,2,ios,30
S1006940,SES00786,2026-06-18T05:36:24Z,LHE,ISB,2026-09-14,3,ios,41
S1002243,SES01145,2026-06-18T05:41:27Z,LHE,ISB,2026-09-03,3,desktop,45
S1001543,SES02463,2026-06-18T06:08:51Z,ISB,SHJ,2026-09-22,4,desktop,26
S1007969,SES01977,2026-06-18T06:18:30Z,ISB,SHJ,2026-08-27,1,android,28
S1005982,SES02954,2026-06-18T06:20:17Z,KHI,MUX,2026-07-07,2,desktop,46
S9535863,SES00329,2026-06-18T06:30:55Z,KHI,LHE,2026-06-25,3,android,22
S1003314,SES02009,2026-06-18T06:46:24Z,KHI,PEW,2026-10-15,1,ios,1
S1001321,SES01057,2026-06-18T06:50:51Z,KHI,PEW,2026-10-13,3,android,21
S1003369,SES03125,2026-06-18T07:08:13Z,KHI,ISB,2026-09-30,1,android,29
S1004948,SES02340,2026-06-18T07:10:55Z,SHJ,LHE,2026-06-24,3,mobile_web,14
S1003818,SES03300,2026-06-18T07:33:08Z,LHE,SHJ,2026-08-12,1,desktop,1
S1005551,SES00237,2026-06-18T07:41:46Z,KHI,LHE,2026-09-07,1,mobile_web,14
S1000509,SES01327,2026-06-18T07:50:53Z,DXB,KHI,2026-08-24,1,android,15
S1001249,SES02895,2026-06-18T07:56:09Z,DXB,KHI,2026-10-02,1,android,0
S1003044,SES01251,2026-06-18T08:15:23Z,KHI,LHE,2026-08-22,1,android,44
S1002905,SES00666,2026-06-18T08:24:52Z,ISB,KHI,2026-07-21,1,android,20
S1004227,SES02793,2026-06-18T09:05:36Z,KHI,SKT,2026-08-20,4,android,46
S1004619,SES02122,2026-06-18T09:07:03Z,DXB,LHE,2026-09-22,1,ios,27
S1001725,SES01585,2026-06-18T09:08:49Z,KHI,MUX,2026-06-26,1,desktop,7
S1000791,SES01839,2026-06-18T09:33:07Z,LHE,DXB,2026-10-16,1,mobile_web,27
S1003947,SES02381,2026-06-18T09:36:52Z,ISB,DXB,2026-08-02,2,android,46
S1001666,SES01092,2026-06-18T09:54:47Z,SHJ,KHI,2026-07-04,1,ios,17
S1004609,SES02854,2026-06-18T10:07:20Z,KHI,ISB,2026-07-26,2,bot,32
S1007555,SES02150,2026-06-18T10:08:21Z,ISB,PEW,2026-07-23,1,android,45
S1000644,SES02294,2026-06-18T10:19:24Z,LHE,DXB,2026-09-07,1,android,10
S1007184,SES01788,2026-06-18T10:24:14Z,ISB,PEW,2026-09-21,1,desktop,41
S9151937,SES00223,2026-06-18T10:24:51Z,KHI,LHE,2026-07-07,2,desktop,11
S1005955,SES01709,2026-06-18T10:27:10Z,ISB,KHI,2026-06-27,3,android,22
S1000128,SES02642,2026-06-18T10:37:43Z,KHI,SHJ,2026-09-28,1,mobile_web,23
S1003561,SES02324,2026-06-18T10:41:28Z,KHI,LHE,2026-09-17,2,mobile_web,19
S1005251,SES02949,2026-06-18T11:00:01Z,KHI,LHE,2026-09-22,1,android,29
S1005620,SES01715,2026-06-18T11:10:21Z,LHE,DXB,2026-07-16,3,android,33
S1007265,SES01743,2026-06-18T11:36:17Z,KHI,SKT,2026-08-17,3,ios,11
S1007694,SES02698,2026-06-18T11:44:34Z,ISB,PEW,2026-07-11,1,ios,6
S1007124,SES01743,2026-06-18T12:00:56Z,LHE,SHJ,2026-10-09,3,android,1
S1003724,SES02847,2026-06-18T12:14:31Z,ISB,SHJ,2026-09-21,1,android,41
S1003668,SES03218,2026-06-18T12:20:15Z,LHE,ISB,2026-10-16,3,android,46
S1005055,SES02836,2026-06-18T12:21:49Z,ISB,LHE,2026-07-26,1,android,4
S1000722,SES01189,2026-06-18T12:35:55Z,KHI,DXB,2026-10-16,1,desktop,41
S9887566,SES00906,2026-06-18T12:37:13Z,ISB,SHJ,2026-06-28,2,android,33
S1001379,SES00313,2026-06-18T12:38:46Z,SHJ,LHE,2026-09-28,3,bot,19
S1006058,SES00091,2026-06-18T12:49:55Z,KHI,SHJ,2026-09-08,1,desktop,27
S1005071,SES00278,2026-06-18T12:53:38Z,KHI,LHE,2026-09-04,4,mobile_web,42
S1000361,SES00862,2026-06-18T12:58:06Z,ISB,LHR,2026-08-16,3,desktop,17
S1005814,SES02300,2026-06-18T13:00:46Z,KHI,LHE,2026-09-26,2,desktop,39
S1007172,SES02731,2026-06-18T13:40:29Z,LHE,KHI,2026-09-22,2,desktop,38
S1002685,SES01827,2026-06-18T13:54:55Z,KHI,LHE,2026-10-10,1,android,13
S1004689,SES02428,2026-06-18T13:55:56Z,DXB,ISB,2026-06-28,1,desktop,40
S1002436,SES00893,2026-06-18T13:56:02Z,KHI,ISB,2026-10-15,1,ios,41
S1003223,SES00249,2026-06-18T14:02:10Z,LHE,JED,2026-08-10,1,mobile_web,12
S1007688,SES00593,2026-06-18T14:02:14Z,KHI,MUX,2026-07-24,1,android,19
S1005413,SES00318,2026-06-18T14:05:27Z,KHI,JED,2026-09-18,3,desktop,24
S1005146,SES02064,2026-06-18T14:08:56Z,SHJ,KHI,2026-07-09,1,bot,48
S1004387,SES02849,2026-06-18T14:15:13Z,KHI,SHJ,2026-08-24,1,mobile_web,42
S1003096,SES00177,2026-06-18T14:31:14Z,ISB,LHR,2026-06-26,1,desktop,34
S1003511,SES00600,2026-06-18T14:32:15Z,ISB,DXB,2026-08-22,4,android,47
S1007453,SES02993,2026-06-18T14:57:14Z,DXB,KHI,2026-10-01,4,desktop,3
S1001429,SES03296,2026-06-18T14:58:02Z,LHR,ISB,2026-06-19,2,mobile_web,47
S1001083,SES02555,2026-06-18T15:15:08Z,KHI,DXB,2026-10-13,2,android,35
S1000184,SES00484,2026-06-18T15:25:17Z,KHI,DXB,2026-08-17,1,ios,10
S1002511,SES02085,2026-06-18T15:27:22Z,LHR,ISB,2026-08-10,1,ios,37
S1001456,SES02227,2026-06-18T15:27:32Z,LHE,JED,2026-06-29,1,ios,12
S1007230,SES00356,2026-06-18T15:47:55Z,PEW,DXB,2026-06-20,1,desktop,38
S1004821,SES00940,2026-06-18T16:22:44Z,LHE,JED,2026-09-22,3,android,9
S9982010,SES00265,2026-06-18T16:33:31Z,LHE,DXB,2026-06-24,1,desktop,8
S1001077,SES02519,2026-06-18T16:40:52Z,LHE,DXB,2026-06-27,3,ios,40
S1002798,SES02102,2026-06-18T16:48:41Z,DXB,KHI,2026-07-29,2,android,47
S1003580,SES01808,2026-06-18T17:00:05Z,PEW,SHJ,2026-10-10,4,mobile_web,33
S1005594,SES03035,2026-06-18T17:11:44Z,ISB,PEW,2026-06-29,1,mobile_web,48
S1004206,SES02876,2026-06-18T17:14:25Z,ISB,SHJ,2026-07-06,1,android,14
S1005930,SES03097,2026-06-18T17:16:13Z,ISB,SHJ,2026-10-09,1,desktop,47
S1003505,SES01633,2026-06-18T17:30:33Z,KHI,ISB,2026-06-19,1,android,0
S1007697,SES00919,2026-06-18T17:31:12Z,KHI,LHE,2026-09-05,1,android,12
S1003178,SES00944,2026-06-18T17:35:40Z,DXB,ISB,2026-10-15,3,desktop,26
S1006584,SES01129,2026-06-18T17:43:02Z,LHE,ISB,2026-06-22,2,desktop,10
S1003890,SES01655,2026-06-18T17:55:26Z,LHE,DXB,2026-10-14,1,mobile_web,39
S1003749,SES01662,2026-06-18T18:22:00Z,LHE,SHJ,2026-08-28,1,desktop,12
S1007932,SES02126,2026-06-18T18:38:23Z,KHI,LHE,2026-10-10,1,android,6
S1003302,SES00769,2026-06-18T18:43:10Z,KHI,ISB,2026-08-14,2,ios,1
S1006509,SES02355,2026-06-18T18:44:54Z,DXB,ISB,2026-07-02,4,android,9
S1002809,SES00323,2026-06-18T19:29:22Z,KHI,ISB,2026-08-18,4,android,29
S1006481,SES00687,2026-06-18T19:38:48Z,KHI,ISB,2026-09-25,2,android,37
S1006907,SES00822,2026-06-18T19:40:29Z,LHE,DXB,2026-10-10,1,ios,36
S1001166,SES03342,2026-06-18T19:44:12Z,LHE,ISB,2026-09-27,1,android,38
S1004326,SES03177,2026-06-18T19:45:18Z,KHI,LHE,2026-08-10,1,mobile_web,47
S1000866,SES00091,2026-06-18T19:46:13Z,ISB,KHI,2026-08-31,1,android,4
S9901779,SES02968,2026-06-18T19:52:29Z,ISB,SHJ,2026-08-04,2,android,33
S1000135,SES02113,2026-06-18T20:37:12Z,LHE,DXB,2026-09-27,1,desktop,24
S1002964,SES00736,2026-06-18T20:51:51Z,ISB,SHJ,2026-06-30,3,android,45
S1004171,SES00401,2026-06-18T21:03:35Z,SHJ,LHE,2026-07-06,1,desktop,8
S1000853,SES02207,2026-06-18T21:04:10Z,KHI,ISB,2026-06-21,1,desktop,21
S1002592,SES00638,2026-06-18T21:40:05Z,KHI,LHE,2026-07-16,2,ios,35
S1001625,SES02151,2026-06-18T21:42:48Z,SHJ,LHE,2026-10-10,3,desktop,2
S1001766,SES00734,2026-06-18T22:01:58Z,PEW,DXB,2026-06-24,1,mobile_web,9
S9247516,SES01512,2026-06-18T22:04:03Z,LHE,ISB,2026-08-08,1,desktop,7
S1003212,SES00484,2026-06-18T22:12:57Z,ISB,KHI,2026-09-08,1,ios,18
S1000190,SES01012,2026-06-18T22:34:18Z,ISB,SHJ,2026-07-25,1,ios,1
S1001561,SES02852,2026-06-18T22:34:46Z,PEW,DXB,2026-10-12,1,android,40
S1004068,SES01549,2026-06-18T22:48:45Z,KHI,JED,2026-08-23,2,android,48
S9295911,SES02611,2026-06-18T22:56:42Z,PEW,SHJ,2026-06-22,1,desktop,24
S1004023,SES02686,2026-06-18T22:58:37Z,LHE,ISB,2026-09-07,3,android,30
S1002936,SES02746,2026-06-18T23:00:41Z,PEW,DXB,2026-09-30,4,android,28
S1004983,SES00596,2026-06-18T23:22:36Z,ISB,SHJ,2026-10-05,3,ios,19
S1003694,SES01568,2026-06-18T23:28:24Z,ISB,SHJ,2026-08-31,1,mobile_web,41
S1003656,SES00159,2026-06-18T23:34:27Z,DXB,KHI,2026-08-13,3,desktop,22
S1003482,SES02409,2026-06-18T23:38:03Z,KHI,DXB,2026-09-28,3,bot,48
S1003967,SES02249,2026-06-19T00:13:04Z,KHI,ISB,2026-07-15,1,desktop,23
S1002368,SES01079,2026-06-19T00:20:00Z,ISB,LHE,2026-08-28,2,desktop,27
S1006097,SES02326,2026-06-19T00:38:11Z,KHI,LHE,2026-06-26,2,android,4
S1004890,SES00605,2026-06-19T00:50:44Z,KHI,LHE,2026-08-05,1,android,15
S1007517,SES01714,2026-06-19T01:18:12Z,ISB,KHI,2026-07-11,2,desktop,23
S1000102,SES01142,2026-06-19T01:25:20Z,LHR,ISB,2026-09-29,2,android,17
S1000099,SES01160,2026-06-19T01:31:04Z,LHE,ISB,2026-08-03,2,ios,16
S1001445,SES00236,2026-06-19T01:32:02Z,LHE,DXB,2026-06-20,1,mobile_web,43
S1005607,SES02685,2026-06-19T01:58:12Z,ISB,PEW,2026-07-04,1,android,2
S9621571,SES00016,2026-06-19T02:45:42Z,KHI,MUX,2026-08-08,1,android,39
S1006694,SES03274,2026-06-19T02:45:48Z,KHI,ISB,2026-10-01,1,android,7
S1003521,SES00988,2026-06-19T03:19:26Z,LHE,DXB,2026-10-03,2,android,7
S1004247,SES01484,2026-06-19T03:44:40Z,ISB,LHR,2026-10-06,3,android,41
S9949480,SES01131,2026-06-19T03:55:18Z,LHR,ISB,2026-07-09,2,desktop,5
S1002408,SES02104,2026-06-19T04:04:05Z,LHE,KHI,2026-07-18,4,desktop,37
S1006274,SES01648,2026-06-19T04:23:48Z,ISB,KHI,2026-09-23,1,android,19
S1004751,SES01952,2026-06-19T04:28:10Z,LHE,KHI,2026-07-14,1,mobile_web,47
S1003242,SES02795,2026-06-19T04:31:41Z,KHI,LHE,2026-08-20,2,android,6
S1007646,SES01649,2026-06-19T04:38:34Z,KHI,PEW,2026-10-15,2,mobile_web,5
S1001739,SES01774,2026-06-19T04:43:39Z,ISB,KHI,2026-06-22,1,mobile_web,22
S1006214,SES01235,2026-06-19T04:53:04Z,KHI,LHE,2026-08-03,1,desktop,14
S1004259,SES00629,2026-06-19T04:57:06Z,LHE,DXB,2026-10-16,2,desktop,34
S1004266,SES00066,2026-06-19T05:08:07Z,LHE,SHJ,2026-09-27,1,android,28
S1006501,SES00333,2026-06-19T05:12:56Z,SHJ,KHI,2026-09-14,2,desktop,17
S1005138,SES00476,2026-06-19T05:26:15Z,ISB,PEW,2026-09-29,1,desktop,15
S1005060,SES02649,2026-06-19T05:29:20Z,KHI,MUX,2026-09-12,1,mobile_web,21
S1000171,SES03239,2026-06-19T05:30:34Z,LHE,KHI,2026-08-27,1,mobile_web,17
S1000816,SES01142,2026-06-19T05:45:14Z,KHI,ISB,2026-07-12,4,android,34
S1003093,SES02600,2026-06-19T05:45:25Z,DXB,KHI,2026-10-14,4,ios,21
S1004951,SES00189,2026-06-19T05:48:28Z,ISB,KHI,2026-07-08,3,android,25
S1007898,SES02601,2026-06-19T05:53:39Z,KHI,SKT,2026-09-23,1,android,35
S1006685,SES02724,2026-06-19T06:06:05Z,KHI,MUX,2026-08-13,2,desktop,10
S1002674,SES03116,2026-06-19T06:20:05Z,KHI,ISB,2026-09-25,1,android,0
S1006776,SES02909,2026-06-19T06:20:06Z,KHI,ISB,2026-07-20,2,desktop,37
S1005409,SES01379,2026-06-19T06:48:28Z,ISB,KHI,2026-10-14,2,android,2
S1007049,SES01224,2026-06-19T07:00:21Z,KHI,ISB,2026-10-14,1,android,32
S1006346,SES03162,2026-06-19T07:15:57Z,KHI,MUX,2026-08-16,1,android,19
S1000741,SES03135,2026-06-19T07:24:58Z,SHJ,LHE,2026-07-02,2,desktop,37
S9243386,SES00732,2026-06-19T07:25:07Z,KHI,ISB,2026-06-30,2,desktop,5
S1002998,SES02634,2026-06-19T07:26:53Z,KHI,LHE,2026-09-09,1,android,18
S1006660,SES02167,2026-06-19T07:44:27Z,LHE,KHI,2026-08-18,2,bot,44
S1003413,SES00955,2026-06-19T07:49:02Z,ISB,DXB,2026-08-13,3,android,42
S1004815,SES02172,2026-06-19T08:26:18Z,KHI,MUX,2026-10-16,2,desktop,48
S1007285,SES01522,2026-06-19T08:40:49Z,KHI,ISB,2026-08-20,1,mobile_web,21
S1002699,SES02041,2026-06-19T08:50:48Z,KHI,ISB,2026-09-16,1,mobile_web,26
S1003367,SES01274,2026-06-19T08:55:56Z,KHI,LHE,2026-07-14,1,android,25
S1004884,SES02971,2026-06-19T09:13:48Z,ISB,LHE,2026-10-14,4,android,13
S1007769,SES03400,2026-06-19T09:22:35Z,PEW,DXB,2026-07-08,1,android,12
S1005361,SES03137,2026-06-19T09:22:36Z,KHI,MUX,2026-07-15,1,ios,14
S1007477,SES01427,2026-06-19T09:26:50Z,LHE,KHI,2026-07-01,1,ios,17
S1001540,SES00880,2026-06-19T09:32:45Z,KHI,PEW,2026-10-07,1,android,5
S9959697,SES00093,2026-06-19T09:37:14Z,KHI,ISB,2026-07-09,1,desktop,15
S1000608,SES03064,2026-06-19T10:13:48Z,LHE,KHI,2026-09-21,3,desktop,39
S1003638,SES03179,2026-06-19T10:31:52Z,KHI,PEW,2026-09-21,3,mobile_web,46
S1000044,SES02540,2026-06-19T10:33:17Z,KHI,JED,2026-08-18,2,ios,10
S1001401,SES00559,2026-06-19T10:36:57Z,KHI,ISB,2026-08-02,2,android,10
S1006808,SES02431,2026-06-19T10:52:19Z,KHI,UET,2026-08-05,1,ios,43
S1007116,SES02178,2026-06-19T11:04:40Z,KHI,JED,2026-07-24,1,mobile_web,42
S1003173,SES00771,2026-06-19T11:14:07Z,DXB,KHI,2026-09-08,4,android,45
S1005995,SES02104,2026-06-19T11:27:42Z,KHI,SHJ,2026-07-14,1,ios,35
S1006284,SES01000,2026-06-19T11:32:13Z,PEW,DXB,2026-07-23,1,desktop,40
S1001457,SES00249,2026-06-19T11:42:29Z,KHI,ISB,2026-06-26,1,ios,25
S1003475,SES01037,2026-06-19T11:48:04Z,KHI,LHE,2026-08-05,1,desktop,28
S1003995,SES02046,2026-06-19T11:51:01Z,KHI,LHE,2026-07-05,2,desktop,44
S1004963,SES01791,2026-06-19T12:22:01Z,KHI,DXB,2026-09-28,3,desktop,22
S1000086,SES00837,2026-06-19T12:24:45Z,LHE,DXB,2026-07-22,1,android,25
S1004370,SES02238,2026-06-19T12:25:47Z,ISB,SHJ,2026-09-22,1,android,33
S9731432,SES01166,2026-06-19T12:41:52Z,KHI,SHJ,2026-08-07,2,android,16
S1005905,SES00255,2026-06-19T12:43:33Z,LHE,KHI,2026-10-09,3,android,43
S1006396,SES00870,2026-06-19T12:47:20Z,ISB,PEW,2026-08-18,1,android,17
S1006923,SES00617,2026-06-19T13:02:43Z,KHI,SHJ,2026-08-17,2,desktop,6
S1001771,SES00709,2026-06-19T13:05:12Z,KHI,ISB,2026-07-20,2,desktop,46
S1007963,SES00529,2026-06-19T13:10:09Z,KHI,ISB,2026-08-29,3,desktop,22
S1000088,SES01597,2026-06-19T13:13:27Z,SHJ,KHI,2026-07-19,1,desktop,29
S1007079,SES01030,2026-06-19T13:17:24Z,ISB,SHJ,2026-08-15,1,ios,27
S1007261,SES01941,2026-06-19T13:31:35Z,LHE,SHJ,2026-10-09,1,android,38
S1005533,SES02014,2026-06-19T13:58:34Z,KHI,PEW,2026-06-24,2,mobile_web,40
S1004130,SES02912,2026-06-19T14:14:09Z,LHE,ISB,2026-08-15,1,desktop,32
S1003991,SES00887,2026-06-19T14:22:00Z,ISB,LHE,2026-07-28,1,mobile_web,36
S1002876,SES02578,2026-06-19T14:31:02Z,LHR,ISB,2026-06-30,1,android,39
S1007009,SES01617,2026-06-19T14:37:33Z,LHE,DXB,2026-06-25,1,android,26
S1007154,SES02954,2026-06-19T14:41:27Z,KHI,JED,2026-08-21,2,android,26
S1007611,SES00937,2026-06-19T14:46:06Z,KHI,LHE,2026-10-09,4,mobile_web,11
S1003069,SES00335,2026-06-19T14:47:18Z,KHI,MUX,2026-07-16,1,ios,44
S1002911,SES00651,2026-06-19T15:19:19Z,KHI,ISB,2026-08-30,1,ios,11
S1000272,SES02540,2026-06-19T15:27:08Z,LHE,SHJ,2026-07-29,1,android,22
S1001099,SES00064,2026-06-19T15:42:12Z,LHE,SHJ,2026-07-14,1,desktop,36
S1007175,SES01622,2026-06-19T15:56:11Z,LHE,JED,2026-07-31,3,desktop,27
S1006897,SES00624,2026-06-19T16:13:55Z,LHE,DXB,2026-09-12,4,android,20
S1004846,SES02911,2026-06-19T16:14:32Z,ISB,KHI,2026-10-12,1,android,21
S1003379,SES03045,2026-06-19T16:22:21Z,KHI,ISB,2026-07-08,3,android,45
S1005775,SES00363,2026-06-19T16:24:16Z,ISB,DXB,2026-10-17,1,android,8
S1006852,SES02571,2026-06-19T16:39:01Z,KHI,MUX,2026-10-13,2,android,1
S1000231,SES00665,2026-06-19T17:08:29Z,KHI,JED,2026-10-09,2,desktop,24
S1006950,SES00882,2026-06-19T17:09:05Z,KHI,DXB,2026-08-10,3,android,19
S1005857,SES02738,2026-06-19T17:13:34Z,SHJ,KHI,2026-09-21,1,android,43
S1004081,SES01819,2026-06-19T17:16:56Z,LHE,DXB,2026-10-16,1,desktop,37
S1005016,SES03195,2026-06-19T17:17:32Z,PEW,SHJ,2026-07-29,2,android,12
S1007011,SES00299,2026-06-19T17:54:28Z,KHI,ISB,2026-06-21,2,android,40
S1005379,SES02224,2026-06-19T17:55:25Z,PEW,SHJ,2026-09-21,1,ios,20
S1000902,SES00883,2026-06-19T18:19:24Z,LHE,KHI,2026-07-29,1,bot,4
S1007679,SES00855,2026-06-19T18:27:45Z,KHI,ISB,2026-09-24,1,mobile_web,18
S1004706,SES00598,2026-06-19T18:35:40Z,DXB,KHI,2026-10-09,3,android,5
S1004435,SES02712,2026-06-19T18:36:06Z,ISB,PEW,2026-07-07,1,ios,21
S1004594,SES00075,2026-06-19T19:20:15Z,DXB,LHE,2026-06-20,2,android,8
S9155082,SES02038,2026-06-19T19:21:59Z,KHI,MUX,2026-10-13,1,desktop,14
S1003802,SES02729,2026-06-19T19:26:50Z,KHI,LHE,2026-09-20,2,ios,35
S1005418,SES02399,2026-06-19T19:31:00Z,KHI,UET,2026-06-20,2,ios,3
S1004748,SES03015,2026-06-19T19:34:39Z,KHI,MUX,2026-08-09,1,android,31
S1005790,SES00649,2026-06-19T20:03:01Z,ISB,PEW,2026-10-08,2,android,15
S1000485,SES01712,2026-06-19T20:03:37Z,PEW,DXB,2026-10-16,2,android,44
S9618529,SES03281,2026-06-19T20:04:58Z,ISB,KHI,2026-06-27,3,desktop,14
S1001545,SES00383,2026-06-19T20:15:15Z,KHI,SHJ,2026-09-09,3,android,21
S1003942,SES01966,2026-06-19T20:38:51Z,LHE,KHI,2026-08-07,1,ios,1
S1007605,SES01480,2026-06-19T21:16:32Z,DXB,LHE,2026-07-30,2,ios,48
S1002955,SES01722,2026-06-19T21:22:04Z,ISB,KHI,2026-07-08,3,android,19
S1005440,SES03052,2026-06-19T21:30:19Z,LHE,ISB,2026-10-14,1,android,45
S1003146,SES00764,2026-06-19T21:50:17Z,KHI,LHE,2026-06-28,1,mobile_web,28
S1000684,SES01303,2026-06-19T22:03:26Z,ISB,KHI,2026-07-04,3,desktop,28
S1001318,SES03166,2026-06-19T22:40:57Z,KHI,LHE,2026-10-16,1,android,38
S1004726,SES02717,2026-06-19T22:42:08Z,DXB,KHI,2026-08-03,1,mobile_web,43
S1004590,SES01213,2026-06-19T22:48:40Z,ISB,LHE,2026-07-13,1,mobile_web,43
S1006595,SES02329,2026-06-19T22:58:10Z,SHJ,KHI,2026-07-25,2,desktop,18
S1003257,SES00102,2026-06-19T23:20:15Z,ISB,KHI,2026-07-18,2,ios,18
S1001777,SES02090,2026-06-19T23:46:46Z,KHI,ISB,2026-07-09,1,ios,10
S1004366,SES02964,2026-06-19T23:50:55Z,ISB,SHJ,2026-09-17,1,android,7
S1003498,SES00549,2026-06-19T23:52:17Z,ISB,SHJ,2026-07-16,2,mobile_web,33
S1005885,SES02710,2026-06-20T00:03:30Z,ISB,SHJ,2026-10-07,1,desktop,23
S1002904,SES01898,2026-06-20T00:18:48Z,PEW,SHJ,2026-08-24,1,android,12
S1004395,SES01892,2026-06-20T00:20:32Z,KHI,PEW,2026-10-01,1,bot,4
S1001991,SES00904,2026-06-20T00:30:00Z,LHE,SHJ,2026-08-20,2,android,42
S1000632,SES02455,2026-06-20T00:54:51Z,LHE,ISB,2026-07-30,2,desktop,36
S1006096,SES02468,2026-06-20T00:55:57Z,ISB,SHJ,2026-08-03,1,desktop,22
S1000269,SES01802,2026-06-20T01:00:55Z,DXB,ISB,2026-08-03,1,desktop,8
S1002391,SES00392,2026-06-20T01:32:34Z,ISB,SHJ,2026-10-05,1,android,40
S1007368,SES02164,2026-06-20T01:52:47Z,ISB,SHJ,2026-07-26,1,desktop,10
S1005064,SES02705,2026-06-20T02:01:38Z,KHI,UET,2026-08-11,2,android,30
S1006161,SES01790,2026-06-20T02:02:44Z,KHI,ISB,2026-07-06,1,ios,11
S1003972,SES02493,2026-06-20T02:11:15Z,KHI,SHJ,2026-08-01,4,desktop,45
S1002074,SES00635,2026-06-20T02:24:11Z,KHI,SHJ,2026-08-01,4,android,23
S1000621,SES00316,2026-06-20T02:29:15Z,PEW,SHJ,2026-10-11,1,android,36
S1001450,SES02950,2026-06-20T02:45:32Z,LHE,ISB,2026-06-25,1,ios,27
S1000155,SES01338,2026-06-20T02:50:01Z,KHI,LHE,2026-07-02,2,ios,18
S1006359,SES02038,2026-06-20T02:50:20Z,DXB,LHE,2026-10-06,1,android,20
S1001917,SES01957,2026-06-20T02:59:15Z,LHE,ISB,2026-07-15,3,bot,13
S1003531,SES02296,2026-06-20T03:05:00Z,LHE,SHJ,2026-10-08,1,desktop,14
S1005942,SES03295,2026-06-20T03:16:04Z,LHE,KHI,2026-10-01,1,android,32
S1005294,SES02518,2026-06-20T03:18:13Z,LHE,JED,2026-07-23,1,android,26
S1004539,SES01561,2026-06-20T03:26:27Z,PEW,DXB,2026-09-10,2,desktop,21
S1003114,SES02896,2026-06-20T03:27:15Z,SHJ,LHE,2026-10-16,3,bot,31
S1005940,SES02090,2026-06-20T03:27:24Z,LHR,ISB,2026-06-29,1,mobile_web,34
S1002344,SES01629,2026-06-20T03:29:45Z,KHI,SKT,2026-08-08,1,android,2
S1000706,SES00539,2026-06-20T03:30:59Z,KHI,MUX,2026-10-03,3,android,13
S9734958,SES00066,2026-06-20T03:31:23Z,DXB,ISB,2026-06-27,1,desktop,28
S9285005,SES01288,2026-06-20T03:31:43Z,KHI,MUX,2026-08-05,1,android,36
S1000712,SES02831,2026-06-20T03:38:21Z,ISB,KHI,2026-08-11,1,android,44
S1001288,SES00617,2026-06-20T03:51:23Z,DXB,KHI,2026-10-07,1,android,41
S1006176,SES00312,2026-06-20T04:05:49Z,LHE,KHI,2026-09-16,1,ios,27
S1007455,SES00798,2026-06-20T04:09:03Z,SHJ,KHI,2026-09-19,1,mobile_web,7
S1004573,SES02122,2026-06-20T04:22:56Z,LHE,ISB,2026-07-14,1,ios,8
S1003798,SES00254,2026-06-20T04:29:54Z,LHE,KHI,2026-08-15,4,desktop,23
S1004012,SES03366,2026-06-20T04:38:24Z,ISB,SHJ,2026-08-27,1,desktop,28
S1000089,SES00352,2026-06-20T04:42:11Z,KHI,ISB,2026-07-14,3,desktop,39
S1004057,SES02463,2026-06-20T04:44:29Z,KHI,SKT,2026-09-04,1,android,27
S1003321,SES01447,2026-06-20T04:51:17Z,KHI,SKT,2026-07-27,3,android,39
S1005089,SES02480,2026-06-20T04:59:33Z,KHI,SHJ,2026-10-02,2,android,2
S1004852,SES02321,2026-06-20T05:21:03Z,KHI,DXB,2026-09-17,2,desktop,2
S1003713,SES03129,2026-06-20T05:26:15Z,KHI,SHJ,2026-09-17,1,ios,10
S1006546,SES00006,2026-06-20T05:40:51Z,KHI,ISB,2026-08-24,4,desktop,34
S1007746,SES02534,2026-06-20T05:56:44Z,KHI,ISB,2026-09-14,2,desktop,26
S1006554,SES00673,2026-06-20T05:56:45Z,KHI,JED,2026-07-01,1,mobile_web,13
S1003022,SES02699,2026-06-20T06:04:00Z,LHE,DXB,2026-09-29,2,android,11
S1000140,SES00704,2026-06-20T06:07:09Z,ISB,KHI,2026-10-17,1,ios,29
S1002334,SES00200,2026-06-20T06:17:24Z,KHI,LHE,2026-09-05,2,desktop,30
S1004811,SES03091,2026-06-20T06:23:06Z,LHE,SHJ,2026-08-02,3,android,16
S1006460,SES00213,2026-06-20T06:26:22Z,LHE,ISB,2026-09-04,1,desktop,0
S1002734,SES01233,2026-06-20T06:28:49Z,KHI,LHE,2026-09-08,1,android,8
S1004807,SES00015,2026-06-20T06:31:02Z,KHI,ISB,2026-10-07,4,ios,19
S1002631,SES01176,2026-06-20T06:34:24Z,LHE,ISB,2026-07-20,1,bot,28
S1004930,SES00853,2026-06-20T06:45:23Z,KHI,JED,2026-09-15,3,ios,16
S1001175,SES00222,2026-06-20T06:50:47Z,PEW,DXB,2026-09-26,3,ios,26
S1000074,SES00060,2026-06-20T06:51:17Z,LHE,SHJ,2026-09-07,3,android,38
S1004028,SES00433,2026-06-20T06:57:46Z,KHI,PEW,2026-07-28,1,ios,42
S1002200,SES01404,2026-06-20T07:06:15Z,KHI,SHJ,2026-08-23,3,android,6
S1002163,SES00842,2026-06-20T07:39:58Z,KHI,PEW,2026-09-17,2,android,14
S1001250,SES03064,2026-06-20T07:44:01Z,KHI,ISB,2026-09-15,1,desktop,29
S1002643,SES00901,2026-06-20T07:51:47Z,KHI,JED,2026-08-21,1,mobile_web,35
S1001458,SES01484,2026-06-20T07:56:14Z,LHE,KHI,2026-10-02,2,desktop,36
S1006051,SES01018,2026-06-20T07:58:37Z,KHI,ISB,2026-07-16,1,mobile_web,26
S1001372,SES00319,2026-06-20T07:59:00Z,KHI,LHE,2026-07-15,1,mobile_web,13
S1007356,SES00175,2026-06-20T08:12:33Z,LHE,ISB,2026-07-13,1,mobile_web,16
S1002098,SES01503,2026-06-20T08:12:50Z,KHI,LHE,2026-08-06,1,android,23
S1000550,SES02449,2026-06-20T08:24:57Z,LHE,SHJ,2026-09-11,1,desktop,47
S1007341,SES02458,2026-06-20T08:55:21Z,KHI,SHJ,2026-07-01,2,android,36
S1005156,SES00430,2026-06-20T09:37:02Z,KHI,SKT,2026-07-11,1,desktop,19
S1000489,SES00161,2026-06-20T09:39:54Z,KHI,DXB,2026-08-16,1,android,33
S1003159,SES01096,2026-06-20T09:41:31Z,SHJ,LHE,2026-08-05,1,mobile_web,28
S1007667,SES02720,2026-06-20T09:43:16Z,KHI,ISB,2026-08-08,3,mobile_web,45
S1000364,SES01262,2026-06-20T09:50:45Z,KHI,DXB,2026-10-12,2,android,22
S1001342,SES01105,2026-06-20T09:56:37Z,KHI,LHE,2026-09-23,3,android,7
S1004672,SES02395,2026-06-20T10:07:08Z,LHE,KHI,2026-08-27,1,android,3
S1003691,SES00021,2026-06-20T10:17:36Z,KHI,ISB,2026-10-18,1,ios,20
S1001385,SES00672,2026-06-20T10:20:09Z,LHR,ISB,2026-08-04,1,android,2
S9329625,SES02634,2026-06-20T10:22:10Z,KHI,ISB,2026-06-25,1,android,8
S1002956,SES00302,2026-06-20T10:23:04Z,ISB,KHI,2026-07-13,1,android,35
S1003796,SES01668,2026-06-20T10:25:36Z,ISB,KHI,2026-07-04,1,desktop,38
S1006527,SES01248,2026-06-20T10:33:52Z,SHJ,LHE,2026-09-21,1,bot,11
S1001731,SES00045,2026-06-20T10:36:34Z,KHI,ISB,2026-09-30,1,ios,46
S1006965,SES02001,2026-06-20T10:45:09Z,LHE,ISB,2026-08-20,1,desktop,37
S1004070,SES02184,2026-06-20T10:56:02Z,KHI,DXB,2026-07-09,3,desktop,22
S1007108,SES01834,2026-06-20T10:59:07Z,KHI,LHE,2026-07-01,2,android,29
S1003394,SES01885,2026-06-20T11:10:56Z,LHE,ISB,2026-08-28,2,desktop,17
S1007817,SES01086,2026-06-20T11:23:51Z,KHI,DXB,2026-08-09,2,ios,16
S1000220,SES02024,2026-06-20T11:26:04Z,ISB,DXB,2026-06-26,1,android,33
S9178745,SES00047,2026-06-20T11:37:38Z,KHI,SHJ,2026-07-06,1,desktop,37
S1005937,SES03084,2026-06-20T11:48:14Z,KHI,ISB,2026-08-15,1,mobile_web,36
S1002804,SES00775,2026-06-20T11:50:45Z,KHI,ISB,2026-08-06,2,mobile_web,10
S1005007,SES03077,2026-06-20T12:00:01Z,ISB,KHI,2026-06-22,1,android,2
S1004582,SES03221,2026-06-20T12:02:27Z,LHE,ISB,2026-09-05,1,android,5
S1001758,SES02324,2026-06-20T12:05:49Z,KHI,ISB,2026-08-11,1,desktop,28
S1007224,SES00887,2026-06-20T12:09:32Z,LHR,ISB,2026-07-02,1,android,44
S1001513,SES01356,2026-06-20T12:14:02Z,KHI,LHE,2026-07-22,1,android,45
S1005187,SES01853,2026-06-20T12:29:48Z,PEW,SHJ,2026-08-29,3,desktop,35
S1007508,SES01112,2026-06-20T12:32:26Z,KHI,DXB,2026-08-09,2,mobile_web,35
S1003719,SES02908,2026-06-20T12:33:06Z,ISB,KHI,2026-10-07,1,ios,38
S1000247,SES00530,2026-06-20T12:48:16Z,ISB,LHE,2026-06-21,1,bot,24
S1002285,SES02824,2026-06-20T12:48:34Z,ISB,KHI,2026-08-05,1,android,36
S1001957,SES00374,2026-06-20T13:10:47Z,ISB,SHJ,2026-08-18,1,desktop,25
S1000579,SES02427,2026-06-20T13:12:29Z,LHE,ISB,2026-09-17,4,ios,40
S1002713,SES02492,2026-06-20T13:49:18Z,SHJ,LHE,2026-07-10,1,android,36
S1006070,SES03308,2026-06-20T13:58:20Z,LHE,JED,2026-08-02,1,desktop,7
S1003604,SES00044,2026-06-20T14:05:35Z,KHI,DXB,2026-08-31,1,desktop,19
S1007982,SES02183,2026-06-20T14:08:26Z,LHE,ISB,2026-08-26,4,android,44
S1000446,SES01392,2026-06-20T14:11:14Z,ISB,SHJ,2026-09-17,3,mobile_web,21
S1005524,SES01197,2026-06-20T14:16:18Z,LHE,SHJ,2026-08-29,1,ios,10
S1007867,SES01735,2026-06-20T14:38:56Z,ISB,SHJ,2026-10-05,1,android,24
S1006417,SES02807,2026-06-20T14:51:20Z,KHI,DXB,2026-07-08,1,android,29
S1000432,SES02609,2026-06-20T15:13:33Z,ISB,LHE,2026-07-15,2,mobile_web,6
S1001471,SES00578,2026-06-20T15:34:34Z,KHI,LHE,2026-09-06,3,mobile_web,43
S1000470,SES01485,2026-06-20T15:45:34Z,KHI,LHE,2026-07-26,2,android,17
S1000494,SES03245,2026-06-20T16:05:13Z,ISB,SHJ,2026-06-30,1,android,12
S1003480,SES02338,2026-06-20T16:19:12Z,ISB,KHI,2026-09-04,1,desktop,34
S1000092,SES02389,2026-06-20T16:25:38Z,KHI,LHE,2026-07-04,1,desktop,37
S1007980,SES02133,2026-06-20T16:29:38Z,PEW,DXB,2026-10-01,1,android,30
S1002037,SES02057,2026-06-20T16:29:48Z,LHE,KHI,2026-06-22,2,android,27
S1007321,SES01287,2026-06-20T16:30:58Z,KHI,DXB,2026-09-19,3,desktop,33
S1001501,SES00033,2026-06-20T16:58:03Z,ISB,DXB,2026-09-01,3,android,21
S1002618,SES01796,2026-06-20T17:12:59Z,KHI,LHE,2026-07-11,1,desktop,23
S1006539,SES02126,2026-06-20T17:20:43Z,KHI,ISB,2026-08-15,2,android,35
S1003130,SES02723,2026-06-20T17:29:07Z,KHI,SKT,2026-08-05,1,mobile_web,14
S1003445,SES01147,2026-06-20T17:41:00Z,LHE,ISB,2026-08-07,1,mobile_web,47
S1002637,SES02762,2026-06-20T17:59:05Z,LHE,JED,2026-07-01,1,desktop,42
S1002996,SES00645,2026-06-20T18:03:38Z,KHI,ISB,2026-07-20,4,desktop,10
S1001469,SES03248,2026-06-20T18:09:52Z,LHE,ISB,2026-09-21,2,ios,3
S1005001,SES03358,2026-06-20T18:11:44Z,LHE,KHI,2026-08-25,4,android,46
S1000442,SES00151,2026-06-20T18:14:00Z,KHI,SKT,2026-09-08,1,android,13
S1006011,SES02966,2026-06-20T18:19:56Z,KHI,ISB,2026-08-05,2,desktop,42
S1003834,SES01530,2026-06-20T18:22:17Z,LHE,DXB,2026-08-08,2,ios,8
S1006305,SES00714,2026-06-20T18:28:08Z,ISB,SHJ,2026-08-25,3,desktop,47
S1007403,SES01834,2026-06-20T18:33:48Z,LHE,KHI,2026-10-02,1,android,22
S1002611,SES02137,2026-06-20T18:49:27Z,KHI,ISB,2026-08-24,3,desktop,8
S1003844,SES01523,2026-06-20T18:53:18Z,ISB,KHI,2026-09-20,2,android,24
S1007504,SES02737,2026-06-20T18:55:42Z,LHE,DXB,2026-07-16,2,android,38
S1007232,SES00628,2026-06-20T18:56:03Z,LHE,ISB,2026-07-03,3,mobile_web,7
S1002664,SES00182,2026-06-20T19:02:41Z,LHE,DXB,2026-10-05,2,desktop,40
S1007168,SES02203,2026-06-20T19:15:04Z,SHJ,KHI,2026-07-23,1,android,0
S1002949,SES00095,2026-06-20T19:35:50Z,KHI,DXB,2026-09-26,1,mobile_web,0
S1004504,SES00317,2026-06-20T20:21:11Z,LHE,KHI,2026-08-07,1,desktop,25
S1003241,SES02883,2026-06-20T20:21:12Z,DXB,KHI,2026-07-30,2,desktop,43
S9256839,SES02230,2026-06-20T20:21:48Z,PEW,SHJ,2026-07-06,1,desktop,22
S1000890,SES01034,2026-06-20T20:29:14Z,LHE,KHI,2026-09-06,1,ios,9
S1003312,SES02497,2026-06-20T20:32:32Z,KHI,ISB,2026-08-04,1,android,3
S1006493,SES00900,2026-06-20T20:36:58Z,ISB,SHJ,2026-07-27,1,android,4
S1004025,SES02110,2026-06-20T20:40:39Z,KHI,LHE,2026-07-28,1,android,10
S1007840,SES00278,2026-06-20T20:53:20Z,KHI,SHJ,2026-07-09,1,desktop,42
S1007387,SES02318,2026-06-20T20:58:27Z,ISB,SHJ,2026-08-29,1,ios,26
S1004802,SES00146,2026-06-20T21:02:02Z,KHI,DXB,2026-09-06,1,android,38
S1005863,SES02674,2026-06-20T21:09:46Z,KHI,ISB,2026-08-02,1,mobile_web,0
S1005883,SES01105,2026-06-20T21:56:18Z,KHI,SHJ,2026-07-23,2,android,38
S1004419,SES03393,2026-06-20T22:16:00Z,ISB,SHJ,2026-09-17,2,android,25
S1003144,SES02575,2026-06-20T22:45:04Z,LHE,DXB,2026-09-17,1,android,32
S1003341,SES01663,2026-06-20T23:02:28Z,LHE,JED,2026-08-30,4,desktop,26
S1004465,SES02303,2026-06-20T23:07:23Z,DXB,ISB,2026-09-05,1,desktop,15
S1000410,SES02950,2026-06-20T23:21:04Z,ISB,SHJ,2026-06-30,2,ios,6
S1007638,SES01644,2026-06-20T23:21:35Z,PEW,DXB,2026-07-14,2,android,30
S1006036,SES01208,2026-06-20T23:22:57Z,KHI,JED,2026-08-25,2,android,9
S1007684,SES03002,2026-06-20T23:41:12Z,KHI,DXB,2026-07-23,1,android,14
S1006443,SES01145,2026-06-20T23:45:35Z,KHI,MUX,2026-08-23,1,ios,39
S1001761,SES01739,2026-06-20T23:46:30Z,DXB,KHI,2026-07-20,1,mobile_web,25
S1003186,SES03348,2026-06-20T23:47:03Z,LHE,ISB,2026-08-25,1,android,42
S1000984,SES00635,2026-06-20T23:48:25Z,ISB,DXB,2026-09-28,1,desktop,31
S1000206,SES00230,2026-06-20T23:52:25Z,LHE,ISB,2026-07-24,3,desktop,7
S1004454,SES02497,2026-06-20T23:53:33Z,KHI,JED,2026-06-22,1,android,48
S1007893,SES00398,2026-06-21T00:01:35Z,LHE,KHI,2026-08-09,1,android,6
S1005902,SES01588,2026-06-21T00:15:34Z,ISB,KHI,2026-07-05,2,ios,33
S1004087,SES02608,2026-06-21T00:25:22Z,LHR,ISB,2026-09-25,2,ios,32
S1003260,SES00704,2026-06-21T00:32:49Z,DXB,LHE,2026-08-19,1,desktop,40
S1005394,SES00192,2026-06-21T01:09:57Z,KHI,ISB,2026-10-05,1,desktop,19
S1002475,SES00706,2026-06-21T01:14:42Z,KHI,MUX,2026-09-22,1,ios,20
S1005639,SES01687,2026-06-21T01:21:10Z,ISB,PEW,2026-08-22,4,mobile_web,6
S1000743,SES03225,2026-06-21T01:21:34Z,DXB,LHE,2026-10-02,1,ios,6
S1006205,SES02227,2026-06-21T01:27:16Z,ISB,SHJ,2026-10-01,1,ios,9
S1005002,SES03214,2026-06-21T01:53:37Z,DXB,LHE,2026-09-14,4,bot,26
S1006133,SES02086,2026-06-21T02:04:34Z,KHI,ISB,2026-08-19,1,android,14
S1005848,SES00261,2026-06-21T02:10:02Z,ISB,LHE,2026-07-15,1,ios,41
S1003547,SES02706,2026-06-21T02:10:15Z,LHE,KHI,2026-08-11,2,android,17
S1006969,SES01679,2026-06-21T02:19:36Z,ISB,KHI,2026-10-16,1,ios,39
S1002465,SES01119,2026-06-21T02:23:21Z,KHI,ISB,2026-07-05,3,android,30
S1003951,SES01656,2026-06-21T02:35:13Z,LHE,DXB,2026-08-06,1,android,42
S9891200,SES02739,2026-06-21T02:42:37Z,KHI,SHJ,2026-07-05,1,android,34
S1003773,SES03261,2026-06-21T02:52:46Z,LHE,DXB,2026-07-16,1,desktop,32
S1000298,SES01486,2026-06-21T03:16:18Z,KHI,JED,2026-07-29,2,mobile_web,5
S1000141,SES00966,2026-06-21T03:21:21Z,ISB,LHE,2026-09-10,1,mobile_web,42
S1006134,SES03348,2026-06-21T03:31:03Z,KHI,LHE,2026-08-26,1,ios,33
S1001559,SES02456,2026-06-21T03:50:51Z,LHE,JED,2026-08-17,3,mobile_web,7
S1007503,SES02600,2026-06-21T04:09:19Z,KHI,ISB,2026-10-11,1,android,13
S1003002,SES00341,2026-06-21T04:10:48Z,LHE,DXB,2026-06-29,1,android,12
S1003611,SES02355,2026-06-21T04:21:31Z,SHJ,KHI,2026-10-14,2,mobile_web,18
S1002028,SES01437,2026-06-21T04:48:32Z,ISB,KHI,2026-08-13,1,mobile_web,42
S1007686,SES01137,2026-06-21T04:56:32Z,ISB,SHJ,2026-07-13,2,ios,30
S1000085,SES01875,2026-06-21T05:06:03Z,ISB,LHR,2026-10-08,2,bot,39
S1007730,SES00179,2026-06-21T05:08:48Z,KHI,ISB,2026-06-30,1,android,23
S1004013,SES00409,2026-06-21T05:10:54Z,ISB,KHI,2026-09-25,1,android,12
S1007639,SES00141,2026-06-21T05:16:15Z,LHE,DXB,2026-07-04,2,android,29
S1001718,SES02604,2026-06-21T05:16:30Z,KHI,ISB,2026-08-26,1,desktop,6
S1004659,SES00135,2026-06-21T05:31:09Z,ISB,SHJ,2026-06-29,1,ios,31
S1007654,SES01254,2026-06-21T05:59:41Z,ISB,KHI,2026-09-05,1,android,23
S1004135,SES02993,2026-06-21T06:11:44Z,KHI,SHJ,2026-08-29,3,android,25
S1005090,SES02891,2026-06-21T06:11:56Z,KHI,SKT,2026-07-09,1,mobile_web,20
S1005428,SES00488,2026-06-21T06:59:07Z,LHE,SHJ,2026-07-11,1,mobile_web,23
S1005722,SES00811,2026-06-21T07:07:35Z,ISB,LHE,2026-08-16,1,android,41
S1000020,SES02091,2026-06-21T07:27:12Z,LHE,DXB,2026-08-28,1,android,33
S9790517,SES01207,2026-06-21T07:38:05Z,KHI,LHE,2026-06-30,1,desktop,28
S1000286,SES01440,2026-06-21T07:41:13Z,KHI,ISB,2026-08-17,1,desktop,27
S1007894,SES00312,2026-06-21T07:45:31Z,LHE,KHI,2026-08-04,2,ios,17
S1007032,SES01200,2026-06-21T08:01:27Z,LHE,ISB,2026-10-14,1,desktop,11
S1007417,SES01315,2026-06-21T08:26:38Z,KHI,LHE,2026-10-04,2,desktop,31
S1005130,SES01750,2026-06-21T08:27:20Z,LHE,ISB,2026-09-09,1,bot,9
S1002557,SES00811,2026-06-21T08:44:28Z,DXB,KHI,2026-09-27,1,android,5
S1000057,SES02748,2026-06-21T09:02:00Z,ISB,PEW,2026-10-19,2,desktop,3
S1006405,SES01598,2026-06-21T09:19:22Z,KHI,SHJ,2026-09-29,1,android,6
S1002085,SES01623,2026-06-21T09:46:44Z,LHE,ISB,2026-06-23,2,android,34
S9916844,SES02000,2026-06-21T09:47:14Z,KHI,DXB,2026-07-08,1,android,17
S1004065,SES00592,2026-06-21T10:01:16Z,DXB,LHE,2026-07-25,1,android,40
S1006574,SES01815,2026-06-21T10:01:28Z,LHE,ISB,2026-10-13,2,ios,14
S1002225,SES01620,2026-06-21T10:08:23Z,LHE,DXB,2026-07-10,1,mobile_web,45
S1000709,SES00981,2026-06-21T10:10:52Z,KHI,LHE,2026-08-27,1,desktop,45
S1005287,SES02169,2026-06-21T10:14:23Z,ISB,LHR,2026-09-04,2,android,27
S1000408,SES03316,2026-06-21T10:24:21Z,ISB,PEW,2026-08-21,1,mobile_web,27
S1002295,SES00978,2026-06-21T10:25:12Z,DXB,KHI,2026-08-06,2,ios,45
S1002816,SES03044,2026-06-21T10:30:28Z,KHI,ISB,2026-06-30,2,android,2
S1003595,SES00084,2026-06-21T10:32:17Z,KHI,JED,2026-08-24,2,android,8
S1005279,SES02000,2026-06-21T10:50:35Z,LHE,ISB,2026-08-07,1,ios,21
S1006503,SES01003,2026-06-21T11:11:07Z,LHE,SHJ,2026-09-09,2,ios,47
S1002007,SES02919,2026-06-21T11:11:49Z,KHI,DXB,2026-07-23,1,bot,32
S1006826,SES02109,2026-06-21T11:12:59Z,KHI,SHJ,2026-09-01,2,android,1
S1004909,SES03147,2026-06-21T11:16:16Z,LHE,ISB,2026-07-13,2,android,0
S1003914,SES00206,2026-06-21T12:34:04Z,LHE,JED,2026-08-04,1,ios,9
S1004383,SES01626,2026-06-21T12:39:37Z,KHI,ISB,2026-07-19,2,mobile_web,0
S9621793,SES00690,2026-06-21T13:18:10Z,KHI,DXB,2026-08-10,1,android,18
S1005731,SES01984,2026-06-21T13:33:20Z,KHI,SKT,2026-10-08,2,ios,38
S1002128,SES00634,2026-06-21T13:35:52Z,SHJ,KHI,2026-10-04,1,android,45
S1005872,SES00517,2026-06-21T14:09:17Z,LHE,ISB,2026-07-16,1,bot,26
S1002813,SES02293,2026-06-21T14:15:46Z,KHI,DXB,2026-07-12,4,desktop,26
S1003791,SES02308,2026-06-21T14:21:06Z,LHE,SHJ,2026-08-22,1,android,20
S1003318,SES00588,2026-06-21T14:24:24Z,ISB,KHI,2026-07-25,3,mobile_web,35
S1000753,SES01966,2026-06-21T14:29:22Z,LHE,SHJ,2026-09-30,3,android,6
S1002118,SES01747,2026-06-21T14:30:39Z,DXB,LHE,2026-06-22,2,mobile_web,20
S1001269,SES00182,2026-06-21T14:51:36Z,KHI,ISB,2026-10-06,3,ios,37
S1004507,SES00894,2026-06-21T14:54:09Z,ISB,SHJ,2026-07-12,1,ios,0
S1007554,SES02379,2026-06-21T14:57:10Z,ISB,DXB,2026-08-07,3,android,8
S1006800,SES02802,2026-06-21T15:08:58Z,LHE,JED,2026-09-22,1,android,22
S9461363,SES02637,2026-06-21T15:29:37Z,ISB,SHJ,2026-08-05,6,android,39
S1003976,SES01208,2026-06-21T15:31:48Z,PEW,SHJ,2026-09-25,1,android,24
S1004988,SES01424,2026-06-21T15:33:30Z,ISB,SHJ,2026-08-05,1,android,14
S1003863,SES01172,2026-06-21T15:40:15Z,ISB,LHE,2026-10-16,2,desktop,9
S1004100,SES00814,2026-06-21T15:44:16Z,KHI,SHJ,2026-09-03,3,desktop,34
S1000560,SES02593,2026-06-21T15:49:09Z,PEW,SHJ,2026-10-03,4,desktop,42
S1002076,SES03295,2026-06-21T16:05:35Z,ISB,LHE,2026-09-17,1,android,8
S1003393,SES01507,2026-06-21T16:09:14Z,PEW,DXB,2026-07-14,1,android,48
S1005807,SES00189,2026-06-21T16:21:09Z,PEW,DXB,2026-08-07,2,android,35
S1000260,SES03378,2026-06-21T16:22:56Z,KHI,LHE,2026-09-17,1,desktop,22
S9626932,SES01306,2026-06-21T16:31:06Z,KHI,LHE,2026-07-07,1,desktop,28
S1000313,SES03262,2026-06-21T16:51:33Z,PEW,DXB,2026-09-19,2,android,16
S1007927,SES00724,2026-06-21T16:58:27Z,KHI,SHJ,2026-10-01,1,mobile_web,0
S1000236,SES01334,2026-06-21T17:01:53Z,LHE,JED,2026-08-13,2,android,26
S1007806,SES01155,2026-06-21T17:06:52Z,ISB,KHI,2026-10-07,2,mobile_web,39
S1003447,SES03305,2026-06-21T17:07:00Z,ISB,KHI,2026-09-28,1,android,13
S1001396,SES00914,2026-06-21T17:11:58Z,ISB,DXB,2026-10-06,1,android,31
S9507917,SES00364,2026-06-21T17:15:50Z,PEW,DXB,2026-10-10,1,desktop,25
S1002287,SES02850,2026-06-21T17:56:42Z,KHI,DXB,2026-08-06,4,mobile_web,4
S1007926,SES02802,2026-06-21T18:01:26Z,PEW,SHJ,2026-07-09,1,android,1
S1001789,SES02966,2026-06-21T18:01:34Z,KHI,LHE,2026-10-06,1,android,34
S1006021,SES03110,2026-06-21T18:05:53Z,KHI,LHE,2026-07-16,1,ios,1
S1007409,SES00631,2026-06-21T18:05:56Z,KHI,DXB,2026-08-22,1,android,44
S1000836,SES02961,2026-06-21T18:14:25Z,LHE,JED,2026-10-07,2,android,20
S1005185,SES00263,2026-06-21T18:15:55Z,LHE,DXB,2026-09-02,1,android,7
S1001983,SES03061,2026-06-21T18:36:01Z,ISB,DXB,2026-06-27,1,android,2
S1002604,SES02806,2026-06-21T18:42:20Z,ISB,KHI,2026-08-18,1,android,16
S1002928,SES00556,2026-06-21T18:43:27Z,KHI,ISB,2026-10-10,2,mobile_web,30
S1004061,SES01520,2026-06-21T19:01:23Z,KHI,DXB,2026-10-16,1,mobile_web,24
S1002207,SES01579,2026-06-21T19:15:30Z,KHI,LHE,2026-09-09,3,mobile_web,17
S1005834,SES00586,2026-06-21T19:16:06Z,LHE,SHJ,2026-08-15,1,mobile_web,35
S1005886,SES02995,2026-06-21T19:22:34Z,LHE,SHJ,2026-07-17,2,ios,28
S1007268,SES01818,2026-06-21T19:38:13Z,LHE,KHI,2026-10-17,2,ios,24
S9894052,SES00237,2026-06-21T19:41:11Z,LHE,SHJ,2026-07-12,1,desktop,29
S1003228,SES01280,2026-06-21T20:01:38Z,LHE,JED,2026-07-12,4,ios,29
S1001467,SES03001,2026-06-21T20:06:16Z,KHI,SKT,2026-10-09,1,android,40
S1005611,SES01844,2026-06-21T20:39:57Z,KHI,LHE,2026-07-25,1,mobile_web,44
S1004173,SES02772,2026-06-21T20:47:59Z,KHI,MUX,2026-09-28,3,android,39
S1005760,SES00450,2026-06-21T21:16:42Z,KHI,ISB,2026-10-10,1,android,32
S1006708,SES01933,2026-06-21T21:25:29Z,LHE,DXB,2026-07-09,1,bot,7
S1007751,SES02516,2026-06-21T21:42:10Z,KHI,ISB,2026-08-15,1,ios,1
S1004982,SES00291,2026-06-21T21:43:50Z,KHI,ISB,2026-08-19,1,mobile_web,4
S1005087,SES02131,2026-06-21T22:16:57Z,DXB,ISB,2026-07-15,2,mobile_web,7
S1004510,SES00685,2026-06-21T22:21:19Z,LHE,KHI,2026-07-17,1,mobile_web,4
S1001370,SES01406,2026-06-21T22:30:19Z,KHI,LHE,2026-08-17,2,mobile_web,45
S1006056,SES01507,2026-06-21T22:30:57Z,KHI,DXB,2026-10-18,1,desktop,28
S1004633,SES00561,2026-06-21T22:56:21Z,KHI,UET,2026-08-20,1,ios,18
S9548336,SES03357,2026-06-21T22:59:32Z,DXB,KHI,2026-06-26,1,desktop,24
S1002136,SES02180,2026-06-21T23:03:05Z,PEW,SHJ,2026-09-21,1,desktop,1
S1003145,SES02785,2026-06-21T23:04:20Z,KHI,LHE,2026-07-31,1,android,1
S1006636,SES00097,2026-06-21T23:13:11Z,DXB,LHE,2026-10-06,1,android,36
S1006727,SES01643,2026-06-21T23:39:46Z,PEW,SHJ,2026-10-05,2,android,11
S1001151,SES02244,2026-06-22T00:06:44Z,KHI,ISB,2026-08-27,1,android,12
S1007225,SES00480,2026-06-22T00:33:32Z,KHI,ISB,2026-07-24,4,android,47
S1003875,SES00482,2026-06-22T00:33:58Z,ISB,KHI,2026-07-11,4,ios,30
S1004424,SES01024,2026-06-22T00:39:34Z,ISB,KHI,2026-08-11,1,android,19
S1000022,SES02095,2026-06-22T00:57:37Z,PEW,DXB,2026-07-15,1,ios,26
S1003874,SES01773,2026-06-22T01:02:13Z,ISB,PEW,2026-07-21,1,mobile_web,9
S1005970,SES02631,2026-06-22T01:18:51Z,KHI,DXB,2026-07-12,1,ios,24
S1000497,SES01787,2026-06-22T01:42:31Z,KHI,DXB,2026-08-04,2,android,7
S1002132,SES01249,2026-06-22T01:50:34Z,KHI,ISB,2026-08-20,1,android,18
S1002766,SES01615,2026-06-22T01:54:25Z,ISB,KHI,2026-09-12,4,android,21
S1002265,SES01359,2026-06-22T01:56:45Z,LHE,DXB,2026-07-31,1,android,2
S1003741,SES01627,2026-06-22T01:56:55Z,LHR,ISB,2026-08-26,2,ios,18
S1000436,SES02176,2026-06-22T02:07:59Z,LHE,SHJ,2026-06-26,2,bot,41
S9649214,SES00007,2026-06-22T02:21:17Z,LHE,ISB,2026-06-29,1,android,23
S1001351,SES00350,2026-06-22T02:30:28Z,KHI,PEW,2026-09-23,2,ios,29
S1003435,SES02824,2026-06-22T03:04:10Z,LHE,SHJ,2026-10-19,1,android,33
S1002004,SES00243,2026-06-22T03:17:14Z,ISB,LHE,2026-08-25,1,android,9
S9350103,SES03286,2026-06-22T03:18:10Z,KHI,LHE,2026-08-06,1,android,20
S1003215,SES00502,2026-06-22T03:20:32Z,SHJ,LHE,2026-08-15,1,android,44
S1003207,SES02728,2026-06-22T03:46:23Z,KHI,DXB,2026-07-16,1,mobile_web,1
S1007914,SES01142,2026-06-22T04:15:54Z,PEW,DXB,2026-08-08,1,desktop,35
S1001295,SES01892,2026-06-22T04:16:07Z,ISB,LHR,2026-06-26,1,android,22
S1000602,SES01201,2026-06-22T04:21:25Z,ISB,KHI,2026-07-26,1,ios,22
S1004476,SES01864,2026-06-22T04:26:35Z,KHI,SHJ,2026-07-04,1,desktop,12
S1007880,SES01902,2026-06-22T04:29:23Z,LHR,ISB,2026-07-04,1,desktop,10
S1003598,SES02052,2026-06-22T04:33:38Z,ISB,LHE,2026-09-27,1,ios,40
S9991338,SES00745,2026-06-22T04:39:29Z,KHI,DXB,2026-07-06,2,desktop,36
S1001420,SES02960,2026-06-22T04:56:15Z,KHI,LHE,2026-07-14,3,desktop,19
S1000978,SES01708,2026-06-22T05:04:23Z,KHI,ISB,2026-08-09,1,desktop,43
S9258664,SES02081,2026-06-22T05:05:38Z,ISB,SHJ,2026-06-29,2,desktop,36
S1006345,SES00999,2026-06-22T05:16:06Z,KHI,ISB,2026-08-25,1,desktop,17
S1006684,SES02211,2026-06-22T06:01:24Z,ISB,KHI,2026-07-26,1,ios,33
S1006885,SES00311,2026-06-22T06:05:19Z,ISB,LHE,2026-08-25,1,android,33
S1004204,SES00571,2026-06-22T06:08:29Z,ISB,DXB,2026-07-18,3,ios,22
S1003059,SES02304,2026-06-22T06:12:00Z,PEW,SHJ,2026-09-17,1,desktop,38
S1005993,SES00511,2026-06-22T06:12:30Z,KHI,MUX,2026-07-02,1,ios,19
S1007842,SES01218,2026-06-22T06:14:11Z,LHR,ISB,2026-07-12,1,android,18
S1000558,SES00278,2026-06-22T06:47:28Z,DXB,ISB,2026-08-28,1,android,10
S1002711,SES02973,2026-06-22T06:53:09Z,KHI,LHE,2026-07-17,2,ios,24
S1005302,SES01042,2026-06-22T06:57:17Z,KHI,DXB,2026-08-29,1,android,17
S1003335,SES02807,2026-06-22T06:59:57Z,PEW,SHJ,2026-08-01,2,mobile_web,47
S1003427,SES00330,2026-06-22T07:41:15Z,PEW,SHJ,2026-06-29,2,ios,48
S1006689,SES01662,2026-06-22T08:12:31Z,LHE,DXB,2026-09-30,1,mobile_web,2
S1005561,SES02055,2026-06-22T08:16:46Z,KHI,ISB,2026-09-18,1,desktop,0
S1001137,SES01185,2026-06-22T08:23:27Z,LHE,ISB,2026-07-17,1,desktop,14
S1006285,SES00161,2026-06-22T08:57:59Z,KHI,ISB,2026-08-03,1,desktop,33
S1003119,SES01133,2026-06-22T09:04:36Z,KHI,ISB,2026-07-24,4,ios,22
S1001656,SES00821,2026-06-22T09:14:34Z,KHI,SKT,2026-08-22,4,mobile_web,25
S1004489,SES02749,2026-06-22T09:14:49Z,SHJ,KHI,2026-10-17,1,mobile_web,47
S1003613,SES01419,2026-06-22T09:15:27Z,LHE,SHJ,2026-10-11,1,mobile_web,34
S1002046,SES02966,2026-06-22T09:27:56Z,ISB,KHI,2026-07-13,2,android,1
S1004512,SES02434,2026-06-22T09:41:51Z,KHI,ISB,2026-09-19,4,android,8
S1006451,SES01820,2026-06-22T09:57:54Z,LHE,KHI,2026-08-26,1,mobile_web,32
S1006505,SES02204,2026-06-22T10:07:15Z,ISB,DXB,2026-08-22,1,android,1
S1006873,SES03177,2026-06-22T10:23:36Z,KHI,PEW,2026-10-10,1,android,5
S1001953,SES01599,2026-06-22T10:39:40Z,ISB,KHI,2026-09-14,1,android,18
S1007385,SES01083,2026-06-22T11:25:35Z,KHI,SKT,2026-07-26,2,desktop,11
S1004757,SES00611,2026-06-22T11:26:35Z,LHE,KHI,2026-06-23,1,android,20
S1002489,SES03266,2026-06-22T11:52:07Z,LHE,KHI,2026-09-27,1,android,24
S1004444,SES00512,2026-06-22T11:53:06Z,LHE,DXB,2026-08-06,4,android,11
S1005280,SES02444,2026-06-22T11:58:42Z,ISB,DXB,2026-08-29,1,desktop,28
S1007111,SES01211,2026-06-22T12:06:49Z,KHI,DXB,2026-08-09,4,android,7
S1006765,SES01321,2026-06-22T12:14:16Z,SHJ,KHI,2026-09-01,1,desktop,11
S1000013,SES03198,2026-06-22T12:27:16Z,KHI,SHJ,2026-10-08,1,desktop,43
S1001302,SES00501,2026-06-22T12:36:51Z,DXB,LHE,2026-08-11,4,desktop,10
S1002803,SES01156,2026-06-22T12:54:43Z,ISB,SHJ,2026-08-06,1,android,44
S1003179,SES00369,2026-06-22T12:58:27Z,LHE,ISB,2026-10-10,1,ios,27
S1007475,SES02837,2026-06-22T13:02:06Z,KHI,MUX,2026-07-26,1,desktop,6
S9340999,SES00906,2026-06-22T13:02:50Z,KHI,SKT,2026-10-16,1,android,11
S1006544,SES02405,2026-06-22T13:07:16Z,ISB,LHE,2026-07-11,3,android,37
S1002045,SES00176,2026-06-22T13:30:09Z,LHE,DXB,2026-07-03,2,ios,9
S1002056,SES01045,2026-06-22T13:49:48Z,DXB,LHE,2026-10-02,2,ios,42
S1003946,SES03227,2026-06-22T14:12:37Z,KHI,DXB,2026-09-09,1,android,31
S1001055,SES02010,2026-06-22T14:14:50Z,LHE,KHI,2026-06-25,1,desktop,7
S1001191,SES01710,2026-06-22T14:33:32Z,LHE,JED,2026-10-07,3,android,11
S1005340,SES02408,2026-06-22T14:40:18Z,KHI,SHJ,2026-08-01,3,mobile_web,0
S1006050,SES01303,2026-06-22T14:42:50Z,LHE,JED,2026-08-09,2,android,6
S1000713,SES01493,2026-06-22T15:11:04Z,LHE,DXB,2026-09-10,3,mobile_web,44
S1003936,SES03175,2026-06-22T15:16:18Z,KHI,ISB,2026-08-09,2,mobile_web,37
S1001343,SES02362,2026-06-22T15:53:50Z,KHI,DXB,2026-06-25,4,desktop,13
S1002756,SES01473,2026-06-22T15:55:35Z,ISB,DXB,2026-08-16,1,android,12
S9575289,SES02226,2026-06-22T16:03:48Z,SHJ,KHI,2026-08-12,2,desktop,33
S1006139,SES00948,2026-06-22T16:16:31Z,ISB,PEW,2026-06-29,1,desktop,41
S1003825,SES01619,2026-06-22T16:16:45Z,PEW,DXB,2026-06-26,1,android,6
S1001470,SES02504,2026-06-22T16:31:11Z,KHI,LHE,2026-07-06,2,android,16
S1006804,SES02644,2026-06-22T16:42:11Z,LHE,ISB,2026-08-09,1,desktop,3
S1002154,SES01476,2026-06-22T16:51:15Z,KHI,SHJ,2026-07-19,1,desktop,16
S9519557,SES02301,2026-06-22T16:52:23Z,KHI,DXB,2026-07-10,2,desktop,21
S1006074,SES01477,2026-06-22T17:01:41Z,LHE,KHI,2026-08-24,1,desktop,24
S1004962,SES02188,2026-06-22T17:12:18Z,LHE,KHI,2026-09-03,1,android,26
S1006737,SES01798,2026-06-22T17:29:14Z,ISB,SHJ,2026-07-06,2,android,26
S1002245,SES00344,2026-06-22T17:47:03Z,KHI,JED,2026-06-28,1,desktop,38
S1004151,SES00932,2026-06-22T17:51:38Z,LHE,DXB,2026-10-17,1,android,44
S1000809,SES01816,2026-06-22T18:10:51Z,KHI,ISB,2026-07-12,4,android,18
S1000786,SES01861,2026-06-22T18:19:58Z,ISB,LHE,2026-10-10,1,android,36
S1001736,SES02439,2026-06-22T18:42:00Z,SHJ,LHE,2026-08-18,1,android,5
S1004406,SES02220,2026-06-22T18:51:23Z,KHI,ISB,2026-09-30,1,desktop,14
S1007143,SES01542,2026-06-22T18:57:05Z,KHI,MUX,2026-09-30,1,ios,17
S1007945,SES01974,2026-06-22T18:57:16Z,LHE,ISB,2026-06-27,3,desktop,9
S1004721,SES00719,2026-06-22T18:58:02Z,ISB,KHI,2026-08-28,2,mobile_web,5
S1004245,SES01490,2026-06-22T19:08:00Z,KHI,LHE,2026-10-18,1,desktop,37
S1001528,SES02002,2026-06-22T19:22:31Z,PEW,SHJ,2026-07-17,1,desktop,33
S1000311,SES00180,2026-06-22T19:44:50Z,LHE,DXB,2026-09-23,1,desktop,47
S1005078,SES02403,2026-06-22T19:49:57Z,KHI,JED,2026-10-07,1,mobile_web,31
S1003639,SES02127,2026-06-22T19:54:09Z,PEW,DXB,2026-07-26,3,android,37
S1002529,SES02830,2026-06-22T19:55:46Z,KHI,ISB,2026-08-03,2,android,16
S1001697,SES02642,2026-06-22T20:00:13Z,LHE,DXB,2026-09-20,1,android,24
S1003932,SES01362,2026-06-22T20:20:37Z,LHE,DXB,2026-09-20,4,ios,4
S1005491,SES01125,2026-06-22T20:28:08Z,KHI,PEW,2026-07-14,1,desktop,27
S1004427,SES03184,2026-06-22T20:29:35Z,KHI,JED,2026-07-25,1,android,23
S1004031,SES00393,2026-06-22T20:47:13Z,ISB,PEW,2026-10-01,3,mobile_web,24
S1007917,SES01812,2026-06-22T21:09:34Z,ISB,PEW,2026-08-03,1,android,12
S1000646,SES00001,2026-06-22T21:09:45Z,ISB,KHI,2026-09-17,1,android,29
S1000165,SES03021,2026-06-22T21:14:46Z,KHI,ISB,2026-07-20,1,android,16
S1002533,SES02431,2026-06-22T21:38:57Z,ISB,LHR,2026-09-19,2,android,28
S1007900,SES02070,2026-06-22T21:49:33Z,ISB,DXB,2026-09-30,2,ios,16
S1004300,SES00988,2026-06-22T21:51:26Z,KHI,SHJ,2026-08-10,3,mobile_web,17
S1005557,SES00080,2026-06-22T22:12:29Z,SHJ,KHI,2026-07-24,1,android,24
S1007687,SES02793,2026-06-22T22:23:04Z,KHI,SHJ,2026-08-21,3,ios,40
S1003892,SES00439,2026-06-22T22:25:28Z,ISB,KHI,2026-08-14,1,android,2
S1006710,SES00972,2026-06-22T22:37:29Z,PEW,SHJ,2026-09-20,3,desktop,24
S1006508,SES00142,2026-06-22T23:03:58Z,LHE,DXB,2026-10-19,2,android,18
S1007916,SES00208,2026-06-22T23:13:33Z,ISB,KHI,2026-07-04,1,ios,26
S1007757,SES03057,2026-06-22T23:16:48Z,DXB,ISB,2026-07-08,1,mobile_web,42
S1003161,SES00075,2026-06-22T23:26:17Z,LHE,JED,2026-08-24,3,android,45
S9238228,SES01034,2026-06-22T23:28:44Z,KHI,ISB,2026-06-28,1,android,28
S1005306,SES01481,2026-06-22T23:40:30Z,LHE,ISB,2026-07-03,2,android,3
S1006447,SES00075,2026-06-22T23:56:45Z,ISB,SHJ,2026-07-13,1,ios,29
S1000765,SES00816,2026-06-23T00:00:24Z,DXB,LHE,2026-08-08,1,android,32
S1007727,SES02020,2026-06-23T00:02:06Z,DXB,ISB,2026-09-13,2,android,33
S1003727,SES01092,2026-06-23T00:07:37Z,SHJ,LHE,2026-10-01,4,android,5
S1002361,SES03263,2026-06-23T00:32:25Z,LHE,ISB,2026-10-01,1,bot,30
S1007144,SES02062,2026-06-23T00:33:21Z,KHI,MUX,2026-08-20,1,ios,2
S1007621,SES02205,2026-06-23T00:37:03Z,KHI,LHE,2026-10-09,2,desktop,48
S9955863,SES00249,2026-06-23T01:23:18Z,KHI,MUX,2026-10-15,2,desktop,9
S1007776,SES02048,2026-06-23T01:24:10Z,KHI,DXB,2026-09-01,1,mobile_web,22
S1004344,SES02801,2026-06-23T01:41:03Z,ISB,PEW,2026-06-28,2,android,16
S1001798,SES02695,2026-06-23T01:59:51Z,KHI,ISB,2026-07-18,2,desktop,2
S1006421,SES01562,2026-06-23T02:01:31Z,LHE,DXB,2026-09-07,1,desktop,7
S1000072,SES00072,2026-06-23T02:09:19Z,LHE,KHI,2026-07-03,2,android,22
S1001352,SES01946,2026-06-23T02:11:54Z,LHE,ISB,2026-07-07,1,android,34
S1000858,SES02817,2026-06-23T02:29:19Z,KHI,MUX,2026-10-10,4,android,5
S1006088,SES02787,2026-06-23T02:35:13Z,ISB,SHJ,2026-08-22,1,ios,33
S1004827,SES00958,2026-06-23T02:44:46Z,KHI,SHJ,2026-08-30,3,ios,21
S1004770,SES00715,2026-06-23T03:00:25Z,ISB,KHI,2026-07-11,1,mobile_web,8
S1002845,SES02000,2026-06-23T03:05:18Z,LHE,SHJ,2026-08-20,3,android,44
S1003649,SES00118,2026-06-23T03:19:06Z,DXB,LHE,2026-10-06,4,android,43
S1003479,SES01768,2026-06-23T03:23:25Z,ISB,SHJ,2026-08-04,1,android,48
S1003751,SES02864,2026-06-23T03:52:55Z,SHJ,LHE,2026-10-03,1,android,33
S1003433,SES01832,2026-06-23T03:56:12Z,KHI,MUX,2026-10-13,2,android,5
S1006349,SES02126,2026-06-23T04:02:39Z,KHI,LHE,2026-09-23,1,ios,0
S1001682,SES00113,2026-06-23T04:23:14Z,SHJ,LHE,2026-10-07,4,android,14
S1007582,SES01653,2026-06-23T05:08:38Z,KHI,SKT,2026-07-22,1,desktop,31
S1003492,SES02355,2026-06-23T05:17:06Z,KHI,LHE,2026-10-19,1,android,39
S1005058,SES00699,2026-06-23T05:20:00Z,LHE,KHI,2026-08-23,1,android,11
S1001956,SES03156,2026-06-23T05:22:48Z,LHE,ISB,2026-07-09,1,mobile_web,25
S1003922,SES00887,2026-06-23T05:27:15Z,LHE,KHI,2026-08-21,1,android,15
S1004644,SES01292,2026-06-23T05:57:42Z,KHI,SHJ,2026-07-13,2,ios,27
S1002824,SES00667,2026-06-23T06:13:46Z,KHI,SHJ,2026-07-18,1,android,24
S1003832,SES02599,2026-06-23T06:16:13Z,ISB,DXB,2026-09-24,2,mobile_web,45
S1005912,SES00606,2026-06-23T06:19:29Z,KHI,LHE,2026-10-20,2,android,29
S1005661,SES01766,2026-06-23T06:20:40Z,KHI,SKT,2026-07-09,2,android,41
S1005959,SES00499,2026-06-23T06:22:07Z,KHI,SHJ,2026-08-11,1,android,31
S1007703,SES01849,2026-06-23T06:30:51Z,LHE,ISB,2026-08-20,2,desktop,44
S1002084,SES00598,2026-06-23T06:34:29Z,KHI,PEW,2026-09-11,1,android,14
S1005969,SES00297,2026-06-23T06:43:40Z,LHE,SHJ,2026-07-06,2,mobile_web,42
S1001844,SES01427,2026-06-23T06:46:45Z,KHI,DXB,2026-09-05,1,android,38
S1001678,SES03394,2026-06-23T06:48:08Z,KHI,JED,2026-10-11,2,desktop,4
S9556001,SES02108,2026-06-23T06:55:06Z,ISB,LHE,2026-07-10,3,desktop,26
S1006828,SES02807,2026-06-23T06:59:33Z,PEW,DXB,2026-07-26,4,bot,31
S1001427,SES02483,2026-06-23T07:07:19Z,ISB,SHJ,2026-07-23,1,android,34
S1007489,SES02817,2026-06-23T07:14:37Z,ISB,KHI,2026-09-20,1,ios,7
S1004348,SES02184,2026-06-23T07:17:21Z,KHI,LHE,2026-09-11,2,mobile_web,31
S1004029,SES01575,2026-06-23T07:22:42Z,KHI,ISB,2026-08-12,2,desktop,35
S1006543,SES00927,2026-06-23T07:25:21Z,ISB,SHJ,2026-07-16,3,android,1
S1003239,SES00122,2026-06-23T07:26:43Z,ISB,DXB,2026-09-21,2,ios,26
S1005000,SES00508,2026-06-23T07:45:49Z,KHI,PEW,2026-08-21,1,ios,31
S1005111,SES00889,2026-06-23T07:52:57Z,KHI,LHE,2026-10-17,1,android,26
S1002800,SES01591,2026-06-23T07:56:57Z,KHI,LHE,2026-08-12,3,bot,24
S1002926,SES00951,2026-06-23T08:15:48Z,KHI,ISB,2026-10-08,1,mobile_web,3
S1000541,SES00321,2026-06-23T08:24:39Z,KHI,ISB,2026-09-08,3,android,41
S1005742,SES00927,2026-06-23T08:27:27Z,KHI,LHE,2026-07-16,2,ios,32
S1007421,SES02986,2026-06-23T08:43:36Z,KHI,DXB,2026-10-15,1,ios,21
S1002293,SES02081,2026-06-23T08:47:31Z,SHJ,LHE,2026-08-22,1,android,43
S1003320,SES02374,2026-06-23T08:58:03Z,KHI,PEW,2026-10-15,1,desktop,17
S1005651,SES01097,2026-06-23T09:13:06Z,KHI,PEW,2026-07-16,2,android,28
S1007547,SES02309,2026-06-23T09:23:27Z,KHI,LHE,2026-10-06,1,android,41
S1005644,SES00753,2026-06-23T09:27:53Z,KHI,DXB,2026-10-05,1,desktop,17
S9938382,SES00587,2026-06-23T10:25:30Z,ISB,SHJ,2026-07-13,1,android,13
S1001512,SES03106,2026-06-23T10:27:53Z,PEW,DXB,2026-07-01,1,android,39
S1000846,SES00232,2026-06-23T11:06:47Z,KHI,LHE,2026-08-18,3,android,35
S1007430,SES00552,2026-06-23T11:12:02Z,KHI,LHE,2026-06-30,3,android,21
S1005729,SES01497,2026-06-23T11:12:44Z,KHI,DXB,2026-09-17,1,ios,12
S1006784,SES01900,2026-06-23T11:14:25Z,ISB,SHJ,2026-09-27,4,desktop,43
S1003784,SES01601,2026-06-23T11:27:10Z,LHE,ISB,2026-06-26,3,android,40
S1005248,SES02086,2026-06-23T11:46:58Z,KHI,UET,2026-08-14,2,android,40
S1003080,SES00156,2026-06-23T11:47:27Z,KHI,LHE,2026-07-11,1,desktop,46
S1001017,SES00172,2026-06-23T12:28:00Z,KHI,PEW,2026-08-13,4,desktop,5
S1007550,SES00717,2026-06-23T12:28:29Z,LHE,DXB,2026-09-19,1,mobile_web,26
S1000113,SES00168,2026-06-23T12:35:32Z,ISB,LHE,2026-07-27,2,mobile_web,35
S1001404,SES02720,2026-06-23T12:51:27Z,SHJ,KHI,2026-08-15,2,android,17
S1006243,SES03250,2026-06-23T12:54:07Z,ISB,SHJ,2026-07-17,2,android,25
S1003428,SES00585,2026-06-23T12:59:04Z,KHI,ISB,2026-08-24,2,android,21
S1001056,SES01190,2026-06-23T13:46:14Z,ISB,DXB,2026-08-24,1,desktop,5
S1001865,SES01125,2026-06-23T13:56:59Z,LHE,DXB,2026-09-09,1,android,38
S1006570,SES02333,2026-06-23T14:06:03Z,KHI,ISB,2026-10-01,3,bot,12
S1001577,SES01153,2026-06-23T14:08:34Z,KHI,LHE,2026-09-08,2,bot,27
S1005266,SES00015,2026-06-23T14:08:59Z,PEW,DXB,2026-09-02,2,ios,16
S1000484,SES02037,2026-06-23T14:21:33Z,KHI,ISB,2026-09-13,1,android,5
S1003754,SES02646,2026-06-23T14:21:46Z,KHI,SKT,2026-09-28,2,desktop,20
S9948426,SES03277,2026-06-23T14:49:20Z,LHE,JED,2026-06-28,1,android,32
S9994923,SES00052,2026-06-23T14:57:43Z,LHE,DXB,2026-07-04,4,android,15
S1003244,SES00337,2026-06-23T14:58:44Z,LHE,ISB,2026-07-23,1,ios,30
S1007543,SES02462,2026-06-23T15:04:29Z,ISB,DXB,2026-07-07,1,android,21
S9175466,SES01197,2026-06-23T15:08:50Z,DXB,KHI,2026-07-04,3,android,5
S1001118,SES00527,2026-06-23T15:15:31Z,KHI,ISB,2026-08-17,2,desktop,11
S1003412,SES03292,2026-06-23T15:25:55Z,KHI,ISB,2026-09-29,1,desktop,39
S1003265,SES02734,2026-06-23T15:29:26Z,KHI,DXB,2026-09-14,1,ios,32
S1007039,SES01239,2026-06-23T15:29:28Z,KHI,SHJ,2026-07-01,3,desktop,1
S1000487,SES01398,2026-06-23T15:35:38Z,ISB,KHI,2026-09-04,1,ios,39
S1007307,SES00781,2026-06-23T15:58:29Z,PEW,DXB,2026-10-10,1,ios,42
S1005508,SES01298,2026-06-23T16:01:57Z,LHE,ISB,2026-07-24,4,android,27
S1000869,SES01860,2026-06-23T16:04:50Z,KHI,SHJ,2026-08-07,2,ios,22
S1007138,SES00668,2026-06-23T16:35:03Z,KHI,LHE,2026-08-15,1,android,32
S1003224,SES01779,2026-06-23T16:36:35Z,KHI,UET,2026-10-10,2,android,19
S1000009,SES02918,2026-06-23T16:42:41Z,KHI,MUX,2026-08-16,1,android,31
S1003574,SES01408,2026-06-23T16:46:27Z,SHJ,KHI,2026-07-03,3,desktop,2
S1004338,SES01378,2026-06-23T17:16:03Z,KHI,PEW,2026-09-03,1,android,20
S9840763,SES03400,2026-06-23T17:42:27Z,KHI,DXB,2026-07-08,1,android,37
S1006782,SES02596,2026-06-23T17:51:46Z,LHE,DXB,2026-10-21,1,android,22
S1001661,SES02599,2026-06-23T18:19:08Z,LHE,ISB,2026-10-17,2,android,48
S1003997,SES00633,2026-06-23T18:28:00Z,KHI,LHE,2026-08-24,1,mobile_web,43
S1002008,SES00009,2026-06-23T18:37:21Z,LHE,KHI,2026-07-17,1,ios,9
S1002595,SES01928,2026-06-23T18:51:23Z,KHI,LHE,2026-09-30,3,android,42
S1003567,SES00252,2026-06-23T19:05:33Z,PEW,DXB,2026-07-22,4,mobile_web,33
S1005832,SES01240,2026-06-23T19:10:30Z,KHI,SHJ,2026-08-10,2,android,24
S1001895,SES01857,2026-06-23T19:21:32Z,ISB,SHJ,2026-08-12,1,android,6
S1007020,SES02998,2026-06-23T19:57:58Z,LHE,KHI,2026-07-12,1,desktop,31
S1004229,SES00413,2026-06-23T20:00:15Z,ISB,SHJ,2026-09-13,1,android,35
S1000780,SES01267,2026-06-23T20:18:12Z,ISB,SHJ,2026-08-27,1,mobile_web,24
S1000006,SES00256,2026-06-23T20:38:44Z,PEW,SHJ,2026-07-26,1,android,11
S1003410,SES01917,2026-06-23T20:40:19Z,ISB,KHI,2026-10-02,1,mobile_web,24
S1001648,SES01604,2026-06-23T21:22:24Z,PEW,DXB,2026-08-13,1,desktop,46
S1004583,SES00695,2026-06-23T21:28:52Z,KHI,SHJ,2026-09-01,1,ios,32
S1007146,SES00582,2026-06-23T21:32:08Z,KHI,SKT,2026-10-06,1,ios,44
S1002506,SES02311,2026-06-23T21:51:03Z,KHI,DXB,2026-08-24,3,android,3
S1000603,SES03149,2026-06-23T22:08:53Z,KHI,ISB,2026-10-19,1,mobile_web,3
S1003573,SES00512,2026-06-23T22:26:16Z,LHE,KHI,2026-07-09,3,desktop,13
S1007661,SES02118,2026-06-23T22:32:17Z,ISB,KHI,2026-10-13,4,mobile_web,19
S9565710,SES01424,2026-06-23T22:35:33Z,ISB,KHI,2026-07-05,3,desktop,40
S1000977,SES00773,2026-06-23T23:28:08Z,LHR,ISB,2026-08-31,2,bot,39
S1006065,SES01820,2026-06-23T23:33:45Z,KHI,LHE,2026-07-28,1,android,24
S1007420,SES02278,2026-06-23T23:45:40Z,KHI,SHJ,2026-10-08,1,mobile_web,17
S1005759,SES00302,2026-06-23T23:51:16Z,KHI,ISB,2026-08-01,1,ios,0
S1007298,SES00998,2026-06-23T23:56:19Z,SHJ,LHE,2026-08-11,1,desktop,48
S1005971,SES02733,2026-06-24T00:05:03Z,KHI,ISB,2026-08-05,3,android,12
S1005050,SES03084,2026-06-24T00:15:05Z,KHI,LHE,2026-08-10,4,desktop,29
S1007064,SES01673,2026-06-24T00:24:01Z,KHI,DXB,2026-10-05,2,desktop,32
S1004073,SES02760,2026-06-24T00:27:06Z,KHI,LHE,2026-09-21,2,mobile_web,40
S1006119,SES01419,2026-06-24T00:41:32Z,KHI,SHJ,2026-07-18,1,ios,48
S1003034,SES03204,2026-06-24T00:43:09Z,LHE,DXB,2026-07-05,1,desktop,44
S1001147,SES01405,2026-06-24T01:00:01Z,ISB,SHJ,2026-07-24,2,ios,48
S1002189,SES02256,2026-06-24T01:38:11Z,KHI,JED,2026-09-17,2,ios,25
S1001226,SES01661,2026-06-24T01:38:28Z,KHI,SHJ,2026-10-18,1,android,34
S1001430,SES01119,2026-06-24T01:39:46Z,KHI,ISB,2026-07-27,1,android,6
S1004793,SES01908,2026-06-24T01:40:08Z,LHE,KHI,2026-10-17,1,desktop,22
S1000781,SES01842,2026-06-24T01:50:44Z,KHI,ISB,2026-10-22,1,desktop,45
S1004471,SES03119,2026-06-24T01:52:21Z,KHI,ISB,2026-09-10,1,android,29
S1005634,SES03388,2026-06-24T01:57:16Z,ISB,KHI,2026-07-26,1,desktop,32
S1007290,SES02589,2026-06-24T02:02:47Z,ISB,KHI,2026-10-14,1,ios,17
S1007602,SES00973,2026-06-24T02:16:02Z,KHI,SHJ,2026-10-03,3,desktop,8
S1004987,SES01852,2026-06-24T02:49:19Z,DXB,ISB,2026-07-28,1,ios,35
S1004491,SES02678,2026-06-24T03:15:50Z,KHI,SHJ,2026-07-04,3,android,33
S1003024,SES03306,2026-06-24T03:26:25Z,LHE,ISB,2026-10-04,1,bot,42
S1001962,SES00077,2026-06-24T03:28:50Z,SHJ,LHE,2026-09-14,2,mobile_web,12
S1005324,SES03098,2026-06-24T03:31:07Z,LHE,KHI,2026-07-06,4,desktop,0
S1006686,SES00699,2026-06-24T03:36:08Z,ISB,SHJ,2026-10-10,1,ios,48
S9838705,SES01207,2026-06-24T03:43:56Z,KHI,ISB,2026-07-10,4,android,28
S1000559,SES01499,2026-06-24T03:54:49Z,LHE,JED,2026-09-07,1,android,20
S1001102,SES03345,2026-06-24T04:05:43Z,LHE,DXB,2026-09-30,2,ios,32
S1003686,SES01374,2026-06-24T04:14:05Z,KHI,LHE,2026-09-16,2,ios,41
S1000920,SES01370,2026-06-24T04:36:03Z,LHE,KHI,2026-09-26,3,desktop,5
S1007445,SES01751,2026-06-24T04:36:20Z,LHR,ISB,2026-08-07,1,android,20
S1006541,SES02343,2026-06-24T04:45:57Z,KHI,ISB,2026-08-22,4,ios,23
S1003945,SES00047,2026-06-24T04:49:04Z,LHE,DXB,2026-07-14,1,desktop,31
S1007834,SES02352,2026-06-24T05:04:12Z,KHI,LHE,2026-08-23,2,desktop,24
S1006751,SES03066,2026-06-24T05:15:01Z,SHJ,LHE,2026-08-12,2,android,31
S1004876,SES01652,2026-06-24T05:23:56Z,LHE,DXB,2026-10-15,2,ios,0
S1001014,SES02308,2026-06-24T05:48:44Z,KHI,ISB,2026-10-05,1,ios,27
S1005414,SES02721,2026-06-24T06:00:29Z,KHI,DXB,2026-10-18,1,android,35
S1006825,SES00732,2026-06-24T06:14:21Z,KHI,ISB,2026-09-25,3,android,13
S1000180,SES00478,2026-06-24T06:48:01Z,PEW,DXB,2026-08-29,1,android,42
S1004239,SES02907,2026-06-24T06:50:59Z,KHI,ISB,2026-08-31,3,desktop,15
S9515159,SES02276,2026-06-24T06:51:09Z,KHI,LHE,2026-08-10,4,desktop,36
S1001194,SES01370,2026-06-24T06:58:54Z,KHI,SHJ,2026-09-05,1,mobile_web,41
S1004730,SES01978,2026-06-24T07:09:12Z,LHE,DXB,2026-09-07,1,android,41
S1000344,SES02830,2026-06-24T07:14:25Z,ISB,LHE,2026-09-18,2,desktop,14
S1006974,SES00864,2026-06-24T07:15:44Z,LHE,KHI,2026-09-26,2,desktop,14
S1000628,SES01149,2026-06-24T07:18:04Z,ISB,LHR,2026-07-13,1,desktop,0
S9164615,SES00494,2026-06-24T07:33:29Z,LHE,KHI,2026-07-01,1,android,12
S1003166,SES02231,2026-06-24T07:45:36Z,ISB,LHE,2026-09-06,1,android,22
S1007030,SES00850,2026-06-24T08:02:35Z,KHI,ISB,2026-09-22,3,android,4
S1004559,SES02740,2026-06-24T08:06:10Z,LHE,KHI,2026-10-05,2,ios,12
S9275239,SES01984,2026-06-24T08:09:02Z,KHI,LHE,2026-07-12,2,desktop,16
S1002083,SES00568,2026-06-24T08:09:32Z,LHE,KHI,2026-07-12,2,ios,24
S1001081,SES02872,2026-06-24T08:21:22Z,ISB,PEW,2026-07-24,4,android,21
S1003147,SES02191,2026-06-24T08:30:12Z,LHE,KHI,2026-10-05,2,desktop,32
S1004279,SES03204,2026-06-24T08:42:24Z,PEW,DXB,2026-07-07,1,mobile_web,27
S1002550,SES02794,2026-06-24T08:52:51Z,ISB,SHJ,2026-07-27,1,mobile_web,34
S1005516,SES00231,2026-06-24T08:59:27Z,KHI,ISB,2026-10-04,1,android,6
S1002149,SES02379,2026-06-24T09:00:11Z,ISB,KHI,2026-09-22,2,android,22
S1002571,SES03130,2026-06-24T09:19:52Z,KHI,LHE,2026-10-15,1,android,16
S1001481,SES00036,2026-06-24T09:41:00Z,KHI,ISB,2026-08-21,1,android,48
S1000818,SES01442,2026-06-24T09:47:38Z,ISB,SHJ,2026-09-09,2,android,22
S1001244,SES03185,2026-06-24T10:00:19Z,KHI,SHJ,2026-07-12,1,ios,2
S1001201,SES02431,2026-06-24T10:07:20Z,ISB,SHJ,2026-10-03,1,android,20
S1007725,SES00863,2026-06-24T10:12:19Z,LHE,ISB,2026-06-30,1,android,22
S1000440,SES01920,2026-06-24T10:18:37Z,ISB,SHJ,2026-10-20,2,desktop,30
S1004645,SES01588,2026-06-24T10:31:47Z,LHE,JED,2026-08-28,1,desktop,33
S1003183,SES02285,2026-06-24T10:47:54Z,ISB,LHE,2026-08-16,1,android,7
S1005479,SES02592,2026-06-24T11:07:50Z,KHI,LHE,2026-07-31,1,android,16
S1000393,SES02238,2026-06-24T11:08:34Z,LHR,ISB,2026-09-02,2,ios,32
S1002588,SES01624,2026-06-24T11:16:08Z,LHE,KHI,2026-07-20,2,mobile_web,16
S1005614,SES00765,2026-06-24T11:23:22Z,ISB,KHI,2026-09-06,2,android,1
S1007208,SES03067,2026-06-24T11:42:18Z,KHI,LHE,2026-10-06,3,android,1
S1004974,SES00099,2026-06-24T11:43:33Z,KHI,SKT,2026-10-21,4,ios,25
S1003203,SES00522,2026-06-24T11:46:24Z,ISB,KHI,2026-10-05,1,mobile_web,39
S1000544,SES00216,2026-06-24T11:47:24Z,KHI,ISB,2026-09-07,1,desktop,33
S1007856,SES00774,2026-06-24T11:53:20Z,LHE,JED,2026-07-11,1,desktop,9
S1002576,SES00547,2026-06-24T11:56:54Z,KHI,LHE,2026-09-12,4,ios,22
S1004139,SES02001,2026-06-24T12:00:01Z,DXB,LHE,2026-07-14,1,desktop,19
S1005401,SES00880,2026-06-24T12:06:15Z,KHI,JED,2026-08-11,4,android,16
S1007043,SES00988,2026-06-24T12:10:01Z,ISB,SHJ,2026-10-19,2,android,19
S1006702,SES02734,2026-06-24T12:16:41Z,DXB,LHE,2026-10-03,2,desktop,39
S1003067,SES03265,2026-06-24T12:19:33Z,DXB,LHE,2026-07-14,3,ios,46
S1006237,SES02647,2026-06-24T12:21:16Z,LHE,DXB,2026-07-06,1,mobile_web,46
S1005439,SES02248,2026-06-24T12:21:44Z,KHI,SHJ,2026-09-27,2,mobile_web,45
S1004513,SES02207,2026-06-24T12:30:41Z,ISB,SHJ,2026-10-01,1,android,35
S1005189,SES03065,2026-06-24T12:35:21Z,KHI,PEW,2026-09-23,1,ios,15
S1003868,SES01273,2026-06-24T12:39:44Z,ISB,KHI,2026-08-08,1,android,28
S1003097,SES02024,2026-06-24T12:43:26Z,KHI,MUX,2026-08-25,1,android,0
S1005813,SES00441,2026-06-24T13:18:11Z,ISB,SHJ,2026-09-21,1,ios,19
S1001044,SES00569,2026-06-24T13:21:09Z,ISB,DXB,2026-10-09,2,ios,36
S1007222,SES02109,2026-06-24T13:23:26Z,ISB,KHI,2026-07-13,1,bot,42
S1004747,SES02043,2026-06-24T13:42:37Z,KHI,ISB,2026-08-03,1,android,47
S1002534,SES00698,2026-06-24T13:58:13Z,KHI,SKT,2026-09-09,2,android,31
S1001312,SES01044,2026-06-24T14:09:02Z,KHI,ISB,2026-07-20,4,android,9
S1001394,SES02928,2026-06-24T14:18:53Z,KHI,LHE,2026-10-09,1,android,20
S1000563,SES01404,2026-06-24T14:48:51Z,KHI,MUX,2026-10-13,2,ios,20
S1003955,SES03248,2026-06-24T14:52:19Z,ISB,KHI,2026-06-27,2,desktop,13
S1004960,SES01336,2026-06-24T14:54:54Z,KHI,SHJ,2026-09-29,1,android,43
S1003458,SES03314,2026-06-24T15:08:29Z,LHE,SHJ,2026-08-18,2,android,8
S1002231,SES00403,2026-06-24T15:21:08Z,KHI,LHE,2026-08-15,1,desktop,17
S1003264,SES00857,2026-06-24T15:26:16Z,LHE,KHI,2026-08-13,1,android,10
S1002402,SES03322,2026-06-24T15:33:26Z,LHE,DXB,2026-09-06,1,desktop,26
S1002935,SES00473,2026-06-24T15:34:21Z,KHI,DXB,2026-07-09,1,ios,20
S1005604,SES00457,2026-06-24T15:34:57Z,LHE,KHI,2026-09-28,4,android,2
S1003481,SES02129,2026-06-24T15:41:09Z,KHI,LHE,2026-10-07,1,desktop,0
S1001885,SES00236,2026-06-24T15:45:09Z,ISB,DXB,2026-10-17,2,ios,23
S1002760,SES02404,2026-06-24T16:07:01Z,LHE,KHI,2026-07-31,2,android,44
S1007266,SES00781,2026-06-24T16:09:18Z,KHI,MUX,2026-09-08,1,android,9
S1004269,SES03240,2026-06-24T16:19:35Z,ISB,SHJ,2026-07-31,4,android,18
S1007593,SES02928,2026-06-24T16:45:16Z,KHI,DXB,2026-09-08,4,ios,43
S1001002,SES01864,2026-06-24T16:48:06Z,KHI,DXB,2026-09-05,1,android,29
S1004142,SES01057,2026-06-24T17:03:10Z,ISB,KHI,2026-10-18,2,android,13
S1005120,SES01962,2026-06-24T17:03:10Z,KHI,LHE,2026-07-03,1,desktop,17
S1005178,SES01192,2026-06-24T17:06:21Z,KHI,LHE,2026-07-24,1,android,30
S1000760,SES01619,2026-06-24T17:23:25Z,ISB,PEW,2026-09-24,2,android,4
S1004093,SES00964,2026-06-24T17:29:57Z,KHI,DXB,2026-09-19,3,android,35
S1002411,SES01790,2026-06-24T17:47:54Z,ISB,KHI,2026-09-09,2,android,45
S1000386,SES02065,2026-06-24T17:52:02Z,KHI,LHE,2026-09-12,1,android,36
S1007325,SES01246,2026-06-24T18:09:33Z,KHI,ISB,2026-07-07,1,desktop,31
S1003503,SES02224,2026-06-24T18:22:50Z,PEW,DXB,2026-09-17,2,bot,32
S1002779,SES01285,2026-06-24T18:27:23Z,KHI,LHE,2026-07-23,1,android,3
S1007410,SES00197,2026-06-24T18:47:46Z,LHE,ISB,2026-07-06,2,android,27
S1002927,SES01854,2026-06-24T18:48:20Z,DXB,LHE,2026-09-10,2,mobile_web,3
S1001753,SES00757,2026-06-24T18:54:44Z,KHI,JED,2026-07-25,2,android,0
S1007502,SES01797,2026-06-24T18:54:44Z,ISB,KHI,2026-07-18,2,android,26
S1007210,SES02565,2026-06-24T18:56:39Z,LHE,KHI,2026-08-05,1,android,31
S1005342,SES02487,2026-06-24T18:58:10Z,LHR,ISB,2026-07-25,1,ios,28
S1005125,SES01041,2026-06-24T19:15:45Z,KHI,DXB,2026-09-21,1,mobile_web,17
S1001227,SES03186,2026-06-24T19:25:06Z,KHI,LHE,2026-07-30,1,android,45
S1004944,SES00139,2026-06-24T19:33:58Z,ISB,SHJ,2026-09-06,1,desktop,32
S1001627,SES00245,2026-06-24T19:45:04Z,KHI,DXB,2026-06-29,1,ios,39
S1003139,SES01560,2026-06-24T19:46:04Z,KHI,ISB,2026-08-20,1,mobile_web,27
S1001145,SES01737,2026-06-24T20:00:21Z,KHI,SKT,2026-08-20,1,android,4
S1004914,SES02667,2026-06-24T20:04:48Z,KHI,DXB,2026-08-11,1,android,24
S1003310,SES00160,2026-06-24T20:31:06Z,KHI,ISB,2026-09-27,1,android,7
S1001529,SES02591,2026-06-24T20:33:31Z,DXB,KHI,2026-07-09,2,bot,14
S1001497,SES01009,2026-06-24T21:01:42Z,LHE,JED,2026-10-01,1,mobile_web,31
S9593570,SES00899,2026-06-24T21:15:17Z,KHI,PEW,2026-06-30,4,android,27
S1006323,SES02265,2026-06-24T21:23:09Z,KHI,ISB,2026-10-20,1,desktop,1
S1003168,SES00195,2026-06-24T21:29:54Z,LHE,JED,2026-07-06,3,bot,25
S1001480,SES02761,2026-06-24T22:27:10Z,KHI,SHJ,2026-07-11,3,ios,6
S1000648,SES00966,2026-06-24T22:34:26Z,KHI,UET,2026-08-26,2,android,37
S1007996,SES00614,2026-06-24T22:44:02Z,DXB,ISB,2026-07-17,3,desktop,40
S1001057,SES02660,2026-06-24T22:46:50Z,DXB,KHI,2026-09-26,1,ios,1
S1004233,SES02997,2026-06-24T22:59:02Z,KHI,DXB,2026-10-10,1,desktop,20
S1000029,SES00385,2026-06-24T23:12:36Z,KHI,LHE,2026-08-14,1,ios,29
S1001303,SES00975,2026-06-24T23:21:36Z,KHI,LHE,2026-07-24,2,desktop,5
S1006704,SES01422,2026-06-24T23:36:16Z,KHI,ISB,2026-10-12,1,android,33
S1001025,SES00306,2026-06-25T00:09:53Z,KHI,ISB,2026-08-21,2,ios,43
S1004545,SES01624,2026-06-25T00:32:32Z,KHI,MUX,2026-09-25,1,android,26
S1005695,SES00399,2026-06-25T00:32:55Z,LHE,SHJ,2026-08-15,2,android,27
S1002636,SES02002,2026-06-25T00:42:33Z,KHI,LHE,2026-08-08,1,android,21
S1001817,SES00302,2026-06-25T01:01:10Z,KHI,MUX,2026-09-08,2,ios,14
S1007585,SES02199,2026-06-25T01:01:45Z,ISB,KHI,2026-07-01,2,android,42
S1003149,SES01482,2026-06-25T01:23:56Z,KHI,MUX,2026-08-08,2,android,46
S1005841,SES02977,2026-06-25T01:34:10Z,LHE,ISB,2026-08-19,1,ios,36
S1003486,SES01177,2026-06-25T01:53:25Z,KHI,DXB,2026-07-01,1,bot,6
S1002975,SES02447,2026-06-25T01:55:07Z,ISB,SHJ,2026-06-30,3,desktop,2
S1005575,SES02623,2026-06-25T02:32:51Z,ISB,SHJ,2026-08-11,1,android,17
S1001165,SES02053,2026-06-25T02:38:07Z,ISB,PEW,2026-10-16,2,android,39
S1003227,SES02680,2026-06-25T02:38:59Z,KHI,LHE,2026-08-02,1,desktop,33
S1002187,SES01687,2026-06-25T02:42:17Z,LHE,DXB,2026-07-11,1,ios,44
S1003542,SES02076,2026-06-25T03:01:59Z,PEW,DXB,2026-08-15,2,android,30
S1004423,SES03130,2026-06-25T03:31:01Z,ISB,KHI,2026-08-05,2,mobile_web,41
S1004213,SES00503,2026-06-25T03:58:43Z,PEW,DXB,2026-09-19,2,android,43
S1005119,SES02425,2026-06-25T04:18:45Z,PEW,SHJ,2026-09-13,2,mobile_web,14
S1003515,SES01501,2026-06-25T04:19:27Z,ISB,KHI,2026-08-30,2,desktop,17
S1000886,SES01960,2026-06-25T04:33:37Z,KHI,MUX,2026-07-13,1,ios,10
S1005525,SES01322,2026-06-25T04:36:08Z,KHI,UET,2026-09-25,1,android,3
S1000334,SES01234,2026-06-25T04:48:55Z,ISB,KHI,2026-08-27,3,android,12
S1007514,SES00741,2026-06-25T04:58:33Z,LHE,SHJ,2026-07-16,1,ios,31
S1006758,SES00537,2026-06-25T05:07:52Z,KHI,DXB,2026-07-16,2,ios,26
S1001234,SES00096,2026-06-25T05:17:38Z,SHJ,KHI,2026-08-07,1,android,22
S1003121,SES01353,2026-06-25T05:22:40Z,ISB,PEW,2026-07-13,1,android,0
S1003783,SES00776,2026-06-25T05:34:50Z,KHI,MUX,2026-09-22,1,android,15
S1000459,SES00489,2026-06-25T05:46:30Z,KHI,JED,2026-08-10,1,android,27
S1001994,SES01995,2026-06-25T05:53:47Z,KHI,JED,2026-09-06,2,ios,15
S1003929,SES02124,2026-06-25T06:00:55Z,KHI,LHE,2026-07-25,2,ios,17
S1005847,SES02874,2026-06-25T06:20:30Z,KHI,ISB,2026-09-27,2,android,1
S1007601,SES01076,2026-06-25T06:32:31Z,ISB,LHR,2026-08-13,1,android,43
S1007959,SES00726,2026-06-25T06:40:26Z,LHR,ISB,2026-08-29,2,android,7
S1002530,SES03180,2026-06-25T06:53:56Z,LHE,DXB,2026-07-30,2,mobile_web,27
S1003978,SES00516,2026-06-25T06:55:49Z,LHE,ISB,2026-07-19,1,android,9
S1006174,SES00150,2026-06-25T06:57:52Z,KHI,PEW,2026-09-06,1,android,13
S1001673,SES02738,2026-06-25T07:16:36Z,KHI,LHE,2026-09-20,4,android,28
S1005808,SES02833,2026-06-25T07:33:20Z,LHE,ISB,2026-09-07,1,android,31
S1007833,SES01855,2026-06-25T07:38:48Z,ISB,PEW,2026-08-24,1,desktop,30
S1007772,SES02850,2026-06-25T07:44:12Z,KHI,DXB,2026-07-03,1,desktop,6
S1002380,SES02891,2026-06-25T07:51:25Z,SHJ,LHE,2026-09-30,1,android,29
S1000959,SES02522,2026-06-25T08:02:21Z,ISB,DXB,2026-07-01,1,android,40
S9483606,SES00967,2026-06-25T08:05:25Z,ISB,KHI,2026-07-15,2,desktop,12
S1001411,SES02498,2026-06-25T08:11:28Z,KHI,LHE,2026-09-10,2,android,20
S1002732,SES01973,2026-06-25T08:39:32Z,LHE,ISB,2026-09-19,1,mobile_web,44
S1001886,SES01229,2026-06-25T08:40:26Z,KHI,LHE,2026-08-09,3,ios,23
S1002327,SES00698,2026-06-25T08:51:11Z,LHE,KHI,2026-06-29,1,android,13
S1006452,SES01871,2026-06-25T08:57:01Z,KHI,LHE,2026-08-30,2,desktop,15
S1007226,SES03084,2026-06-25T09:04:35Z,PEW,SHJ,2026-07-19,1,ios,29
S1004966,SES01316,2026-06-25T09:09:39Z,LHE,SHJ,2026-08-10,2,android,18
S1003687,SES02225,2026-06-25T09:23:28Z,ISB,KHI,2026-08-10,2,android,44
S1003722,SES01936,2026-06-25T09:47:44Z,DXB,KHI,2026-07-18,2,ios,16
S1002616,SES03217,2026-06-25T10:01:17Z,ISB,SHJ,2026-08-16,1,mobile_web,10
S1004617,SES02721,2026-06-25T10:04:49Z,LHE,DXB,2026-08-17,2,desktop,4
S1007905,SES00995,2026-06-25T10:12:58Z,LHE,ISB,2026-06-28,2,android,4
S1005569,SES00595,2026-06-25T10:13:34Z,DXB,ISB,2026-07-16,2,android,39
S1002561,SES02299,2026-06-25T10:17:10Z,ISB,PEW,2026-09-12,3,desktop,17
S1004788,SES01652,2026-06-25T10:29:50Z,ISB,LHR,2026-10-16,1,desktop,4
S1004585,SES03199,2026-06-25T10:33:00Z,ISB,SHJ,2026-09-04,2,desktop,22
S1005540,SES01491,2026-06-25T10:33:16Z,KHI,DXB,2026-07-01,1,ios,0
S1004286,SES01962,2026-06-25T10:47:12Z,ISB,KHI,2026-08-15,1,android,46
S1002193,SES00356,2026-06-25T11:09:15Z,LHE,KHI,2026-08-05,1,mobile_web,19
S1000749,SES01775,2026-06-25T11:19:28Z,ISB,PEW,2026-07-21,1,android,39
S1002222,SES01092,2026-06-25T11:22:56Z,PEW,DXB,2026-07-06,1,android,21
S1000689,SES00458,2026-06-25T11:29:23Z,KHI,ISB,2026-08-20,1,mobile_web,12
S1003235,SES00625,2026-06-25T11:46:04Z,LHE,ISB,2026-08-20,2,ios,21
S1004588,SES01737,2026-06-25T11:49:02Z,LHE,KHI,2026-08-31,4,android,5
S1007629,SES03129,2026-06-25T12:00:04Z,LHE,JED,2026-09-26,1,ios,14
S1005245,SES03209,2026-06-25T12:03:46Z,SHJ,LHE,2026-10-21,1,android,13
S1006090,SES01786,2026-06-25T12:20:16Z,ISB,DXB,2026-07-30,1,android,1
S1004067,SES02450,2026-06-25T12:38:59Z,KHI,LHE,2026-09-05,3,android,13
S1006605,SES01943,2026-06-25T12:48:56Z,KHI,PEW,2026-10-08,1,android,23
S1001124,SES00555,2026-06-25T12:55:37Z,DXB,LHE,2026-09-16,1,android,24
S1004436,SES01516,2026-06-25T13:03:13Z,LHE,KHI,2026-09-23,1,bot,25
S1002661,SES00442,2026-06-25T13:03:36Z,KHI,MUX,2026-06-26,1,android,24
S1004438,SES02467,2026-06-25T13:19:34Z,KHI,ISB,2026-09-19,3,android,16
S1000175,SES02237,2026-06-25T13:24:53Z,KHI,DXB,2026-09-30,1,mobile_web,33
S1005783,SES00539,2026-06-25T13:41:47Z,LHE,DXB,2026-08-06,1,mobile_web,13
S1003194,SES01954,2026-06-25T14:01:47Z,PEW,SHJ,2026-07-03,1,mobile_web,38
S1006753,SES00359,2026-06-25T14:29:32Z,KHI,ISB,2026-09-13,1,android,48
S1007192,SES00849,2026-06-25T14:29:35Z,ISB,PEW,2026-08-08,1,desktop,46
S1001349,SES02685,2026-06-25T14:31:15Z,KHI,PEW,2026-10-20,3,desktop,42
S1004296,SES00512,2026-06-25T14:38:27Z,SHJ,KHI,2026-09-12,2,desktop,31
S1007405,SES02176,2026-06-25T14:41:33Z,ISB,KHI,2026-07-25,1,ios,14
S9652828,SES03025,2026-06-25T14:42:53Z,ISB,SHJ,2026-07-02,4,android,39
S1007841,SES00964,2026-06-25T15:07:19Z,LHE,KHI,2026-07-02,1,android,22
S1005811,SES00236,2026-06-25T15:38:34Z,ISB,KHI,2026-09-03,1,desktop,41
S1005307,SES00911,2026-06-25T16:04:46Z,ISB,KHI,2026-08-11,1,mobile_web,7
S1007157,SES00330,2026-06-25T16:08:37Z,ISB,SHJ,2026-10-10,1,desktop,28
S1002854,SES01295,2026-06-25T16:12:20Z,DXB,KHI,2026-08-08,3,android,38
S1002227,SES03317,2026-06-25T16:16:48Z,KHI,ISB,2026-07-13,3,ios,29
S1007805,SES00180,2026-06-25T16:20:23Z,LHE,KHI,2026-09-07,2,desktop,47
S1005288,SES01086,2026-06-25T16:22:33Z,KHI,ISB,2026-09-18,3,android,39
S1003374,SES00274,2026-06-25T16:24:36Z,ISB,PEW,2026-10-02,2,android,43
S1006723,SES02029,2026-06-25T16:39:42Z,DXB,LHE,2026-10-22,1,android,1
S1006578,SES00617,2026-06-25T16:39:45Z,ISB,LHR,2026-08-26,3,desktop,35
S1000837,SES01445,2026-06-25T16:40:47Z,SHJ,LHE,2026-10-12,3,desktop,11
S1006080,SES01045,2026-06-25T16:56:58Z,ISB,KHI,2026-09-06,1,desktop,9
S1001699,SES02066,2026-06-25T17:10:17Z,KHI,ISB,2026-07-10,1,desktop,34
S1001607,SES02578,2026-06-25T17:29:57Z,ISB,SHJ,2026-08-26,2,mobile_web,41
S1000517,SES03013,2026-06-25T17:32:37Z,PEW,DXB,2026-08-29,1,desktop,32
S1006973,SES02874,2026-06-25T17:48:39Z,KHI,DXB,2026-09-30,4,mobile_web,5
S1006658,SES02935,2026-06-25T18:10:14Z,ISB,KHI,2026-08-18,1,android,44
S1007194,SES01152,2026-06-25T18:12:46Z,LHE,SHJ,2026-08-29,1,android,13
S1001107,SES02156,2026-06-25T18:20:08Z,LHE,ISB,2026-09-17,1,mobile_web,38
S9286762,SES01224,2026-06-25T18:22:16Z,ISB,KHI,2026-07-02,1,android,11
S1005351,SES03221,2026-06-25T18:26:39Z,KHI,SHJ,2026-07-04,2,android,32
S1004260,SES03225,2026-06-25T18:41:18Z,ISB,KHI,2026-09-08,2,mobile_web,33
S1007318,SES02044,2026-06-25T18:45:01Z,SHJ,KHI,2026-07-18,1,mobile_web,13
S1007244,SES02248,2026-06-25T18:47:29Z,DXB,LHE,2026-10-14,1,mobile_web,32
S1007889,SES02913,2026-06-25T18:59:13Z,ISB,PEW,2026-10-06,1,android,34
S1000124,SES01999,2026-06-25T19:06:26Z,DXB,KHI,2026-10-19,3,desktop,36
S1006229,SES03233,2026-06-25T19:06:39Z,ISB,KHI,2026-07-17,1,ios,26
S1004433,SES02799,2026-06-25T19:06:50Z,KHI,MUX,2026-10-22,1,android,21
S1007050,SES01847,2026-06-25T19:17:56Z,DXB,KHI,2026-07-13,1,android,28
S1003123,SES02781,2026-06-25T19:18:07Z,KHI,LHE,2026-09-16,1,android,33
S1005504,SES01052,2026-06-25T19:20:43Z,KHI,SKT,2026-10-08,1,android,37
S1002970,SES02003,2026-06-25T19:23:38Z,KHI,LHE,2026-09-12,2,bot,7
S1005960,SES02016,2026-06-25T19:30:59Z,ISB,SHJ,2026-10-14,2,mobile_web,28
S1003431,SES00141,2026-06-25T19:35:04Z,ISB,PEW,2026-09-27,1,mobile_web,13
S1004636,SES02942,2026-06-25T19:49:21Z,KHI,LHE,2026-07-23,1,android,27
S1002022,SES02187,2026-06-25T20:08:47Z,LHE,SHJ,2026-08-11,3,desktop,45
S1001724,SES02041,2026-06-25T20:10:47Z,KHI,ISB,2026-07-11,1,android,18
S1000898,SES01247,2026-06-25T20:12:30Z,KHI,DXB,2026-06-26,1,desktop,2
S1003748,SES00243,2026-06-25T20:14:28Z,KHI,PEW,2026-09-27,1,desktop,31
S1000449,SES02408,2026-06-25T20:32:43Z,KHI,UET,2026-07-08,1,desktop,47
S1001775,SES02422,2026-06-25T20:38:28Z,ISB,KHI,2026-07-28,2,bot,14
S1000952,SES00202,2026-06-25T20:48:22Z,DXB,ISB,2026-09-10,2,android,12
S1007416,SES01286,2026-06-25T20:58:07Z,PEW,SHJ,2026-09-30,2,desktop,11
S1004968,SES00088,2026-06-25T21:05:45Z,KHI,ISB,2026-07-21,3,ios,40
S1004671,SES02461,2026-06-25T21:05:51Z,ISB,LHE,2026-10-01,1,ios,9
S1006635,SES00295,2026-06-25T21:10:42Z,KHI,DXB,2026-08-12,1,android,18
S1003376,SES02782,2026-06-25T21:14:40Z,SHJ,KHI,2026-10-10,2,mobile_web,48
S9625912,SES00291,2026-06-25T21:26:43Z,KHI,LHE,2026-07-11,1,android,25
S1007928,SES02820,2026-06-25T21:56:01Z,PEW,DXB,2026-10-23,2,desktop,0
S1001806,SES02309,2026-06-25T22:35:24Z,KHI,DXB,2026-08-06,1,android,18
S1001300,SES02334,2026-06-25T22:43:04Z,KHI,PEW,2026-10-07,1,desktop,46
S1002350,SES01627,2026-06-25T22:46:13Z,LHE,KHI,2026-09-16,3,desktop,14
S1003974,SES00418,2026-06-25T22:54:08Z,KHI,MUX,2026-09-22,1,android,39
S1004908,SES01695,2026-06-25T23:13:09Z,ISB,PEW,2026-10-11,1,android,31
S1005844,SES00520,2026-06-25T23:21:02Z,KHI,LHE,2026-10-13,4,android,23
S1007076,SES00168,2026-06-25T23:29:12Z,LHE,DXB,2026-08-19,1,desktop,18
S1000723,SES01394,2026-06-25T23:43:14Z,ISB,LHE,2026-07-27,3,mobile_web,48
S1005335,SES03237,2026-06-25T23:44:17Z,KHI,LHE,2026-09-15,1,android,6
S1006793,SES01506,2026-06-25T23:57:08Z,PEW,DXB,2026-09-27,1,ios,47
S1001807,SES01338,2026-06-26T00:05:25Z,LHE,KHI,2026-09-19,3,android,0
S1005846,SES02419,2026-06-26T00:31:40Z,PEW,SHJ,2026-10-06,1,bot,10
S1005010,SES00542,2026-06-26T00:40:48Z,LHE,SHJ,2026-09-18,1,desktop,11
S1005855,SES01895,2026-06-26T00:43:37Z,ISB,LHR,2026-08-13,1,mobile_web,43
S1003309,SES02923,2026-06-26T00:50:08Z,KHI,SHJ,2026-08-04,1,bot,8
S1001896,SES02498,2026-06-26T02:00:14Z,LHE,ISB,2026-09-23,2,mobile_web,43
S1000751,SES01400,2026-06-26T02:05:32Z,LHE,JED,2026-08-10,1,android,30
S1005416,SES00627,2026-06-26T02:08:56Z,KHI,DXB,2026-09-10,1,mobile_web,0
S1004257,SES02553,2026-06-26T02:27:15Z,SHJ,LHE,2026-07-16,1,android,45
S1002332,SES00592,2026-06-26T02:35:00Z,ISB,LHE,2026-10-15,2,desktop,48
S1006945,SES01217,2026-06-26T02:39:07Z,KHI,DXB,2026-08-13,4,mobile_web,28
S1001909,SES01042,2026-06-26T02:41:08Z,SHJ,LHE,2026-07-30,1,mobile_web,22
S1005548,SES02181,2026-06-26T02:48:42Z,LHE,KHI,2026-10-23,1,android,26
S1003284,SES00192,2026-06-26T02:54:08Z,KHI,LHE,2026-08-30,1,desktop,33
S1003091,SES00170,2026-06-26T02:54:51Z,KHI,LHE,2026-09-14,1,ios,4
S1001270,SES01905,2026-06-26T02:58:14Z,ISB,SHJ,2026-09-02,1,mobile_web,23
S1003831,SES00870,2026-06-26T03:07:05Z,SHJ,KHI,2026-08-30,1,mobile_web,13
S1006759,SES00494,2026-06-26T03:08:26Z,KHI,LHE,2026-10-20,1,ios,5
S1006944,SES00271,2026-06-26T03:08:39Z,ISB,KHI,2026-07-04,2,mobile_web,46
S1005780,SES00449,2026-06-26T03:13:43Z,KHI,ISB,2026-07-19,2,android,19
S1007899,SES00136,2026-06-26T03:29:18Z,DXB,ISB,2026-10-19,1,desktop,28
S1007031,SES01993,2026-06-26T03:41:50Z,LHE,DXB,2026-08-13,2,ios,18
S1003770,SES00442,2026-06-26T04:08:38Z,KHI,MUX,2026-09-29,1,desktop,21
S1004346,SES00706,2026-06-26T04:23:38Z,ISB,LHE,2026-07-04,1,desktop,17
S1000461,SES01661,2026-06-26T04:48:44Z,LHE,DXB,2026-10-03,1,android,21
S1005136,SES01371,2026-06-26T05:02:23Z,PEW,SHJ,2026-10-04,1,ios,33
S1003925,SES02585,2026-06-26T05:08:00Z,ISB,PEW,2026-07-24,2,android,33
S1006788,SES01785,2026-06-26T05:09:41Z,LHE,KHI,2026-10-19,1,android,21
S1006799,SES00313,2026-06-26T05:19:28Z,PEW,SHJ,2026-09-08,1,android,16
S1000234,SES00158,2026-06-26T05:25:40Z,LHE,ISB,2026-10-18,2,android,38
S1002161,SES02844,2026-06-26T05:37:53Z,ISB,SHJ,2026-09-11,2,android,31
S1004284,SES01926,2026-06-26T05:45:31Z,DXB,KHI,2026-07-27,1,android,11
S1005167,SES00443,2026-06-26T05:48:19Z,LHE,ISB,2026-09-09,2,desktop,22
S9931778,SES00011,2026-06-26T05:56:05Z,ISB,KHI,2026-07-16,1,desktop,20
S1005747,SES03095,2026-06-26T06:13:07Z,SHJ,LHE,2026-09-28,1,android,3
S1002435,SES02032,2026-06-26T06:15:56Z,LHE,DXB,2026-10-14,4,android,26
S1003803,SES00768,2026-06-26T06:25:19Z,KHI,ISB,2026-07-03,4,mobile_web,7
S1004700,SES00646,2026-06-26T06:38:53Z,ISB,SHJ,2026-07-29,3,android,29
S1004612,SES03030,2026-06-26T06:47:05Z,KHI,LHE,2026-08-26,3,android,19
S1005201,SES02951,2026-06-26T06:51:46Z,ISB,KHI,2026-08-21,2,android,46
S1000936,SES01767,2026-06-26T06:57:26Z,LHE,KHI,2026-07-20,1,android,27
S1007976,SES01990,2026-06-26T07:01:02Z,KHI,ISB,2026-08-07,1,android,47
S1006977,SES01998,2026-06-26T07:01:50Z,KHI,SKT,2026-09-02,4,ios,38
S1005660,SES00251,2026-06-26T07:06:03Z,LHE,JED,2026-10-12,2,android,35
S1005347,SES02350,2026-06-26T07:44:02Z,KHI,SHJ,2026-09-11,1,mobile_web,15
S1006112,SES00612,2026-06-26T08:03:21Z,ISB,PEW,2026-09-30,1,ios,45
S1003923,SES01871,2026-06-26T08:15:49Z,KHI,MUX,2026-10-13,1,ios,23
S1005437,SES03148,2026-06-26T08:31:41Z,LHE,KHI,2026-09-20,1,mobile_web,33
S1003218,SES01941,2026-06-26T08:54:11Z,KHI,LHE,2026-10-03,1,desktop,31
S1005405,SES00631,2026-06-26T08:56:20Z,ISB,KHI,2026-08-14,1,android,33
S1000935,SES00463,2026-06-26T08:58:34Z,LHE,ISB,2026-08-01,2,android,42
S1004813,SES00610,2026-06-26T09:34:18Z,KHI,SKT,2026-10-09,4,desktop,21
S1001524,SES00553,2026-06-26T09:53:19Z,KHI,LHE,2026-09-29,2,desktop,13
S1006318,SES00303,2026-06-26T09:57:34Z,KHI,ISB,2026-07-28,2,desktop,34
S1004200,SES00410,2026-06-26T09:57:56Z,KHI,UET,2026-07-06,3,android,15
S1003666,SES01819,2026-06-26T09:58:43Z,LHE,KHI,2026-07-27,1,android,43
S1005023,SES00991,2026-06-26T10:08:17Z,DXB,KHI,2026-08-31,4,desktop,37
S1002012,SES00867,2026-06-26T10:09:59Z,PEW,DXB,2026-09-01,3,bot,3
S1006448,SES01657,2026-06-26T10:24:21Z,ISB,DXB,2026-10-09,1,android,26
S1001298,SES03360,2026-06-26T10:25:23Z,LHE,DXB,2026-08-10,4,android,40
S1006476,SES00907,2026-06-26T10:36:49Z,ISB,DXB,2026-08-25,1,android,6
S1004592,SES02974,2026-06-26T11:17:19Z,KHI,PEW,2026-08-16,1,android,24
S1005344,SES01594,2026-06-26T11:23:59Z,LHR,ISB,2026-10-13,2,mobile_web,7
S1003441,SES00284,2026-06-26T11:50:21Z,ISB,LHE,2026-08-14,1,android,3
S1001336,SES01088,2026-06-26T11:57:34Z,LHE,ISB,2026-08-02,1,bot,14
S1003263,SES00442,2026-06-26T12:01:49Z,KHI,ISB,2026-08-22,1,desktop,24
S1002619,SES01378,2026-06-26T12:02:23Z,SHJ,KHI,2026-08-16,1,android,45
S1004873,SES02215,2026-06-26T12:18:12Z,KHI,ISB,2026-07-06,3,android,26
S1006899,SES01345,2026-06-26T12:21:03Z,ISB,KHI,2026-10-12,1,ios,6
S1005158,SES02512,2026-06-26T12:32:58Z,LHE,DXB,2026-07-04,2,desktop,48
S1002055,SES01085,2026-06-26T12:34:39Z,KHI,SHJ,2026-06-27,1,android,28
S1007397,SES01985,2026-06-26T12:56:11Z,KHI,DXB,2026-07-08,1,android,42
S1006317,SES02299,2026-06-26T13:16:33Z,ISB,SHJ,2026-07-27,2,desktop,30
S1005702,SES00911,2026-06-26T13:21:06Z,DXB,ISB,2026-09-14,1,desktop,29
S1006812,SES01983,2026-06-26T13:29:33Z,LHE,JED,2026-07-21,1,desktop,36
S1001893,SES00774,2026-06-26T13:31:49Z,ISB,KHI,2026-10-24,1,desktop,10
S1007681,SES00145,2026-06-26T13:33:33Z,LHE,SHJ,2026-06-28,2,desktop,19
S1005819,SES01187,2026-06-26T13:35:09Z,LHE,DXB,2026-09-13,1,desktop,43
S1002299,SES02058,2026-06-26T13:51:51Z,DXB,ISB,2026-06-30,2,android,43
S1004202,SES01274,2026-06-26T13:53:18Z,KHI,ISB,2026-07-13,1,mobile_web,25
S1003004,SES00938,2026-06-26T14:01:35Z,LHE,ISB,2026-10-17,1,desktop,38
S1005556,SES02110,2026-06-26T14:06:06Z,LHE,ISB,2026-10-24,1,bot,1
S1000014,SES02917,2026-06-26T14:08:04Z,LHE,KHI,2026-10-23,1,ios,14
S1002948,SES02328,2026-06-26T14:12:28Z,KHI,MUX,2026-10-20,3,android,38
S1007035,SES00421,2026-06-26T14:18:29Z,KHI,ISB,2026-06-27,1,android,9
S1004787,SES02955,2026-06-26T14:30:50Z,KHI,ISB,2026-08-21,2,desktop,19
S1007110,SES01190,2026-06-26T14:32:22Z,KHI,LHE,2026-08-27,2,desktop,0
S1002938,SES02834,2026-06-26T14:36:56Z,KHI,ISB,2026-08-29,3,android,6
S1001061,SES02181,2026-06-26T14:54:26Z,ISB,SHJ,2026-09-20,2,android,33
S1001894,SES00971,2026-06-26T14:58:13Z,KHI,ISB,2026-09-22,1,ios,12
S1001767,SES00959,2026-06-26T15:06:26Z,KHI,LHE,2026-09-08,2,android,31
S1005220,SES00260,2026-06-26T15:23:36Z,SHJ,KHI,2026-07-22,1,mobile_web,37
S1001276,SES01363,2026-06-26T15:28:30Z,ISB,SHJ,2026-10-01,4,ios,24
S1004605,SES03300,2026-06-26T15:37:29Z,KHI,SKT,2026-10-18,1,android,34
S1004298,SES00141,2026-06-26T15:43:10Z,LHE,ISB,2026-10-23,1,ios,43
S1007499,SES01434,2026-06-26T15:49:46Z,KHI,LHE,2026-07-15,1,android,41
S1000835,SES01334,2026-06-26T16:01:01Z,KHI,ISB,2026-09-07,3,android,47
S1006213,SES02100,2026-06-26T16:07:14Z,LHE,KHI,2026-08-27,2,mobile_web,29
S1006103,SES03371,2026-06-26T16:11:45Z,ISB,DXB,2026-06-28,1,mobile_web,13
S1007854,SES00963,2026-06-26T16:30:19Z,KHI,LHE,2026-08-02,2,android,16
S1001829,SES01108,2026-06-26T17:08:40Z,KHI,ISB,2026-07-04,1,android,43
S1003532,SES01865,2026-06-26T17:24:34Z,KHI,MUX,2026-06-29,1,ios,34
S1003296,SES01037,2026-06-26T17:27:17Z,KHI,DXB,2026-07-18,4,mobile_web,46
S1000511,SES03039,2026-06-26T17:31:29Z,KHI,LHE,2026-07-16,1,mobile_web,9
S1005456,SES02154,2026-06-26T17:34:30Z,KHI,DXB,2026-08-25,1,android,28
S1004425,SES01641,2026-06-26T17:54:20Z,LHE,JED,2026-09-19,3,android,3
S1005689,SES03070,2026-06-26T17:55:58Z,KHI,ISB,2026-10-13,2,android,1
S1003053,SES02736,2026-06-26T18:20:41Z,LHE,DXB,2026-08-22,2,desktop,12
S1007161,SES00712,2026-06-26T18:24:33Z,SHJ,KHI,2026-07-17,2,android,2
S1006393,SES00898,2026-06-26T18:26:24Z,KHI,LHE,2026-08-19,1,android,0
S1003852,SES02509,2026-06-26T18:28:34Z,ISB,SHJ,2026-10-02,1,mobile_web,14
S1003429,SES00673,2026-06-26T18:29:55Z,LHE,ISB,2026-08-17,2,desktop,44
S1004638,SES03180,2026-06-26T18:35:32Z,ISB,KHI,2026-10-03,1,mobile_web,38
S1007929,SES02962,2026-06-26T18:37:13Z,KHI,SHJ,2026-07-30,2,bot,25
S1001788,SES00433,2026-06-26T18:41:20Z,PEW,SHJ,2026-06-28,1,mobile_web,3
S1007853,SES03318,2026-06-26T18:45:32Z,KHI,DXB,2026-09-15,2,android,18
S1007884,SES03347,2026-06-26T18:54:27Z,LHE,ISB,2026-08-22,1,mobile_web,29
S1006044,SES01659,2026-06-26T19:07:53Z,SHJ,LHE,2026-09-12,1,mobile_web,28
S1001706,SES02827,2026-06-26T19:08:49Z,LHE,KHI,2026-08-06,1,bot,25
S1007970,SES00270,2026-06-26T19:15:29Z,KHI,ISB,2026-08-31,1,android,21
S1001910,SES00322,2026-06-26T19:25:32Z,KHI,ISB,2026-10-19,2,desktop,34
S1006983,SES00184,2026-06-26T19:49:45Z,LHE,JED,2026-08-23,2,desktop,46
S1007915,SES03191,2026-06-26T20:28:31Z,ISB,KHI,2026-07-04,1,ios,22
S1003636,SES03178,2026-06-26T20:45:57Z,KHI,ISB,2026-10-17,1,mobile_web,24
S1007386,SES02318,2026-06-26T20:57:38Z,PEW,DXB,2026-07-16,2,android,13
S1001713,SES03034,2026-06-26T21:07:37Z,KHI,ISB,2026-07-13,4,mobile_web,25
S1005024,SES00121,2026-06-26T21:07:41Z,ISB,SHJ,2026-07-08,1,android,46
S1006773,SES03033,2026-06-26T21:08:54Z,KHI,ISB,2026-09-10,4,mobile_web,38
S1001897,SES03211,2026-06-26T21:19:34Z,LHE,KHI,2026-08-16,2,android,15
S1006432,SES00967,2026-06-26T21:19:45Z,ISB,KHI,2026-09-10,1,mobile_web,34
S1005257,SES00271,2026-06-26T21:26:34Z,LHE,ISB,2026-06-28,1,mobile_web,38
S1007201,SES01294,2026-06-26T21:28:22Z,ISB,SHJ,2026-07-03,2,ios,6
S1005658,SES02922,2026-06-26T21:30:54Z,ISB,SHJ,2026-08-14,1,ios,20
S1001693,SES03263,2026-06-26T21:34:47Z,KHI,ISB,2026-10-14,1,android,40
S1005053,SES00834,2026-06-26T21:37:32Z,KHI,LHE,2026-07-27,1,ios,48
S1002341,SES00909,2026-06-26T21:40:43Z,DXB,ISB,2026-09-20,1,ios,3
S1002336,SES00007,2026-06-26T21:45:30Z,KHI,PEW,2026-08-17,1,desktop,8
S1003966,SES00984,2026-06-26T22:13:03Z,DXB,LHE,2026-08-24,1,android,30
S1007553,SES00460,2026-06-26T22:29:04Z,KHI,MUX,2026-10-18,1,desktop,37
S1007849,SES01696,2026-06-26T22:32:10Z,LHE,SHJ,2026-08-19,2,ios,17
S1000037,SES00262,2026-06-26T22:38:20Z,LHE,DXB,2026-06-30,2,android,30
S1006632,SES01315,2026-06-26T22:43:06Z,KHI,LHE,2026-08-28,2,android,22
S1007177,SES01675,2026-06-26T22:47:53Z,LHE,ISB,2026-08-04,2,desktop,34
S1003454,SES00013,2026-06-26T22:58:14Z,KHI,JED,2026-06-27,3,android,44
S1001397,SES01910,2026-06-26T23:06:21Z,LHE,KHI,2026-08-08,1,desktop,29
S1006987,SES03316,2026-06-26T23:10:06Z,ISB,PEW,2026-07-08,1,android,21
S1001178,SES01391,2026-06-26T23:22:09Z,DXB,ISB,2026-10-03,1,android,15
S1004313,SES02785,2026-06-26T23:31:29Z,ISB,KHI,2026-07-18,3,desktop,22
S1003723,SES01311,2026-06-26T23:40:38Z,KHI,ISB,2026-07-28,1,android,47
S1005121,SES00726,2026-06-27T00:13:55Z,KHI,ISB,2026-07-04,1,android,33
S1002898,SES00225,2026-06-27T00:19:32Z,KHI,ISB,2026-09-16,1,ios,6
S1004940,SES02199,2026-06-27T00:35:03Z,ISB,LHR,2026-08-13,3,android,43
S1001216,SES01589,2026-06-27T00:37:15Z,ISB,SHJ,2026-08-30,1,desktop,44
S1003500,SES00595,2026-06-27T00:41:06Z,KHI,SKT,2026-09-15,1,bot,16
S1007362,SES01669,2026-06-27T01:15:19Z,KHI,MUX,2026-07-17,1,mobile_web,22
S1007862,SES01122,2026-06-27T01:25:56Z,KHI,LHE,2026-08-10,1,bot,14
S1002505,SES02484,2026-06-27T01:34:03Z,KHI,SHJ,2026-10-17,2,bot,29
S1005467,SES00208,2026-06-27T01:35:15Z,KHI,ISB,2026-07-14,3,desktop,0
S1001052,SES00575,2026-06-27T01:36:30Z,ISB,PEW,2026-07-13,1,mobile_web,1
S1006375,SES00806,2026-06-27T01:37:50Z,DXB,ISB,2026-07-01,1,android,13
S1000357,SES02779,2026-06-27T01:41:46Z,KHI,ISB,2026-08-07,1,android,2
S1005672,SES00797,2026-06-27T01:44:30Z,SHJ,KHI,2026-10-10,3,android,11
S1005315,SES00524,2026-06-27T01:55:25Z,LHE,KHI,2026-08-18,2,android,45
S1004181,SES02529,2026-06-27T02:30:48Z,ISB,PEW,2026-08-08,1,ios,46
S1003344,SES00494,2026-06-27T02:42:54Z,KHI,PEW,2026-09-13,1,bot,15
S1002825,SES02842,2026-06-27T02:47:17Z,KHI,PEW,2026-08-24,1,android,8
S1005633,SES00294,2026-06-27T02:49:05Z,KHI,JED,2026-08-22,2,android,10
S1002456,SES02775,2026-06-27T02:50:37Z,LHE,DXB,2026-07-02,1,android,10
S1004669,SES00718,2026-06-27T02:51:01Z,KHI,ISB,2026-07-20,1,desktop,13
S1005696,SES00779,2026-06-27T02:52:31Z,ISB,PEW,2026-07-26,3,desktop,37
S9915341,SES02022,2026-06-27T03:12:44Z,KHI,ISB,2026-06-28,1,android,7
S1007800,SES02625,2026-06-27T03:14:13Z,DXB,KHI,2026-08-18,2,android,27
S1001653,SES01685,2026-06-27T03:32:50Z,KHI,ISB,2026-10-21,1,mobile_web,36
S1000337,SES00732,2026-06-27T04:07:47Z,KHI,UET,2026-08-31,2,desktop,44
S1000323,SES00057,2026-06-27T04:38:19Z,LHE,ISB,2026-07-23,1,mobile_web,37
S9134157,SES00831,2026-06-27T04:43:00Z,LHE,DXB,2026-07-03,4,desktop,5
S1005873,SES01394,2026-06-27T05:14:49Z,LHE,DXB,2026-07-18,2,mobile_web,35
S1001110,SES01105,2026-06-27T05:19:07Z,KHI,ISB,2026-08-20,1,android,0
S1003334,SES01993,2026-06-27T05:24:52Z,DXB,ISB,2026-09-15,3,android,17
S1000522,SES03303,2026-06-27T05:35:31Z,ISB,SHJ,2026-07-03,2,ios,5
S1003849,SES02230,2026-06-27T05:43:04Z,KHI,SKT,2026-08-05,2,android,21
S1001888,SES00859,2026-06-27T05:51:12Z,KHI,SHJ,2026-10-21,1,desktop,15
S1002047,SES02740,2026-06-27T06:00:20Z,ISB,KHI,2026-10-03,3,android,3
S1001426,SES02280,2026-06-27T06:38:45Z,KHI,LHE,2026-08-19,1,bot,47
S1001069,SES00277,2026-06-27T06:40:33Z,ISB,SHJ,2026-08-06,1,android,36
S1004411,SES00630,2026-06-27T07:07:49Z,KHI,DXB,2026-08-16,4,desktop,37
S1001247,SES01056,2026-06-27T07:14:58Z,ISB,SHJ,2026-06-30,1,mobile_web,36
S1006195,SES00266,2026-06-27T07:44:56Z,KHI,DXB,2026-08-28,2,ios,24
S1004956,SES00869,2026-06-27T07:50:16Z,KHI,DXB,2026-09-11,1,android,1
S1004188,SES02763,2026-06-27T07:51:23Z,LHE,SHJ,2026-10-04,3,android,15
S1007468,SES03266,2026-06-27T07:55:58Z,KHI,LHE,2026-10-14,3,desktop,27
S1003434,SES00272,2026-06-27T08:10:53Z,KHI,LHE,2026-08-27,1,android,14
S1001416,SES02943,2026-06-27T08:18:42Z,KHI,ISB,2026-07-14,1,desktop,26
S1003160,SES01386,2026-06-27T08:19:45Z,DXB,LHE,2026-08-17,2,desktop,6
S1004860,SES01074,2026-06-27T08:27:08Z,KHI,ISB,2026-09-04,1,desktop,42
S1002314,SES01709,2026-06-27T08:34:27Z,KHI,SKT,2026-07-21,1,desktop,32
S9656239,SES01922,2026-06-27T08:47:10Z,ISB,LHR,2026-07-13,2,desktop,16
S9400863,SES00803,2026-06-27T08:50:19Z,KHI,DXB,2026-08-16,1,desktop,23
S1007162,SES00174,2026-06-27T08:56:30Z,DXB,LHE,2026-09-06,1,mobile_web,18
S1005752,SES00146,2026-06-27T09:03:55Z,LHE,KHI,2026-10-02,2,android,3
S9110919,SES02197,2026-06-27T09:12:27Z,LHE,DXB,2026-07-03,1,android,18
S9432297,SES01492,2026-06-27T09:31:15Z,ISB,DXB,2026-07-03,3,desktop,20
S1007025,SES03249,2026-06-27T09:31:48Z,ISB,SHJ,2026-08-26,1,android,41
S1001062,SES02453,2026-06-27T09:44:18Z,LHE,KHI,2026-09-18,1,ios,25
S1001125,SES00658,2026-06-27T09:48:04Z,ISB,PEW,2026-07-04,2,ios,35
S9125638,SES00944,2026-06-27T09:53:04Z,PEW,SHJ,2026-08-12,1,desktop,11
S1006288,SES02413,2026-06-27T10:08:45Z,DXB,ISB,2026-09-20,1,desktop,6
S1002844,SES00384,2026-06-27T10:09:06Z,KHI,DXB,2026-07-10,2,ios,40
S1000007,SES02212,2026-06-27T10:09:26Z,LHE,SHJ,2026-10-06,3,desktop,5
S1000750,SES03109,2026-06-27T10:10:02Z,PEW,SHJ,2026-10-08,3,android,6
S1004249,SES03148,2026-06-27T10:10:07Z,KHI,LHE,2026-09-23,1,mobile_web,18
S1001702,SES02588,2026-06-27T10:10:47Z,SHJ,KHI,2026-10-20,1,mobile_web,9
S1003468,SES01880,2026-06-27T10:21:09Z,ISB,KHI,2026-09-25,3,desktop,46
S1004347,SES02112,2026-06-27T10:28:13Z,KHI,UET,2026-09-19,1,android,22
S1002573,SES00906,2026-06-27T10:30:21Z,KHI,SHJ,2026-07-08,1,android,42
S1002306,SES02350,2026-06-27T10:32:06Z,LHE,ISB,2026-09-06,1,android,45
S1005110,SES00612,2026-06-27T10:57:18Z,KHI,ISB,2026-08-01,1,desktop,45
S1006591,SES02743,2026-06-27T11:04:15Z,LHE,KHI,2026-08-22,1,android,4
S1007965,SES00662,2026-06-27T11:40:08Z,ISB,KHI,2026-09-02,2,android,25
S1005589,SES02576,2026-06-27T11:48:40Z,DXB,ISB,2026-09-26,1,android,34
S1002095,SES02388,2026-06-27T12:11:31Z,PEW,SHJ,2026-09-13,4,desktop,8
S1000482,SES00225,2026-06-27T12:14:36Z,LHE,KHI,2026-09-02,1,android,2
S1007700,SES00281,2026-06-27T12:17:49Z,KHI,ISB,2026-09-02,2,android,10
S1002377,SES01804,2026-06-27T12:27:25Z,KHI,PEW,2026-08-29,1,android,13
S1006253,SES00214,2026-06-27T12:50:24Z,KHI,UET,2026-10-06,1,desktop,41
S1000031,SES02213,2026-06-27T13:05:01Z,KHI,ISB,2026-07-12,1,desktop,45
S1004165,SES01551,2026-06-27T13:12:03Z,ISB,LHE,2026-09-30,1,mobile_web,35
S1002301,SES00876,2026-06-27T13:17:08Z,KHI,ISB,2026-10-23,1,android,11
S1006041,SES00044,2026-06-27T13:17:24Z,KHI,MUX,2026-07-03,1,ios,5
S1004074,SES03076,2026-06-27T13:33:00Z,DXB,ISB,2026-06-29,4,bot,24
S1003176,SES00785,2026-06-27T13:38:55Z,KHI,DXB,2026-09-24,2,android,12
S1002228,SES02120,2026-06-27T13:51:39Z,DXB,ISB,2026-08-07,1,android,15
S1005172,SES02706,2026-06-27T14:18:19Z,ISB,SHJ,2026-08-01,2,android,41
S1000004,SES01555,2026-06-27T14:51:40Z,PEW,SHJ,2026-09-08,2,desktop,0
S1001355,SES01715,2026-06-27T14:58:13Z,LHE,ISB,2026-10-25,1,desktop,20
S1000327,SES03288,2026-06-27T15:00:52Z,KHI,DXB,2026-07-05,3,android,22
S1002367,SES01709,2026-06-27T15:35:31Z,KHI,DXB,2026-08-13,1,mobile_web,44
S1007253,SES01350,2026-06-27T15:42:42Z,ISB,KHI,2026-07-08,1,android,2
S1003269,SES02116,2026-06-27T16:17:56Z,ISB,KHI,2026-07-13,1,android,3
S1004315,SES03209,2026-06-27T16:23:15Z,LHE,KHI,2026-08-26,1,desktop,37
S1004314,SES00295,2026-06-27T17:04:12Z,PEW,SHJ,2026-07-02,2,android,7
S1002331,SES01765,2026-06-27T17:07:32Z,LHE,DXB,2026-09-16,1,desktop,42
S1003778,SES00939,2026-06-27T17:13:00Z,SHJ,KHI,2026-10-20,1,android,45
S1001067,SES02832,2026-06-27T17:17:16Z,ISB,SHJ,2026-09-29,1,desktop,32
S1002258,SES02651,2026-06-27T17:18:45Z,ISB,LHE,2026-09-20,3,android,13
S1006989,SES00716,2026-06-27T17:24:10Z,KHI,LHE,2026-10-15,1,android,37
S1007904,SES00263,2026-06-27T17:29:27Z,PEW,DXB,2026-09-17,1,ios,47
S1002749,SES02056,2026-06-27T18:10:10Z,PEW,DXB,2026-07-06,4,mobile_web,45
S1004530,SES00637,2026-06-27T18:16:23Z,KHI,PEW,2026-10-11,1,desktop,29
S1004422,SES00832,2026-06-27T18:23:51Z,LHE,KHI,2026-08-15,4,android,17
S1007350,SES03262,2026-06-27T18:28:22Z,ISB,SHJ,2026-09-29,1,desktop,13
S1007057,SES00909,2026-06-27T18:45:03Z,ISB,PEW,2026-10-10,1,android,5
S1007465,SES02381,2026-06-27T18:45:25Z,ISB,KHI,2026-07-15,1,android,10
S1006378,SES00839,2026-06-27T18:50:18Z,LHE,DXB,2026-10-24,1,mobile_web,2
S1000431,SES02143,2026-06-27T18:52:54Z,LHE,DXB,2026-09-04,1,mobile_web,31
S1003739,SES00478,2026-06-27T18:55:26Z,KHI,SHJ,2026-08-25,2,android,48
S1004009,SES02865,2026-06-27T19:06:51Z,SHJ,LHE,2026-10-05,3,android,15
S1001468,SES03264,2026-06-27T19:09:46Z,KHI,UET,2026-07-22,1,android,6
S1004271,SES01117,2026-06-27T19:12:13Z,KHI,ISB,2026-08-22,1,mobile_web,43
S1001498,SES00494,2026-06-27T19:25:16Z,KHI,LHE,2026-08-28,3,android,42
S1006903,SES03215,2026-06-27T19:32:23Z,KHI,ISB,2026-10-08,1,ios,0
S1003489,SES02793,2026-06-27T19:59:38Z,LHE,JED,2026-07-18,1,android,39
S9349094,SES00219,2026-06-27T20:00:35Z,SHJ,LHE,2026-10-19,2,desktop,18
S1006975,SES01528,2026-06-27T20:09:26Z,ISB,KHI,2026-09-07,2,desktop,23
S1007402,SES02487,2026-06-27T20:25:21Z,ISB,KHI,2026-08-08,1,ios,20
S1005173,SES03339,2026-06-27T20:32:42Z,KHI,SHJ,2026-09-29,2,ios,19
S1000062,SES03103,2026-06-27T21:03:43Z,KHI,LHE,2026-07-26,2,android,23
S1005778,SES02671,2026-06-27T21:22:31Z,LHE,JED,2026-10-22,4,mobile_web,26
S1004849,SES02181,2026-06-27T21:34:01Z,LHE,KHI,2026-08-30,2,ios,0
S1005249,SES02517,2026-06-27T21:40:12Z,KHI,ISB,2026-08-31,1,android,13
S1007273,SES02998,2026-06-27T21:45:00Z,LHE,KHI,2026-09-26,1,android,24
S1007704,SES02564,2026-06-27T21:57:32Z,ISB,PEW,2026-08-10,1,ios,6
S1002630,SES02563,2026-06-27T21:59:44Z,PEW,SHJ,2026-08-25,1,ios,45
S9152370,SES00973,2026-06-27T22:30:45Z,KHI,DXB,2026-07-02,1,android,25
S1006845,SES01223,2026-06-27T22:44:55Z,KHI,JED,2026-09-15,1,ios,24
S1007171,SES02375,2026-06-27T22:48:19Z,ISB,SHJ,2026-10-04,1,android,48
S1005880,SES02122,2026-06-27T23:02:28Z,KHI,ISB,2026-10-08,3,android,18
S9837440,SES00007,2026-06-27T23:14:20Z,KHI,LHE,2026-07-12,1,android,24
S1006367,SES01585,2026-06-27T23:15:03Z,ISB,DXB,2026-07-25,1,mobile_web,42
S1004060,SES00048,2026-06-27T23:16:41Z,LHE,SHJ,2026-07-14,2,android,42
S1007348,SES01828,2026-06-27T23:24:45Z,KHI,LHE,2026-10-08,2,desktop,45
S1001880,SES01430,2026-06-27T23:34:10Z,ISB,LHE,2026-07-24,2,ios,29
S1006252,SES02460,2026-06-27T23:43:07Z,ISB,DXB,2026-08-07,2,ios,5
S1002547,SES02280,2026-06-27T23:52:44Z,KHI,SKT,2026-08-16,1,ios,27
S1004712,SES00963,2026-06-27T23:58:57Z,KHI,DXB,2026-09-13,2,android,38
S1007544,SES00359,2026-06-27T23:59:53Z,LHE,DXB,2026-09-13,3,android,41
S1003184,SES00113,2026-06-28T00:04:45Z,KHI,SHJ,2026-08-19,1,desktop,15
S1000727,SES02663,2026-06-28T00:16:35Z,PEW,SHJ,2026-07-20,1,desktop,33
S1005884,SES00148,2026-06-28T00:27:05Z,LHE,JED,2026-07-09,1,android,32
S1006672,SES03000,2026-06-28T00:33:50Z,KHI,ISB,2026-08-08,3,android,29
S1004448,SES02446,2026-06-28T00:36:37Z,KHI,PEW,2026-07-03,1,android,9
S1004316,SES00195,2026-06-28T00:43:29Z,LHE,SHJ,2026-10-19,1,android,33
S1007493,SES02260,2026-06-28T00:44:54Z,KHI,UET,2026-07-06,2,desktop,27
S1002814,SES00105,2026-06-28T00:52:42Z,LHE,ISB,2026-08-30,2,ios,44
S1002114,SES00251,2026-06-28T00:55:28Z,PEW,SHJ,2026-08-22,1,ios,46
S1005460,SES03032,2026-06-28T00:56:19Z,LHE,JED,2026-09-22,2,mobile_web,35
S1002924,SES02153,2026-06-28T01:04:41Z,PEW,SHJ,2026-09-18,4,bot,44
S1006850,SES00090,2026-06-28T01:43:25Z,DXB,ISB,2026-08-20,3,android,26
S1003493,SES02710,2026-06-28T01:50:41Z,LHE,JED,2026-10-10,3,mobile_web,8
S1003807,SES03008,2026-06-28T01:55:42Z,KHI,ISB,2026-10-16,1,ios,24
S1000358,SES01919,2026-06-28T01:58:22Z,SHJ,KHI,2026-08-01,3,android,38
S1000409,SES02504,2026-06-28T02:03:32Z,KHI,LHE,2026-08-26,1,android,30
S1000333,SES01113,2026-06-28T02:20:16Z,ISB,LHR,2026-10-05,1,android,34
S1007018,SES02394,2026-06-28T02:54:24Z,KHI,LHE,2026-08-20,3,android,38
S1005638,SES00635,2026-06-28T03:21:56Z,ISB,KHI,2026-10-18,2,desktop,24
S1004377,SES00157,2026-06-28T03:33:00Z,ISB,KHI,2026-07-01,2,ios,2
S1005345,SES00987,2026-06-28T03:43:29Z,KHI,DXB,2026-07-03,4,android,19
S1006191,SES02160,2026-06-28T04:19:06Z,PEW,DXB,2026-10-12,1,android,25
S1000895,SES03223,2026-06-28T04:21:58Z,PEW,SHJ,2026-10-05,3,android,1
S1000212,SES03360,2026-06-28T04:38:17Z,ISB,LHE,2026-10-25,1,mobile_web,48
S1000041,SES01606,2026-06-28T04:44:08Z,KHI,ISB,2026-10-06,1,desktop,0
S1007092,SES02345,2026-06-28T04:46:57Z,ISB,DXB,2026-08-29,1,android,19
S1002639,SES02615,2026-06-28T04:49:05Z,KHI,SKT,2026-10-06,1,mobile_web,0
S1007148,SES02095,2026-06-28T05:03:32Z,KHI,ISB,2026-07-31,1,android,26
S1006589,SES02544,2026-06-28T05:07:27Z,LHE,KHI,2026-10-21,1,android,20
S1003233,SES02928,2026-06-28T05:13:35Z,KHI,SKT,2026-09-06,4,ios,21
S1004024,SES01183,2026-06-28T05:13:49Z,LHE,JED,2026-09-24,1,ios,15
S1007213,SES02625,2026-06-28T05:14:00Z,ISB,KHI,2026-09-01,1,android,23
S1000024,SES03321,2026-06-28T05:19:23Z,KHI,MUX,2026-09-04,2,ios,36
S1007346,SES02343,2026-06-28T05:25:27Z,KHI,JED,2026-08-12,1,android,37
S1003248,SES01645,2026-06-28T05:35:34Z,KHI,LHE,2026-10-03,2,android,27
S9368937,SES02621,2026-06-28T06:01:03Z,ISB,KHI,2026-07-12,6,desktop,32
S1004224,SES01650,2026-06-28T06:10:16Z,LHE,JED,2026-08-27,1,desktop,11
S1004234,SES00710,2026-06-28T06:26:39Z,LHE,JED,2026-10-25,1,mobile_web,7
S1001740,SES00462,2026-06-28T06:28:41Z,LHR,ISB,2026-08-26,4,desktop,27
S1004320,SES03348,2026-06-28T06:33:59Z,ISB,PEW,2026-07-11,1,desktop,13
S1007117,SES02562,2026-06-28T06:49:49Z,ISB,PEW,2026-07-21,2,android,13
S1000241,SES03339,2026-06-28T06:51:47Z,LHE,KHI,2026-09-20,3,mobile_web,44
S1005906,SES01738,2026-06-28T06:55:18Z,ISB,SHJ,2026-10-21,3,mobile_web,13
S1005581,SES00972,2026-06-28T07:10:23Z,KHI,DXB,2026-08-26,4,android,3
S1003764,SES02511,2026-06-28T07:19:11Z,ISB,SHJ,2026-10-18,1,android,15
S1004912,SES00923,2026-06-28T07:34:18Z,KHI,UET,2026-09-19,1,mobile_web,40
S1002793,SES00420,2026-06-28T07:38:01Z,KHI,LHE,2026-08-04,3,android,44
S1007153,SES02862,2026-06-28T07:42:29Z,LHE,KHI,2026-08-16,1,android,42
S1000716,SES01321,2026-06-28T07:46:39Z,KHI,SKT,2026-09-08,1,mobile_web,32
S1001592,SES01931,2026-06-28T07:50:16Z,KHI,ISB,2026-08-28,3,desktop,8
S1005157,SES02386,2026-06-28T08:10:02Z,KHI,LHE,2026-08-22,2,android,9
S1003266,SES00681,2026-06-28T08:14:25Z,KHI,SHJ,2026-07-24,1,ios,26
S1003820,SES00109,2026-06-28T08:15:25Z,KHI,DXB,2026-07-25,3,desktop,26
S1005134,SES01204,2026-06-28T08:39:44Z,LHR,ISB,2026-10-13,1,android,42
S1001005,SES02819,2026-06-28T08:43:09Z,KHI,DXB,2026-07-15,1,android,47
S1003471,SES00663,2026-06-28T08:45:53Z,KHI,DXB,2026-10-03,1,android,0
S1003518,SES00610,2026-06-28T08:53:43Z,KHI,ISB,2026-08-12,1,mobile_web,34
S1002607,SES02143,2026-06-28T09:11:24Z,ISB,LHE,2026-10-13,1,ios,47
S1001449,SES02945,2026-06-28T09:15:35Z,ISB,PEW,2026-09-13,2,desktop,40
S1007724,SES02219,2026-06-28T09:18:06Z,PEW,DXB,2026-09-16,3,desktop,19
S1006183,SES00877,2026-06-28T09:48:44Z,DXB,LHE,2026-10-07,1,android,4
S1003808,SES01282,2026-06-28T09:48:59Z,DXB,ISB,2026-10-21,1,android,28
S1005527,SES00523,2026-06-28T09:52:24Z,LHE,ISB,2026-07-10,3,android,48
S1006706,SES01410,2026-06-28T09:54:27Z,KHI,LHE,2026-08-13,1,android,3
S1007441,SES01158,2026-06-28T09:58:46Z,LHR,ISB,2026-08-27,1,bot,28
S1005511,SES02595,2026-06-28T10:17:39Z,ISB,KHI,2026-07-14,1,android,48
S1003267,SES00442,2026-06-28T10:18:30Z,KHI,MUX,2026-07-25,1,android,40
S1006580,SES01330,2026-06-28T10:25:06Z,KHI,JED,2026-10-14,1,desktop,45
S1006581,SES02841,2026-06-28T10:29:30Z,LHE,DXB,2026-08-22,1,mobile_web,8
S1002976,SES02368,2026-06-28T10:47:13Z,ISB,SHJ,2026-07-09,1,android,15
S1002622,SES01776,2026-06-28T10:48:46Z,ISB,KHI,2026-07-10,1,desktop,19
S1002830,SES02605,2026-06-28T10:49:24Z,SHJ,LHE,2026-10-01,3,android,20
S1004570,SES01942,2026-06-28T10:54:07Z,KHI,ISB,2026-08-09,3,android,24
S1007176,SES02456,2026-06-28T10:58:16Z,DXB,KHI,2026-10-26,2,desktop,33
S1004002,SES02793,2026-06-28T11:15:13Z,ISB,SHJ,2026-08-21,1,desktop,7
S1003422,SES01340,2026-06-28T11:33:11Z,ISB,KHI,2026-08-30,4,ios,37
S1006871,SES00903,2026-06-28T11:45:52Z,ISB,KHI,2026-10-01,1,android,6
S9663410,SES01921,2026-06-28T12:25:55Z,LHE,ISB,2026-07-04,1,android,34
S1000075,SES01411,2026-06-28T12:30:34Z,KHI,SHJ,2026-08-26,1,ios,28
S1007918,SES02249,2026-06-28T12:35:14Z,DXB,KHI,2026-10-03,2,android,15
S1004250,SES02459,2026-06-28T12:36:16Z,LHE,KHI,2026-10-10,4,android,5
S1001899,SES03044,2026-06-28T13:14:11Z,LHE,JED,2026-10-05,1,ios,47
S1002697,SES01532,2026-06-28T13:31:02Z,KHI,ISB,2026-07-17,4,ios,41
S1004941,SES01286,2026-06-28T13:40:26Z,ISB,PEW,2026-10-10,1,ios,11
S1000228,SES02096,2026-06-28T13:51:51Z,ISB,SHJ,2026-08-16,3,ios,0
S1004863,SES00665,2026-06-28T13:51:59Z,ISB,DXB,2026-09-16,3,mobile_web,42
S1002785,SES00414,2026-06-28T14:01:32Z,KHI,ISB,2026-10-10,2,android,12
S1006627,SES03153,2026-06-28T14:14:57Z,PEW,DXB,2026-07-16,2,ios,31
S1000132,SES03258,2026-06-28T14:16:49Z,KHI,ISB,2026-08-22,1,ios,16
S1003397,SES01161,2026-06-28T14:17:46Z,KHI,JED,2026-08-13,1,android,1
S1002807,SES01884,2026-06-28T14:19:36Z,KHI,DXB,2026-10-10,4,desktop,10
S1006042,SES00690,2026-06-28T14:24:20Z,KHI,ISB,2026-10-22,1,desktop,43
S1003206,SES01617,2026-06-28T14:29:08Z,ISB,DXB,2026-09-28,2,android,48
S1004500,SES03265,2026-06-28T15:05:16Z,SHJ,KHI,2026-08-30,2,android,26
S1006910,SES00847,2026-06-28T15:27:25Z,KHI,ISB,2026-09-17,2,desktop,40
S1004470,SES01344,2026-06-28T15:32:20Z,ISB,KHI,2026-10-17,3,ios,41
S1002551,SES00151,2026-06-28T15:33:15Z,DXB,KHI,2026-07-05,2,desktop,21
S1006837,SES00895,2026-06-28T15:38:48Z,KHI,SHJ,2026-07-17,1,bot,18
S1000242,SES02975,2026-06-28T15:55:50Z,KHI,SHJ,2026-09-03,3,ios,36
S1002603,SES01122,2026-06-28T16:06:02Z,KHI,ISB,2026-10-22,1,android,38
S1002986,SES01411,2026-06-28T16:06:35Z,SHJ,LHE,2026-08-07,1,mobile_web,29
S1003043,SES02018,2026-06-28T16:34:57Z,DXB,ISB,2026-10-17,1,mobile_web,0
S1002202,SES02460,2026-06-28T16:44:17Z,ISB,KHI,2026-08-25,1,android,9
S1000720,SES00981,2026-06-28T16:45:42Z,KHI,DXB,2026-07-25,2,mobile_web,16
S1006865,SES03082,2026-06-28T17:14:57Z,KHI,LHE,2026-10-04,2,desktop,29
S1001586,SES02983,2026-06-28T17:34:21Z,KHI,UET,2026-07-13,3,bot,38
S1007428,SES03274,2026-06-28T17:58:18Z,ISB,LHE,2026-07-13,1,android,20
S1004364,SES01950,2026-06-28T18:03:38Z,KHI,LHE,2026-09-10,2,android,47
S1005063,SES00625,2026-06-28T18:17:30Z,DXB,LHE,2026-09-26,1,mobile_web,33
S1002901,SES02934,2026-06-28T18:50:09Z,KHI,DXB,2026-10-18,2,android,30
S1001140,SES03299,2026-06-28T18:56:53Z,PEW,DXB,2026-07-23,2,android,7
S1003143,SES00077,2026-06-28T19:01:03Z,KHI,LHE,2026-08-22,2,desktop,41
S1007664,SES00122,2026-06-28T19:06:55Z,KHI,SHJ,2026-07-04,1,desktop,21
S1002688,SES03308,2026-06-28T19:07:48Z,KHI,PEW,2026-08-22,2,mobile_web,28
S1000923,SES01517,2026-06-28T19:08:29Z,KHI,MUX,2026-10-10,1,mobile_web,33
S1001520,SES01020,2026-06-28T19:13:26Z,KHI,MUX,2026-08-01,1,ios,15
S1002449,SES01772,2026-06-28T19:14:17Z,ISB,KHI,2026-09-01,2,desktop,29
S1003196,SES01201,2026-06-28T19:23:37Z,KHI,SHJ,2026-09-12,1,android,26
S1004461,SES01507,2026-06-28T19:27:53Z,KHI,ISB,2026-09-30,1,desktop,31
S1002237,SES01964,2026-06-28T19:36:38Z,ISB,KHI,2026-09-12,1,ios,17
S1001315,SES01017,2026-06-28T20:14:20Z,KHI,LHE,2026-07-27,2,desktop,22
S1003068,SES03301,2026-06-28T20:20:20Z,LHE,ISB,2026-07-29,1,mobile_web,48
S1005164,SES00390,2026-06-28T20:23:30Z,KHI,LHE,2026-07-19,1,android,42
S1003205,SES01250,2026-06-28T20:25:46Z,ISB,DXB,2026-09-15,1,android,39
S1000126,SES03372,2026-06-28T20:25:53Z,KHI,ISB,2026-09-14,1,ios,8
S1000710,SES02170,2026-06-28T20:28:06Z,ISB,KHI,2026-07-25,1,android,26
S1006469,SES02395,2026-06-28T21:09:50Z,PEW,SHJ,2026-08-02,1,android,6
S1003088,SES01847,2026-06-28T21:09:51Z,LHE,DXB,2026-08-05,1,ios,23
S1007888,SES03386,2026-06-28T21:15:16Z,ISB,KHI,2026-08-26,2,android,28
S1007859,SES00566,2026-06-28T21:19:45Z,LHR,ISB,2026-07-06,1,android,30
S1005214,SES02065,2026-06-28T21:21:27Z,ISB,SHJ,2026-09-20,1,android,3
S1006609,SES00646,2026-06-28T21:26:07Z,KHI,MUX,2026-08-14,2,android,22
S1002421,SES02165,2026-06-28T21:32:53Z,KHI,LHE,2026-07-27,2,android,20
S1005174,SES02062,2026-06-28T21:39:08Z,KHI,LHE,2026-08-11,1,android,26
S1004001,SES02592,2026-06-28T21:40:11Z,ISB,SHJ,2026-09-10,3,ios,4
S1002777,SES03187,2026-06-28T21:59:07Z,ISB,SHJ,2026-07-18,3,mobile_web,20
S1005003,SES02484,2026-06-28T22:14:31Z,KHI,DXB,2026-08-12,2,android,6
S1003617,SES02271,2026-06-28T22:32:33Z,ISB,KHI,2026-07-19,2,mobile_web,22
S1003898,SES02136,2026-06-28T22:44:43Z,KHI,SHJ,2026-08-20,1,ios,14
S1003648,SES00172,2026-06-28T22:53:02Z,DXB,LHE,2026-07-07,1,desktop,30
S1005680,SES01022,2026-06-28T23:00:41Z,KHI,SHJ,2026-10-14,2,android,42
S9287866,SES00242,2026-06-28T23:11:15Z,DXB,ISB,2026-07-18,1,desktop,33
S1002702,SES02568,2026-06-28T23:23:38Z,LHE,DXB,2026-08-07,1,android,31
S1001218,SES00226,2026-06-28T23:35:10Z,ISB,LHE,2026-08-31,1,ios,43
S1007313,SES00070,2026-06-28T23:40:40Z,PEW,DXB,2026-07-25,4,android,44
S1007563,SES03364,2026-06-28T23:41:40Z,LHE,DXB,2026-08-04,1,desktop,47
S1005642,SES00291,2026-06-28T23:51:17Z,KHI,LHE,2026-07-16,3,ios,20
S1003971,SES03229,2026-06-28T23:51:42Z,LHE,KHI,2026-07-31,1,desktop,21
S1004985,SES02142,2026-06-29T00:07:21Z,KHI,ISB,2026-08-13,1,ios,41
S1003909,SES00074,2026-06-29T00:24:37Z,KHI,LHE,2026-08-02,1,android,28
S1000340,SES00365,2026-06-29T00:25:04Z,LHE,KHI,2026-09-20,1,ios,9
S9132138,SES01301,2026-06-29T00:26:15Z,ISB,SHJ,2026-07-17,1,android,18
S1003319,SES02497,2026-06-29T00:29:40Z,KHI,MUX,2026-09-25,2,desktop,37
S1005493,SES02949,2026-06-29T00:34:33Z,KHI,LHE,2026-08-15,1,android,19
S1000655,SES00516,2026-06-29T00:41:31Z,ISB,SHJ,2026-10-11,2,android,44
S1004485,SES00752,2026-06-29T00:43:26Z,KHI,SHJ,2026-08-14,1,mobile_web,14
S1001859,SES03266,2026-06-29T00:54:37Z,KHI,ISB,2026-09-15,4,android,36
S1002621,SES01311,2026-06-29T01:17:54Z,KHI,ISB,2026-09-26,2,android,41
S1000110,SES01085,2026-06-29T01:23:11Z,DXB,ISB,2026-07-08,1,android,20
S1002409,SES01109,2026-06-29T01:43:21Z,KHI,DXB,2026-08-26,1,mobile_web,6
S1000917,SES02026,2026-06-29T01:49:27Z,DXB,KHI,2026-10-21,4,mobile_web,3
S1004384,SES01706,2026-06-29T01:50:11Z,KHI,DXB,2026-10-17,3,android,42
S9213987,SES00280,2026-06-29T01:56:54Z,LHE,KHI,2026-07-04,2,android,40
S1005297,SES00362,2026-06-29T02:08:46Z,KHI,ISB,2026-07-08,1,ios,12
S1002239,SES01994,2026-06-29T02:12:00Z,KHI,LHE,2026-07-24,2,desktop,24
S1000163,SES00077,2026-06-29T02:29:46Z,KHI,LHE,2026-10-05,2,mobile_web,11
S1006755,SES02420,2026-06-29T02:44:48Z,PEW,DXB,2026-10-27,4,android,33
S1002602,SES02004,2026-06-29T02:46:34Z,SHJ,KHI,2026-07-18,1,ios,28
S1002170,SES01617,2026-06-29T03:27:40Z,LHE,DXB,2026-10-14,1,ios,13
S1001400,SES02719,2026-06-29T03:42:03Z,LHE,SHJ,2026-07-01,2,android,46
S1007955,SES01668,2026-06-29T03:44:58Z,KHI,SKT,2026-10-20,3,ios,0
S1003589,SES01074,2026-06-29T03:46:50Z,KHI,PEW,2026-07-25,1,ios,29
S1006849,SES00741,2026-06-29T03:54:50Z,KHI,DXB,2026-10-08,4,android,33
S1003011,SES01798,2026-06-29T04:43:41Z,KHI,SKT,2026-08-04,2,desktop,48
S1001690,SES01188,2026-06-29T04:44:54Z,KHI,LHE,2026-08-22,3,desktop,26
S1000766,SES00181,2026-06-29T04:59:34Z,KHI,UET,2026-07-29,1,ios,39
S1000198,SES02702,2026-06-29T05:25:04Z,KHI,ISB,2026-09-21,1,mobile_web,8
S1002980,SES01923,2026-06-29T06:18:10Z,KHI,SHJ,2026-10-24,1,android,6
S1002177,SES02662,2026-06-29T06:23:20Z,KHI,SHJ,2026-10-06,1,mobile_web,2
S1000168,SES02490,2026-06-29T06:30:38Z,ISB,DXB,2026-07-18,2,android,43
S1000492,SES02492,2026-06-29T06:37:14Z,ISB,SHJ,2026-10-05,1,ios,29
S1006487,SES01861,2026-06-29T06:37:41Z,SHJ,KHI,2026-09-27,1,android,33
S1002262,SES02219,2026-06-29T06:46:22Z,LHE,DXB,2026-08-14,1,android,0
S1000030,SES00612,2026-06-29T06:54:38Z,LHE,DXB,2026-07-23,2,bot,32
S1001113,SES01673,2026-06-29T07:00:21Z,LHE,ISB,2026-08-18,1,ios,6
S1004686,SES01407,2026-06-29T07:01:00Z,ISB,SHJ,2026-07-18,4,android,32
S1002888,SES01129,2026-06-29T07:01:01Z,ISB,SHJ,2026-10-23,1,desktop,41
S1001293,SES03371,2026-06-29T07:02:30Z,KHI,PEW,2026-07-01,3,android,34
S1004321,SES01767,2026-06-29T07:55:53Z,KHI,ISB,2026-07-15,1,android,6
S1006276,SES01585,2026-06-29T07:56:33Z,KHI,PEW,2026-10-14,1,android,12
S1003776,SES02351,2026-06-29T08:02:55Z,KHI,ISB,2026-09-01,1,android,26
S1003420,SES01776,2026-06-29T08:03:02Z,DXB,KHI,2026-08-26,1,ios,43
S1002656,SES02439,2026-06-29T08:17:12Z,LHR,ISB,2026-09-07,2,android,42
S1006398,SES01448,2026-06-29T08:21:52Z,KHI,MUX,2026-08-17,1,ios,25
S1007491,SES02856,2026-06-29T08:39:21Z,SHJ,KHI,2026-10-22,1,ios,41
S1005926,SES00117,2026-06-29T08:45:22Z,DXB,ISB,2026-07-24,2,ios,2
S1004708,SES00860,2026-06-29T08:50:27Z,PEW,DXB,2026-07-25,1,ios,0
S1005105,SES02608,2026-06-29T09:02:50Z,KHI,SHJ,2026-10-20,1,android,40
S1000003,SES02728,2026-06-29T09:29:08Z,ISB,SHJ,2026-07-06,3,ios,26
S1006015,SES02909,2026-06-29T09:41:37Z,KHI,LHE,2026-08-27,2,android,6
S1005067,SES02226,2026-06-29T09:46:44Z,KHI,LHE,2026-10-16,1,desktop,38
S1002599,SES02859,2026-06-29T09:47:29Z,LHE,DXB,2026-08-14,1,android,19
S9792752,SES01229,2026-06-29T09:51:22Z,KHI,ISB,2026-07-06,2,desktop,20
S1004177,SES01539,2026-06-29T10:02:05Z,KHI,ISB,2026-07-11,1,desktop,40
S1002671,SES02551,2026-06-29T10:56:13Z,LHE,DXB,2026-06-30,3,ios,32
S1002075,SES03291,2026-06-29T11:23:11Z,KHI,ISB,2026-09-18,1,android,1
S1007209,SES02845,2026-06-29T11:36:17Z,KHI,JED,2026-07-18,2,android,46
S1000276,SES02502,2026-06-29T11:37:41Z,KHI,LHE,2026-08-23,1,android,19
S1004947,SES02922,2026-06-29T12:02:56Z,KHI,SHJ,2026-09-15,1,mobile_web,25
S1004376,SES01942,2026-06-29T12:53:33Z,KHI,SHJ,2026-08-01,2,desktop,10
S1005961,SES03325,2026-06-29T13:00:54Z,ISB,LHE,2026-10-22,1,mobile_web,35
S1005839,SES03386,2026-06-29T13:18:32Z,KHI,ISB,2026-07-27,1,android,32
S1003788,SES02016,2026-06-29T13:18:33Z,LHE,ISB,2026-07-11,1,desktop,46
S1001348,SES02282,2026-06-29T13:33:38Z,LHE,KHI,2026-09-01,2,android,43
S1002651,SES00924,2026-06-29T13:38:31Z,KHI,LHE,2026-07-24,1,desktop,17
S1003927,SES01707,2026-06-29T13:42:07Z,LHE,ISB,2026-09-07,2,ios,2
S1002315,SES01544,2026-06-29T14:08:15Z,KHI,LHE,2026-07-16,1,android,41
S1000435,SES02667,2026-06-29T14:52:01Z,KHI,ISB,2026-09-26,1,android,6
S1000100,SES00591,2026-06-29T14:53:38Z,ISB,KHI,2026-08-11,1,mobile_web,18
S9666952,SES02143,2026-06-29T15:31:45Z,LHR,ISB,2026-07-17,2,desktop,38
S1006055,SES02382,2026-06-29T15:41:10Z,KHI,DXB,2026-09-17,1,desktop,47
S1005520,SES03382,2026-06-29T15:42:44Z,KHI,LHE,2026-07-11,1,mobile_web,28
S1006003,SES00118,2026-06-29T16:07:07Z,LHR,ISB,2026-07-19,3,mobile_web,43
S1002541,SES01501,2026-06-29T16:11:56Z,SHJ,KHI,2026-08-09,3,mobile_web,18
S1002125,SES02213,2026-06-29T16:54:51Z,LHE,ISB,2026-08-02,1,mobile_web,7
S1000693,SES03156,2026-06-29T16:58:10Z,LHE,JED,2026-10-14,1,android,31
S1004674,SES01908,2026-06-29T17:07:35Z,KHI,SHJ,2026-10-27,1,android,23
S1000152,SES02964,2026-06-29T17:10:06Z,ISB,LHE,2026-09-06,4,ios,44
S1000549,SES03103,2026-06-29T17:10:41Z,LHE,DXB,2026-07-07,4,desktop,4
S1000144,SES02549,2026-06-29T17:31:49Z,KHI,ISB,2026-08-23,1,desktop,43
S9423761,SES02098,2026-06-29T17:36:32Z,ISB,LHE,2026-07-19,1,desktop,27
S1006440,SES00313,2026-06-29T17:42:22Z,KHI,ISB,2026-09-25,3,android,19
S1000740,SES02244,2026-06-29T18:02:05Z,PEW,DXB,2026-07-26,1,mobile_web,46
S1003859,SES01755,2026-06-29T18:02:18Z,LHE,ISB,2026-07-02,3,desktop,17
S1002351,SES02505,2026-06-29T18:24:43Z,SHJ,LHE,2026-08-03,4,android,25
S1002568,SES03018,2026-06-29T18:48:44Z,DXB,ISB,2026-09-21,1,desktop,46
S1003609,SES03124,2026-06-29T19:14:12Z,ISB,SHJ,2026-08-17,1,desktop,39
S1004041,SES01920,2026-06-29T19:44:40Z,KHI,ISB,2026-09-21,1,desktop,22
S1000908,SES01037,2026-06-29T19:53:51Z,ISB,PEW,2026-09-01,1,android,15
S1004703,SES02890,2026-06-29T20:31:02Z,KHI,SKT,2026-07-10,1,android,45
S1006856,SES01842,2026-06-29T20:35:35Z,KHI,MUX,2026-10-26,1,mobile_web,39
S1000465,SES01159,2026-06-29T20:52:12Z,ISB,PEW,2026-08-08,1,android,22
S1002420,SES01451,2026-06-29T20:58:46Z,DXB,ISB,2026-09-04,2,android,31
S1006577,SES02162,2026-06-29T21:02:20Z,LHE,DXB,2026-08-20,2,ios,17
S1006959,SES01933,2026-06-29T21:02:59Z,KHI,SHJ,2026-07-18,1,desktop,2
S1001208,SES01753,2026-06-29T21:24:25Z,KHI,DXB,2026-08-15,2,android,46
S1000583,SES00491,2026-06-29T21:37:06Z,KHI,SHJ,2026-08-12,1,mobile_web,42
S1005842,SES02443,2026-06-29T22:05:02Z,KHI,LHE,2026-07-14,1,bot,9
S1007652,SES00778,2026-06-29T22:33:49Z,KHI,DXB,2026-08-28,2,android,17
S1001333,SES00548,2026-06-29T22:41:53Z,ISB,DXB,2026-07-25,1,android,21
S1001638,SES01211,2026-06-29T22:42:30Z,KHI,LHE,2026-09-28,1,mobile_web,7
S1005029,SES02515,2026-06-29T22:44:11Z,KHI,UET,2026-07-21,1,android,19
S1007478,SES03008,2026-06-29T22:46:11Z,ISB,KHI,2026-10-01,1,ios,32
S1001341,SES00810,2026-06-29T22:54:00Z,KHI,LHE,2026-07-10,1,android,31
S1007451,SES03391,2026-06-29T22:59:58Z,ISB,DXB,2026-10-25,3,android,23
S1000578,SES01496,2026-06-29T23:00:56Z,SHJ,KHI,2026-07-24,4,android,29
S1006465,SES00975,2026-06-29T23:43:10Z,KHI,ISB,2026-07-17,1,ios,27
S1000941,SES03336,2026-06-29T23:43:52Z,LHE,DXB,2026-10-03,1,bot,40
S1005084,SES01611,2026-06-30T00:03:13Z,KHI,SHJ,2026-07-07,1,android,16
S1004282,SES00832,2026-06-30T00:08:18Z,SHJ,LHE,2026-09-21,2,bot,3
S1002507,SES02556,2026-06-30T00:20:23Z,SHJ,LHE,2026-07-13,3,android,20
S1006722,SES02010,2026-06-30T00:29:03Z,KHI,LHE,2026-07-17,4,android,21
S1001612,SES02913,2026-06-30T00:38:43Z,ISB,LHE,2026-10-04,1,desktop,17
S1003041,SES00684,2026-06-30T00:40:24Z,LHE,ISB,2026-10-04,1,android,7
S1000396,SES01035,2026-06-30T01:01:26Z,ISB,PEW,2026-10-26,1,ios,2
S1004835,SES01348,2026-06-30T01:05:50Z,ISB,PEW,2026-09-25,1,mobile_web,37
S1007439,SES00198,2026-06-30T02:08:36Z,LHE,DXB,2026-07-24,1,android,42
S1003175,SES00695,2026-06-30T02:12:28Z,KHI,LHE,2026-07-21,4,desktop,22
S1001310,SES03253,2026-06-30T02:36:30Z,KHI,MUX,2026-08-26,2,mobile_web,21
S1005871,SES00829,2026-06-30T02:54:55Z,ISB,KHI,2026-09-12,1,android,30
S1004210,SES02012,2026-06-30T03:07:47Z,SHJ,KHI,2026-08-09,1,android,44
S1003826,SES00413,2026-06-30T03:14:26Z,ISB,PEW,2026-07-19,2,desktop,3
S1007990,SES03282,2026-06-30T03:14:45Z,KHI,SHJ,2026-09-17,1,desktop,27
S1003380,SES02288,2026-06-30T03:35:38Z,ISB,SHJ,2026-10-27,1,desktop,26
S1000660,SES02032,2026-06-30T03:53:51Z,LHE,KHI,2026-10-15,1,desktop,34
S1007715,SES01809,2026-06-30T04:13:02Z,KHI,ISB,2026-08-19,4,mobile_web,25
S1001811,SES01935,2026-06-30T04:13:28Z,KHI,MUX,2026-08-08,2,desktop,1
S1006766,SES01664,2026-06-30T04:18:27Z,ISB,SHJ,2026-07-05,2,desktop,7
S1000647,SES02429,2026-06-30T04:23:20Z,LHR,ISB,2026-08-29,4,ios,28
S1002405,SES01512,2026-06-30T04:36:08Z,ISB,SHJ,2026-08-18,3,desktop,8
S1007400,SES01984,2026-06-30T04:37:42Z,ISB,KHI,2026-09-21,1,android,27
S1000532,SES03270,2026-06-30T04:55:27Z,LHE,DXB,2026-10-26,4,android,15
S1004774,SES02318,2026-06-30T05:28:33Z,ISB,KHI,2026-08-24,1,android,29
S1004565,SES03150,2026-06-30T05:30:07Z,LHE,DXB,2026-09-20,1,android,29
S1005956,SES01091,2026-06-30T05:37:01Z,KHI,ISB,2026-09-28,2,mobile_web,44
S1005262,SES00108,2026-06-30T05:38:32Z,DXB,KHI,2026-07-14,2,desktop,30
S1000623,SES01917,2026-06-30T05:50:00Z,ISB,LHE,2026-08-01,2,desktop,41
S1003048,SES02108,2026-06-30T06:26:46Z,LHE,DXB,2026-07-21,1,android,4
S1001831,SES01771,2026-06-30T07:02:38Z,ISB,SHJ,2026-10-13,4,bot,46
S1006941,SES00753,2026-06-30T07:30:28Z,KHI,LHE,2026-08-18,3,ios,48
S1005487,SES00828,2026-06-30T07:30:29Z,LHE,ISB,2026-10-07,1,mobile_web,1
S1002884,SES00321,2026-06-30T07:38:26Z,ISB,SHJ,2026-08-26,1,bot,15
S1003363,SES01470,2026-06-30T07:45:04Z,LHE,SHJ,2026-08-14,4,android,8
S1007487,SES00125,2026-06-30T07:47:38Z,KHI,DXB,2026-08-15,3,desktop,21
S1001951,SES02734,2026-06-30T08:23:57Z,KHI,UET,2026-09-06,2,ios,16
S1000954,SES00853,2026-06-30T08:29:48Z,ISB,DXB,2026-08-21,1,android,43
S1003037,SES00682,2026-06-30T08:36:20Z,KHI,LHE,2026-07-20,4,android,2
S1007706,SES02761,2026-06-30T08:40:06Z,LHE,SHJ,2026-08-02,1,ios,30
S1002942,SES02806,2026-06-30T08:53:31Z,ISB,KHI,2026-08-11,2,desktop,21
S1002684,SES01476,2026-06-30T09:09:32Z,LHE,KHI,2026-09-24,1,android,23
S1000594,SES03340,2026-06-30T09:24:55Z,ISB,LHE,2026-08-29,1,ios,31
S1004040,SES02787,2026-06-30T09:30:17Z,LHE,SHJ,2026-09-09,4,desktop,0
S1001326,SES01624,2026-06-30T09:35:23Z,LHE,ISB,2026-08-26,1,android,44
S1004467,SES01068,2026-06-30T09:43:49Z,KHI,DXB,2026-09-24,1,mobile_web,24
S1000475,SES01465,2026-06-30T09:47:36Z,KHI,ISB,2026-09-07,1,desktop,18
S1003689,SES00298,2026-06-30T09:49:39Z,DXB,LHE,2026-09-09,1,desktop,46
S1005381,SES01001,2026-06-30T09:50:06Z,DXB,KHI,2026-09-11,3,android,4
S1007698,SES02055,2026-06-30T10:22:44Z,LHE,JED,2026-07-20,1,android,47
S1005455,SES01555,2026-06-30T10:31:03Z,KHI,SHJ,2026-10-28,1,android,15
S1000443,SES01857,2026-06-30T10:32:35Z,ISB,KHI,2026-09-08,1,desktop,6
S1003325,SES01661,2026-06-30T10:51:07Z,PEW,DXB,2026-07-16,1,ios,15
S1004220,SES02501,2026-06-30T10:53:31Z,KHI,LHE,2026-09-05,1,android,24
S1000112,SES01877,2026-06-30T10:55:52Z,KHI,UET,2026-10-21,4,mobile_web,18
S1001260,SES01440,2026-06-30T10:57:47Z,KHI,JED,2026-07-01,1,android,23
S1001329,SES00873,2026-06-30T11:02:24Z,ISB,KHI,2026-10-17,1,android,20
S1000354,SES03263,2026-06-30T11:12:01Z,KHI,SKT,2026-07-26,1,desktop,36
S1003744,SES00325,2026-06-30T11:15:30Z,KHI,ISB,2026-10-11,1,android,2
S1005964,SES01428,2026-06-30T11:31:37Z,LHE,KHI,2026-09-21,3,android,34
S1005901,SES01378,2026-06-30T11:37:11Z,ISB,SHJ,2026-07-29,1,android,40
S1003417,SES01304,2026-06-30T11:45:51Z,KHI,JED,2026-07-28,1,mobile_web,8
S1005057,SES02511,2026-06-30T12:01:05Z,LHE,ISB,2026-10-19,1,mobile_web,20
S9561966,SES00486,2026-06-30T12:02:20Z,KHI,ISB,2026-10-24,1,desktop,25
S1007674,SES01487,2026-06-30T12:13:23Z,KHI,DXB,2026-07-03,1,mobile_web,24
S1005974,SES02053,2026-06-30T12:45:37Z,DXB,KHI,2026-08-21,1,ios,36
S1002626,SES02419,2026-06-30T12:46:46Z,ISB,SHJ,2026-10-12,1,ios,1
S1007419,SES00431,2026-06-30T13:11:19Z,LHE,KHI,2026-08-06,1,bot,7
S1001133,SES02726,2026-06-30T13:27:58Z,KHI,UET,2026-08-30,1,mobile_web,28
S1005553,SES01941,2026-06-30T13:52:13Z,KHI,LHE,2026-09-09,2,android,15
S1003937,SES02530,2026-06-30T13:53:54Z,KHI,LHE,2026-07-02,1,desktop,43
S1000444,SES00836,2026-06-30T14:05:44Z,LHE,DXB,2026-07-31,1,desktop,10
S1000399,SES01371,2026-06-30T14:16:37Z,KHI,LHE,2026-08-04,2,android,22
S1000148,SES00138,2026-06-30T14:20:03Z,ISB,PEW,2026-09-04,1,ios,15
S1006822,SES01344,2026-06-30T14:28:57Z,KHI,DXB,2026-09-13,1,mobile_web,35
S1007999,SES02869,2026-06-30T14:45:58Z,KHI,DXB,2026-08-04,1,mobile_web,7
S1002818,SES03352,2026-06-30T14:52:08Z,KHI,DXB,2026-07-10,1,ios,7
S9186255,SES01348,2026-06-30T15:01:24Z,DXB,ISB,2026-07-10,6,desktop,25
S1005031,SES00375,2026-06-30T15:01:34Z,KHI,PEW,2026-08-24,2,desktop,4
S1000748,SES02162,2026-06-30T15:04:22Z,ISB,KHI,2026-10-26,1,android,2
S1007558,SES01030,2026-06-30T15:10:49Z,DXB,ISB,2026-07-14,4,mobile_web,44
S1007578,SES00563,2026-06-30T15:19:27Z,KHI,LHE,2026-09-06,3,ios,47
S1000464,SES02779,2026-06-30T15:22:17Z,ISB,DXB,2026-09-20,3,mobile_web,15
S1007280,SES02386,2026-06-30T15:38:41Z,ISB,LHE,2026-08-10,1,mobile_web,39
S1001808,SES00837,2026-06-30T15:39:56Z,SHJ,LHE,2026-08-12,4,android,35
S1003128,SES01231,2026-06-30T15:45:29Z,KHI,SHJ,2026-07-31,3,android,46
S1005166,SES02680,2026-06-30T15:49:08Z,DXB,KHI,2026-08-05,2,ios,40
S1007906,SES00040,2026-06-30T15:56:20Z,KHI,DXB,2026-09-25,1,desktop,6
S1001502,SES00340,2026-06-30T16:17:05Z,DXB,LHE,2026-07-11,1,mobile_web,13
S1007528,SES03383,2026-06-30T16:28:36Z,KHI,SHJ,2026-09-25,1,android,44
S1001742,SES01750,2026-06-30T16:29:58Z,SHJ,KHI,2026-09-28,1,ios,2
S1004894,SES01564,2026-06-30T16:51:56Z,KHI,SKT,2026-09-26,4,android,12
S1001423,SES00849,2026-06-30T17:03:52Z,KHI,ISB,2026-07-31,3,desktop,1
S1006614,SES03091,2026-06-30T17:34:28Z,LHE,KHI,2026-09-18,1,android,20
S1002264,SES01406,2026-06-30T17:46:15Z,PEW,SHJ,2026-08-26,2,ios,15
S1000926,SES02093,2026-06-30T17:56:53Z,KHI,SHJ,2026-09-29,3,android,38
S1000452,SES01660,2026-06-30T18:21:45Z,KHI,SKT,2026-07-30,1,ios,6
S1000947,SES02617,2026-06-30T18:23:43Z,PEW,SHJ,2026-10-07,1,ios,18
S1000478,SES01412,2026-06-30T18:33:07Z,ISB,PEW,2026-08-16,2,android,43
S1000968,SES02172,2026-06-30T18:39:19Z,ISB,KHI,2026-10-09,1,android,37
S1006513,SES01074,2026-06-30T18:42:42Z,ISB,SHJ,2026-08-17,3,bot,45
S1003370,SES02452,2026-06-30T18:59:20Z,KHI,LHE,2026-09-07,2,desktop,20
S1002431,SES02090,2026-06-30T19:10:28Z,KHI,ISB,2026-10-28,1,mobile_web,29
S1002117,SES02602,2026-06-30T19:33:27Z,KHI,LHE,2026-08-26,2,android,45
S1005795,SES03082,2026-06-30T19:46:31Z,LHE,SHJ,2026-08-16,1,android,48
S1005150,SES00368,2026-06-30T19:51:25Z,KHI,LHE,2026-10-01,2,android,8
S1001949,SES00020,2026-06-30T19:54:10Z,KHI,LHE,2026-08-04,2,ios,46
S1006120,SES02945,2026-06-30T20:01:27Z,KHI,ISB,2026-09-22,2,android,30
S1006777,SES03327,2026-06-30T20:15:04Z,LHE,KHI,2026-08-12,4,android,2
S1001373,SES02935,2026-06-30T20:18:55Z,KHI,UET,2026-07-28,1,mobile_web,47
S1005083,SES02996,2026-06-30T20:28:44Z,DXB,LHE,2026-07-30,4,android,0
S1005441,SES01121,2026-06-30T20:33:30Z,PEW,SHJ,2026-07-20,1,desktop,39
S9326493,SES02938,2026-06-30T20:37:19Z,LHE,SHJ,2026-07-17,4,desktop,11
S1001979,SES01442,2026-06-30T20:41:36Z,ISB,KHI,2026-08-17,1,android,42
S1006653,SES01528,2026-06-30T20:51:21Z,KHI,PEW,2026-10-26,4,desktop,43
S1000151,SES01805,2026-06-30T20:55:06Z,LHE,SHJ,2026-07-23,3,android,48
S1002989,SES03076,2026-06-30T21:13:19Z,ISB,PEW,2026-08-11,1,ios,21
S1002875,SES03314,2026-06-30T21:28:04Z,KHI,LHE,2026-10-06,1,desktop,5
S1003678,SES02246,2026-06-30T21:42:51Z,ISB,KHI,2026-08-15,2,bot,37
S1005188,SES01724,2026-06-30T21:50:34Z,KHI,MUX,2026-08-01,4,desktop,45
S1001486,SES01423,2026-06-30T21:51:56Z,KHI,SKT,2026-09-06,2,mobile_web,29
S1001553,SES00276,2026-06-30T21:57:39Z,LHE,DXB,2026-10-17,1,desktop,44
S1003839,SES00224,2026-06-30T21:58:17Z,LHE,JED,2026-07-10,3,android,41
S1003132,SES00452,2026-06-30T22:24:16Z,PEW,DXB,2026-08-15,2,android,40
S1001803,SES00847,2026-06-30T22:42:01Z,PEW,SHJ,2026-08-30,1,ios,40
S1006571,SES02899,2026-06-30T22:52:41Z,LHE,JED,2026-10-26,1,desktop,39
S1002387,SES00544,2026-06-30T23:02:03Z,KHI,SHJ,2026-10-03,1,android,2
S1002257,SES02222,2026-06-30T23:02:35Z,KHI,DXB,2026-10-15,4,android,14
S1005991,SES00251,2026-06-30T23:37:53Z,KHI,ISB,2026-09-04,4,android,45
S1002005,SES01297,2026-06-30T23:39:26Z,KHI,SHJ,2026-09-07,2,desktop,24
